class_index,class_name,description_1,description_2,description_3,description_4,description_5,description_6,source,source_note
0,tench,An olive-green freshwater fish with a thick rounded body and very small embedded scales.,This bottom-feeding fish has reddish-orange fins and a short tail set behind a deep body.,A pair of tiny barbels hangs at the corners of its mouth as it searches muddy lake beds.,Its skin often appears slimy and ranges from dark green across the back to bronze underneath.,It favors slow rivers and weed-filled ponds where it can tolerate low-oxygen water.,"The compact fish has a blunt head, small eyes, and a slightly downturned mouth for foraging along sediment.",user_supplemented,Not provided by the authors; supplemented from the public prompt in paper Appendix E.2
1,goldfish,"A small, ornamental fish, known for its bright golden hue and delicate, flowing fins.",Frequently kept in aquariums due to its small size and striking orange or gold coloring.,"This species displays uniquely long, flowing fins compared to other small fish species.",The fish possess a distinctive forked tail and are typically more docile than other fish.,"Known for thriving in a variety of water conditions, from cold to warm environments.","It has a small, round body with large, expressive eyes and a gentle disposition.",author_provided,Provided by the authors
2,great white shark,"A large apex predator with a powerful, muscular body and striking white underbelly.","Notable for its large triangular teeth, used for catching large marine animals.","This species is distinguished by its broad, conical snout and streamlined form.","Great whites are known for their size, often reaching over 20 feet in length.",They possess excellent vision and can detect electrical fields of prey in the water.,"Commonly found in coastal waters with abundant marine life, marking its habitat.",author_provided,Provided by the authors
3,tiger shark,"A large ocean predator marked by dark vertical bars along its flanks, especially when young.",Its broad blunt snout and heavily serrated teeth suit a diet that includes turtles and large fish.,"This powerful swimmer has a gray upper body, pale underside, and a tall triangular dorsal fin.","It often patrols warm coastal waters, estuaries, reefs, and river mouths close to shore.",Faint stripes resembling those of a big cat distinguish its robust body from other large marine predators.,A wide mouth and thick muscular torso give this solitary hunter a formidable appearance.,user_supplemented,Not provided by the authors; supplemented from the public prompt in paper Appendix E.2
4,hammerhead shark,A predatory fish whose flattened head extends sideways into a broad T-shaped structure.,"Its eyes sit at the far ends of an unusually wide head, providing an expansive field of view.",A tall sickle-shaped dorsal fin rises above a streamlined gray body with a pale belly.,The broad head sweeps over the seafloor to detect electrical signals from hidden prey.,This coastal hunter has a notched central snout and widely separated sensory organs.,Schools of these unmistakable marine predators may gather around tropical reefs and offshore islands.,user_supplemented,Not provided by the authors; supplemented from the public prompt in paper Appendix E.2
5,electric ray,A flattened marine fish with a rounded disc-shaped body and a thick tail bearing two small dorsal fins.,Dark mottled skin camouflages this bottom dweller while paired kidney-shaped organs can stun prey.,Its eyes and breathing openings sit on top of the body while the mouth lies underneath.,Broad pectoral fins merge smoothly with the head to form an almost circular outline.,This slow-moving seabed hunter can deliver a strong electrical discharge when disturbed.,A short stout tail and smooth scaleless surface distinguish it from long-tailed relatives.,user_supplemented,Not provided by the authors; supplemented from the public prompt in paper Appendix E.2
6,stingray,A flat diamond-shaped marine animal propelled by broad winglike pectoral fins.,Its eyes sit on the upper surface while gill slits and mouth are located underneath.,A long whip-like tail often carries one or more venomous barbs used in defense.,This bottom dweller hides beneath sand with only raised eyes and breathing openings visible.,Graceful undulations of its broad disc let it glide just above shallow coastal seabeds.,The pale underside contrasts with a darker mottled back that blends into sand or mud.,user_supplemented,Not provided by the authors; supplemented from the public prompt in paper Appendix E.2
7,rooster,"This bird is known for its distinctive crowing sound, especially at dawn.","It has brightly colored feathers, with a comb on top of its head and wattles hanging below its beak.",This animal is a symbol of courage and is often seen as a farmyard companion.,It is commonly associated with farms and is responsible for waking the rest of the flock.,Its crowing can be heard from a long distance and serves as a territorial call.,It typically takes care of guarding the flock and may display aggressive behavior when threatened.,author_provided,Provided by the authors
8,hen,"A female barnyard fowl with a rounded body, short comb, and subdued brown or white plumage.",This ground-feeding bird scratches soil with sturdy feet while searching for seeds and insects.,It has a small red comb and wattles but lacks the long curved tail feathers of the adult male.,A broad feathered body and short wings surround a bird commonly seen nesting on straw.,It gathers chicks beneath its wings and communicates with soft clucks rather than a dawn crow.,"Its compact form, blunt beak, and scaly legs are typical of a domesticated egg-laying bird.",user_supplemented,Not provided by the authors; supplemented from the public prompt in paper Appendix E.2
9,ostrich,The world's tallest living bird has an exceptionally long bare neck and powerful two-toed legs.,A flightless runner with a bulky black-and-white feathered body can sprint across open African plains.,Its small head and large eyes perch atop a neck that rises far above the torso.,Long muscular legs end in only two toes and can deliver a forceful defensive kick.,"The male displays mostly black plumage with white wing and tail plumes, while females are gray-brown.",Huge pale eggs and sparse open savanna surroundings often accompany this towering bird.,user_supplemented,Not provided by the authors; supplemented from the public prompt in paper Appendix E.2
10,brambling,"A small finch with an orange-buff breast, white belly, and dark head in breeding plumage.",Black wings carry bright orange shoulder patches and pale bars that flash during flight.,This compact northern songbird has a short conical seed-cracking bill and a slightly forked tail.,"Winter flocks forage beneath beech trees, their mottled brown backs blending with fallen leaves.",The breeding male shows a glossy dark head contrasting sharply with a warm rusty chest.,It travels in dense migratory flocks and often feeds on seeds scattered across woodland floors.,user_supplemented,Not provided by the authors; supplemented from the public prompt in paper Appendix E.2
11,goldfinch,A tiny finch with vivid yellow wing patches and a red face bordered by black and white.,Its slender pointed bill extracts seeds from thistles while black wings display a broad golden band.,"The bright adult has a warm buff back, white underside, and sharply patterned head.",Undulating flight reveals flashes of yellow across otherwise dark wings and a black tail.,This sociable songbird often perches on teasels and other seed heads in open countryside.,Juveniles lack the colorful facial mask but retain the unmistakable golden stripe on each wing.,user_supplemented,Not provided by the authors; supplemented from the public prompt in paper Appendix E.2
12,house finch,"A small brown streaked finch with a rosy-red forehead, throat, and upper chest in adult males.",Its short conical bill and notched tail are suited to cracking seeds at backyard feeders.,"Females show dense brown streaking without red, while males carry raspberry coloring around the face.","This sociable songbird often perches near homes, shrubs, and hanging seed feeders.",The compact bird has blurry streaks down its flanks and relatively short wings.,"A cheerful warbling bird gathers in loose flocks across towns, farms, and dry open woodland.",user_supplemented,Not provided by the authors; supplemented from the public prompt in paper Appendix E.2
13,junco,"A small sparrow-like bird with a dark gray hood, pale belly, and pinkish bill.",Its outer tail feathers flash white when it hops or takes low fluttering flights from the ground.,"The rounded seed-eater forages beneath shrubs, showing a brown back above an unmarked gray chest.","A crisp hood contrasts with a white abdomen in adult males, while females appear browner overall.",This winter visitor often gathers on snowy ground beneath feeders and scratches through leaf litter.,Its neat compact shape includes a short conical beak and a long dark tail edged in white.,user_supplemented,Not provided by the authors; supplemented from the public prompt in paper Appendix E.2
14,indigo bunting,A tiny songbird whose breeding male is almost entirely brilliant blue with darker wings.,The female is warm brown with subtle blue tinges on the shoulders and tail.,A short thick conical bill identifies this seed-eating visitor to brushy fields and woodland edges.,Sunlight makes the male's feathers glow turquoise even though the plumage contains no blue pigment.,It often sings from exposed wires or shrub tops above dense weedy cover.,"The compact bird has a rounded head, short neck, and small dark eye set within vivid plumage.",user_supplemented,Not provided by the authors; supplemented from the public prompt in paper Appendix E.2
15,American robin,"A familiar thrush with a brick-red breast, dark gray back, and yellow bill.",This upright lawn forager pauses with its head tilted before pulling earthworms from the soil.,"A broken white ring surrounds the eye, and the throat carries fine dark streaks.",Its rounded body and long legs are commonly seen hopping across gardens and grassy parks.,"The juvenile has a spotted chest, while adults show a broad warm-orange underside.",It builds a cup-shaped mud-lined nest and often perches in trees to deliver a flute-like song.,user_supplemented,Not provided by the authors; supplemented from the public prompt in paper Appendix E.2
16,bulbul,"A medium-sized songbird with a short neck, slender dark bill, and a noticeable crest on its head.",Many species show a dark face or head contrasting with white cheeks and a pale underside.,"This lively fruit-eater perches upright in tropical and subtropical gardens, woodland, and scrub.",Its long tail and soft gray-brown plumage accompany an energetic hopping style among branches.,Some varieties display a bright red patch beneath the tail or beside the cheek.,"A pointed crown, alert posture, and melodious chattering calls distinguish this sociable bird.",user_supplemented,Not provided by the authors; supplemented from the public prompt in paper Appendix E.2
17,jay,A crested woodland bird with bright blue wings patterned by bold black-and-white bars.,"Its pale face bears a dark moustache stripe, while a pinkish-brown body leads to a black tail.",The rounded wings reveal a vivid blue panel crossed by fine black lines during flight.,This noisy acorn-caching bird often hops heavily through oak branches and forest floors.,A short stout black bill and raised streaked crest give it an alert expressive appearance.,A flash of white rump follows this colorful member of the crow family as it flies between trees.,user_supplemented,Not provided by the authors; supplemented from the public prompt in paper Appendix E.2
18,magpie,A bold black-and-white member of the crow family with an extremely long iridescent tail.,"Its dark head, chest, and back shimmer blue-green against white shoulder and belly patches.",The large straight bill and long graduated tail create a distinctive silhouette in fields and towns.,It walks confidently on lawns and often gathers shiny objects or scavenges visible food.,Broad rounded wings display bright white panels when the bird takes flight.,This intelligent noisy bird builds a domed twig nest high in trees and shrubs.,user_supplemented,Not provided by the authors; supplemented from the public prompt in paper Appendix E.2
19,chickadee,A tiny round songbird with a black cap and bib framing large white cheeks.,Its gray back and pale buff sides accompany a short bill suited to picking seeds and insects.,This acrobatic feeder clings upside down to twigs and visits hanging seed stations in winter.,"A compact body, short neck, and crisp facial pattern make it recognizable in northern woodland.","Its wings and tail are slate gray with narrow pale edging, contrasting with a whitish chest.",The active bird moves in chattering flocks and may carry individual seeds away to eat.,user_supplemented,Not provided by the authors; supplemented from the public prompt in paper Appendix E.2
20,American dipper,A stocky dark bird that repeatedly bobs beside fast-flowing mountain streams.,It has a bright white eyelid that flashes during blinks against otherwise sooty plumage.,Short wings and strong feet let this songbird walk underwater while searching for aquatic insects.,The compact body has a short upright tail and a dark slate head shading into brown below.,It perches on rocks amid rushing water before plunging beneath the surface to forage.,"Unlike most songbirds, it swims through turbulent currents and nests close to waterfalls.",user_supplemented,Not provided by the authors; supplemented from the public prompt in paper Appendix E.2
21,kite (bird of prey),A slender raptor with long pointed wings and a deeply forked tail held like a rudder.,It circles effortlessly over open country while scanning below for small prey and carrion.,The narrow angled wings and buoyant gliding flight create a graceful silhouette high overhead.,"Its hooked bill, sharp talons, and keen forward-facing gaze identify it as an aerial hunter.","Some forms show a rusty body and pale head, with contrasting dark flight feathers.",The forked tail twists continuously as this medium-sized hunter rides warm rising air.,user_supplemented,Not provided by the authors; supplemented from the public prompt in paper Appendix E.2
22,bald eagle,A massive dark-bodied raptor with a snow-white head and matching white tail in adulthood.,Its large hooked yellow bill and powerful yellow talons are adapted for seizing fish.,"Broad plank-like wings remain nearly level as it soars over lakes, rivers, and coastlines.",Juveniles are mottled brown throughout and develop the contrasting pale head only after several years.,This imposing bird often perches high near water or carries a fish lengthwise in its claws.,"A heavy brown body, fierce pale eyes, and clean white crown form an iconic profile.",user_supplemented,Not provided by the authors; supplemented from the public prompt in paper Appendix E.2
23,vulture,"A large scavenging bird with broad wings, a bald head, and a strong hooked beak.",It circles for long periods on thermal currents while searching the ground for animal carcasses.,The featherless head and neck reduce fouling when the bird feeds inside remains.,Long finger-like primary feathers spread at each wingtip during soaring flight.,"Its hunched posture, heavy body, and neck ruff are commonly seen around cliffs or open plains.",Powerful vision and an enormous wingspan help this dark-plumaged cleaner locate food from afar.,user_supplemented,Not provided by the authors; supplemented from the public prompt in paper Appendix E.2
24,great grey owl,"A large nocturnal bird with a round facial disc, yellow eyes, and finely barred gray plumage.",Its oversized head lacks obvious ear tufts and sits above a thick body with a long tail.,Concentric gray and brown feather patterns camouflage it perfectly against mature tree bark.,This northern forest hunter glides silently between conifers on broad rounded wings.,A pale bow-tie patch beneath the bill interrupts the dark rings surrounding its intense eyes.,It waits on low perches near snowy clearings before diving feet-first onto small mammals.,user_supplemented,Not provided by the authors; supplemented from the public prompt in paper Appendix E.2
25,fire salamander,A glossy black amphibian marked with irregular bright yellow or orange patches along its body.,"Its stout form has a broad head, short legs, and a long rounded tail rather than fins.",Warning colors stand out on moist skin as it walks slowly across leaf litter after rain.,Poison glands behind the eyes and along the back deter predators in European forests.,Each individual carries a unique pattern of vivid spots or stripes across a dark body.,It hides beneath logs in cool woodland and emerges at night in damp weather.,user_supplemented,Not provided by the authors; supplemented from the public prompt in paper Appendix E.2
26,smooth newt,"A small brown amphibian with smooth skin, a low dorsal crest, and an orange belly dotted with black.",The breeding male develops a gently wavy ridge along the back and a broader paddle-like tail.,Its olive-brown upper surface bears scattered dark spots that camouflage it in shallow ponds.,A pale throat and bright underside contrast with the slender body and tiny delicate limbs.,"Outside breeding season it lives secretly under logs, stones, and vegetation near water.",This modest European pond dweller is smaller and less heavily crested than related aquatic amphibians.,user_supplemented,Not provided by the authors; supplemented from the public prompt in paper Appendix E.2
27,newt,"A small tailed amphibian with four short legs, moist skin, and a laterally flattened swimming tail.",It alternates between an aquatic breeding phase and a secretive terrestrial life beneath logs.,The elongated body resembles a tiny lizard but has soft scaleless skin and delicate toes.,During spring the male may develop a decorative crest and brighter colors in freshwater ponds.,It swims by waving its tail from side to side and rises periodically to breathe at the surface.,Adults return to still water to wrap individual eggs inside folded aquatic leaves.,user_supplemented,Not provided by the authors; supplemented from the public prompt in paper Appendix E.2
28,spotted salamander,A dark woodland amphibian covered with numerous round yellow spots from head to tail.,"Its robust body has smooth moist skin, a broad snout, and a thick cylindrical tail.",Two irregular rows of bright dots warn predators of defensive secretions from its skin.,It spends daylight beneath logs and emerges on rainy nights in eastern North American forests.,The animal migrates to temporary fish-free pools to lay gelatinous clusters of eggs.,"Unlike a lizard, this creature has no scales or claws and moves with a slow side-to-side gait.",user_supplemented,Not provided by the authors; supplemented from the public prompt in paper Appendix E.2
29,axolotl,An aquatic amphibian with feathery external gills fanning from both sides of a broad head.,"Its permanently larval form has tiny lidless eyes, a wide smiling mouth, and four delicate legs.","A finned tail runs from behind the head to the tip, propelling the animal through still water.","Wild individuals are mottled dark brown, while captive forms are often pale pink with red gills.",This unusual Mexican lake dweller retains its juvenile features throughout adult life.,Remarkable limb regeneration and a soft elongated body make this salamander instantly recognizable.,user_supplemented,Not provided by the authors; supplemented from the public prompt in paper Appendix E.2
30,American bullfrog,A very large olive-brown amphibian with a broad flat head and an oversized circular eardrum.,"The male has a yellow throat, while both sexes show powerful hind legs and partially webbed feet.",Its deep resonant call resembles the low bellow of cattle around ponds and marshes.,Dark blotches cover a smooth greenish back without the raised side folds seen in many relatives.,"This voracious freshwater predator waits at the water's edge for insects, fish, and small animals.",A huge mouth spans nearly the full width of its head above a pale mottled belly.,user_supplemented,Not provided by the authors; supplemented from the public prompt in paper Appendix E.2
31,tree frog,"This small, green amphibian has sticky pads on its feet that help it cling to tree branches and leaves.","A green vibrant species found in moist, wooded environments.",This creature's ability to camouflage itself in foliage makes it difficult to spot despite its brightly colored body.,"It is characterized by its long, webbed toes which help it move swiftly through vegetation and water.","Often seen perched on leaves or tree trunks, it is an agile jumper, using its strong legs to navigate its arboreal habitat.","A nocturnal animal, this amphibian uses its specialized skin to absorb moisture and stay hydrated in its humid surroundings.",author_provided,Provided by the authors
32,tailed frog,"A small mottled amphibian clings beneath rocks in cold, fast-flowing mountain streams.",Adult males bear a short conical cloacal extension used for internal fertilization in rushing water.,"Its flattened body, broad head, and strong toes help it resist powerful currents.",Reduced lungs and a reliance on skin respiration suit the cool oxygen-rich waterways it inhabits.,The brown or gray skin is finely granular and blends closely with wet stones and streamside debris.,A rounded snout and dark eye stripe distinguish this secretive inhabitant of northwestern forests.,user_supplemented,Not provided by the authors; supplemented from the public prompt in paper Appendix E.2
33,loggerhead sea turtle,A large marine reptile with a reddish-brown heart-shaped shell and an enormous blocky head.,Its powerful hooked jaws crush hard-shelled crabs and mollusks along subtropical coasts.,Five pairs of ribbed side plates surround a row of central plates on the broad shell.,"The front flippers are short and thick, each carrying two visible claws.",Adults have a pale yellow underside and swim thousands of kilometers between feeding and nesting grounds.,Females drag their heavy bodies onto sandy beaches at night to bury clutches of round eggs.,user_supplemented,Not provided by the authors; supplemented from the public prompt in paper Appendix E.2
34,leatherback sea turtle,The largest sea-going reptile has a dark teardrop-shaped back covered in leathery skin rather than hard plates.,"Seven prominent lengthwise ridges run along its flexible black shell, often speckled with white.",Exceptionally long front flippers propel this deep-diving jellyfish specialist across open oceans.,Its streamlined body tapers to a pointed rear while a pale spot marks the top of the head.,The rubbery ridged surface and lack of a bony external shell distinguish this ocean giant.,"Adult females haul onto tropical beaches, leaving broad flipper tracks in the sand at night.",user_supplemented,Not provided by the authors; supplemented from the public prompt in paper Appendix E.2
35,mud turtle,"A small freshwater reptile carries a smooth oval upper shell colored olive, brown, or nearly black.",Two hinges in the lower shell allow the front and rear lobes to close around the withdrawn limbs.,A blunt head and one or more fleshy barbels beneath the chin are visible above a short neck.,"It walks along soft bottoms of quiet ponds, marshes, and slow streams more often than it basks.",The high narrow shell is usually plain and may be coated with a thin layer of algae or sediment.,When disturbed this secretive bottom dweller can release a strong musky odor from scent glands.,user_supplemented,Not provided by the authors; supplemented from the public prompt in paper Appendix E.2
36,terrapin,A medium-sized aquatic reptile with concentric grooves and diamond-like rings on each shell plate.,"Its gray skin bears black spots and markings, while broad webbed feet suit tidal creeks.",The patterned upper shell ranges from gray to brown and contrasts with a pale lower surface.,"It inhabits brackish coastal marshes where it feeds on snails, crabs, and shellfish.","Females have broader heads and crushing jaws, while males carry longer tails.",The sculpted shell appears as though every plate contains several nested growth rings.,user_supplemented,Not provided by the authors; supplemented from the public prompt in paper Appendix E.2
37,box turtle,A terrestrial reptile with a high domed shell and a hinged underside that can close like a lid.,"Its dark shell bears variable yellow or orange spots, streaks, or radiating patterns.",A short sturdy body and elephant-like feet carry it slowly across woodland floors.,"When alarmed it withdraws its head and limbs completely, sealing the two shell openings.","The hooked upper jaw, bright eyes, and patterned skin emerge from beneath an arched carapace.",It favors damp forests and meadows but is often encountered crossing roads after rain.,user_supplemented,Not provided by the authors; supplemented from the public prompt in paper Appendix E.2
38,banded gecko,A small nocturnal desert lizard shows alternating pale and dark crossbands over its body and tail.,Large eyes with vertical pupils are protected by movable eyelids rather than a fixed transparent covering.,"Its slender toes lack broad adhesive pads, fitting a ground-dwelling life among rocks and loose soil.",Soft granular skin covers a compact body ending in a thick tail that stores fat.,Juveniles display especially crisp dark-and-cream rings that become broken blotches with age.,It shelters beneath stones or in burrows by day and emerges on warm nights to hunt insects.,user_supplemented,Not provided by the authors; supplemented from the public prompt in paper Appendix E.2
39,green iguana,A large arboreal lizard with a row of tall spines running from neck to tail.,Its green scaly body has a heavy dewlap below the throat and a long banded tail.,Powerful claws grip branches while a round cheek scale and blunt snout shape the head.,The herbivore often basks above tropical waterways and dives from trees when threatened.,"Adults may turn grayish or orange, but retain the unmistakable dorsal crest and hanging throat fan.",A prominent round scale beneath the eardrum distinguishes its robust reptilian face.,user_supplemented,Not provided by the authors; supplemented from the public prompt in paper Appendix E.2
40,Carolina anole,A slender tree-dwelling lizard able to shift from bright emerald to brown depending on mood and temperature.,The male displays a vivid pink or red throat fan during territorial encounters.,"Long toes with adhesive pads let this agile reptile cling to leaves, fences, and walls.",A pointed snout and long tapering tail accompany a pale stripe along the back in many females.,Its green body may show blue around the eye while the expandable throat membrane flashes below.,"Common in southeastern gardens, it basks on branches before darting rapidly after insects.",user_supplemented,Not provided by the authors; supplemented from the public prompt in paper Appendix E.2
41,desert grassland whiptail lizard,A long slender desert lizard with six or seven pale stripes running down a dark body.,Its exceptionally long blue-gray tail can exceed twice the length of the head and torso.,"This fast ground runner has a pointed snout, smooth granular scales, and no broad adhesive toe pads.",It races through arid grassland and sandy scrub while actively pursuing insects in full sun.,Pale lengthwise bands and fine spots break up the brown body against dry vegetation.,"The streamlined reptile rarely climbs high, relying instead on speed and a whip-like tail to escape.",user_supplemented,Not provided by the authors; supplemented from the public prompt in paper Appendix E.2
42,agama,"A robust Old World lizard with rough scales, a triangular head, and a long tapering tail.","Breeding males may develop vivid blue, red, orange, or yellow coloring across the head and body.",It basks upright on rocks and walls in hot open landscapes before sprinting after insects.,"Strong clawed limbs hold the body high above the ground, unlike a low-slung skink.",Females and juveniles are usually earth-toned with spots or bands that blend into stone.,The alert reptile often performs head bobs or push-up displays from an exposed perch.,user_supplemented,Not provided by the authors; supplemented from the public prompt in paper Appendix E.2
43,frilled-necked lizard,A large arboreal lizard with a dramatic circular neck membrane supported by long cartilage rods.,When alarmed it opens its mouth and spreads a brightly colored ruff around the head.,Its mottled brown-gray scales camouflage it against tree trunks in northern Australia and New Guinea.,Long hind legs allow it to run upright for short distances after dropping to the ground.,At rest the folded neck display lies inconspicuously against a slender body and long tail.,The expanded yellow-and-orange collar creates a disk much wider than the reptile's head.,user_supplemented,Not provided by the authors; supplemented from the public prompt in paper Appendix E.2
44,alligator lizard,"A long-bodied reptile with short legs, a thick tail, and strongly keeled scales arranged in rectangular bands.",Its elongated body and lateral skin fold can make it resemble a small serpent moving through leaf litter.,This ground-dwelling reptile often has brown mottling and a wedge-shaped head with powerful jaws.,Rows of reinforced scales create an armored appearance along its back and sides.,It is commonly seen basking near rocks or logs before retreating beneath vegetation.,"Unlike truly limbless reptiles, it has four small but clearly visible clawed limbs.",user_supplemented,Not provided by the authors; supplemented from the public prompt in paper Appendix E.2
45,Gila monster,A heavy-bodied desert reptile covered in beadlike black scales patterned with pink or orange patches.,Its broad blunt head and thick neck lead into a stout body with a short fat tail.,Bold bands and blotches of coral color stand out against a dark reticulated hide.,This slow-moving venomous reptile spends much of its time in rocky burrows of the American Southwest.,The skin has a distinctive pebbled texture rather than smooth overlapping scales.,A massive jawline and swollen-looking tail give this vividly patterned reptile a stocky silhouette.,user_supplemented,Not provided by the authors; supplemented from the public prompt in paper Appendix E.2
46,European green lizard,A vivid emerald reptile with a slender body and an unusually long tapering tail.,Adult males may show a bright blue throat beneath a sharply pointed green head.,Fine dark speckles often cover its green flanks while a pale belly runs underneath.,This agile reptile is frequently photographed basking among grasses and low shrubs.,Long toes tipped with claws help it scramble quickly over stones and vegetation.,Its streamlined shape and intense grassy coloration provide camouflage in sunny European habitats.,user_supplemented,Not provided by the authors; supplemented from the public prompt in paper Appendix E.2
47,chameleon,A tree-dwelling reptile has independently moving turret-shaped eyes and grasping feet split into opposing bundles of toes.,Its long tongue can shoot outward to seize insects from a distance.,A curled prehensile tail acts like a fifth limb while it moves slowly along branches.,The skin may shift among green brown yellow and patterned tones in response to surroundings or social signals.,Many individuals have a helmetlike crest or small horns above a laterally flattened body.,Its rocking gait and remarkable eyes make this branch-clinging insect hunter immediately recognizable.,user_supplemented,Not provided by the authors; supplemented from the public prompt in paper Appendix E.2
48,Komodo dragon,A gigantic monitor reptile with a muscular body rough gray-brown scales and a long powerful tail.,Its broad head contains serrated teeth while a deeply forked yellow tongue repeatedly samples the air.,Massive bowed legs support the world's largest living terrestrial lizard.,Adults patrol dry savannas and island woodlands with a low heavy gait.,Pale scales and darker mottling form an irregular armored pattern over its thick hide.,This formidable predator can dwarf a person from snout to tail and often rests on dusty ground.,user_supplemented,Not provided by the authors; supplemented from the public prompt in paper Appendix E.2
49,Nile crocodile,A large olive-brown aquatic reptile with a long narrow V-shaped snout lined by exposed conical teeth.,Its armored back carries prominent bony plates while a tall laterally flattened tail propels it through water.,Dark crossbands are especially visible on younger individuals along the back and tail.,The fourth lower tooth remains visible when the jaws are closed giving the mouth a toothy profile.,It commonly lies at muddy river edges with only raised eyes and nostrils above the surface.,A comparatively slender muzzle distinguishes this African river predator from broad-snouted relatives.,user_supplemented,Not provided by the authors; supplemented from the public prompt in paper Appendix E.2
50,American alligator,A massive dark reptile has a broad rounded U-shaped snout and heavily armored back.,Only its eyes nostrils and ridged brow may show while the rest of its body floats submerged in a swamp.,Its lower teeth are mostly hidden when the powerful jaws close.,A thick muscular tail and short splayed legs create a low formidable silhouette on land.,Adults are nearly black whereas juveniles bear bright yellow bands across body and tail.,This freshwater predator is strongly associated with marshes bayous and slow waterways of the southeastern United States.,user_supplemented,Not provided by the authors; supplemented from the public prompt in paper Appendix E.2
51,triceratops,A huge four-legged dinosaur carries three facial horns and a broad bony frill behind its skull.,Two long brow horns project above the eyes while a shorter horn rises from the nose.,Its parrotlike beak and massive low-slung body indicate a plant-eating prehistoric animal.,A scalloped shield of bone frames the back of its enormous head.,The creature is commonly reconstructed with elephantine legs a thick tail and pebbly skin.,Its unmistakable three-horned skull is often shown confronting large predatory dinosaurs.,user_supplemented,Not provided by the authors; supplemented from the public prompt in paper Appendix E.2
52,worm snake,A tiny glossy serpent has a nearly uniform brown body that resembles an earthworm.,Its cylindrical body is covered in smooth scales and ends in a short pointed tail.,The head is barely wider than the neck with very small eyes reduced beneath the scales.,This burrowing reptile is often found beneath stones in loose soil or decaying vegetation.,A pale pinkish belly may contrast subtly with the dark shiny back.,Its minute size blunt head and soil-dwelling habit make it easy to mistake for an invertebrate.,user_supplemented,Not provided by the authors; supplemented from the public prompt in paper Appendix E.2
53,ring-necked snake,A slender dark serpent displays a bright yellow or orange collar immediately behind its head.,Its upper surface is usually charcoal gray or black while the underside carries vivid red-orange coloring and black spots.,When threatened it may coil its tail upward to expose a warning-colored belly.,The small rounded head blends smoothly into a pencil-thin body.,This secretive woodland reptile is commonly uncovered beneath logs rocks and leaf litter.,A single luminous neck band provides the clearest visual cue against its otherwise plain dark back.,user_supplemented,Not provided by the authors; supplemented from the public prompt in paper Appendix E.2
54,eastern hog-nosed snake,A stout North American serpent has an upturned shovel-like snout used for digging in sandy soil.,Dark blotches run down a tan or gray back and can create a vaguely rattlesnake-like pattern.,When alarmed it flattens its neck hisses dramatically and may play dead with its mouth open.,Its broad triangular-looking head contrasts with a relatively short thick body.,The sharply recurved nose scale gives the face a distinctive piglike profile.,This theatrical nonaggressive reptile is often photographed with its neck spread like a small cobra.,user_supplemented,Not provided by the authors; supplemented from the public prompt in paper Appendix E.2
55,smooth green snake,A very slender bright emerald serpent blends almost perfectly among leaves and grasses.,Its narrow head is only slightly wider than the neck and bears round dark eyes.,Smooth glossy scales create an even green back above a cream or yellowish belly.,The body is pencil-thin and tapers into a long delicate tail.,This harmless North American reptile often climbs through low vegetation in search of insects.,Its unbroken leaf-colored surface lacks the stripes or blotches seen on many other serpents.,user_supplemented,Not provided by the authors; supplemented from the public prompt in paper Appendix E.2
56,kingsnake,"A non-venomous serpent, known for mimicking venomous species, often displays bright, banded coloration patterns.","This species exhibits a strong predatory nature, preying on small mammals, amphibians, and other reptiles.","A constrictor with vibrant markings, it preys on smaller animals, including rodents and other reptiles.","This species thrives in diverse environments, from woodlands to grasslands, showcasing adaptability.","Distinguished by its alternating light and dark bands, this snake is a popular pet for enthusiasts.","Typically small to medium-sized, this species is highly resilient, surviving in various North American habitats.",author_provided,Provided by the authors
57,garter snake,A slender North American serpent is marked by three pale longitudinal stripes running from head to tail.,Yellow cream or blue lines contrast with a darker checkered background along its body.,The head is narrow with large round eyes and distinct dark vertical marks near the lips.,It is often encountered in gardens meadows and near ponds where it hunts small prey.,Some individuals reveal reddish skin between the scales when the body expands.,Its continuous dorsal and side stripes make this common harmless reptile easy to recognize.,user_supplemented,Not provided by the authors; supplemented from the public prompt in paper Appendix E.2
58,water snake,A semiaquatic serpent is often seen swimming with its head above ponds streams or marshes.,Dark crossbands or blotches cover a heavy brown or olive body suited to camouflage at muddy shores.,Its strongly keeled scales give the skin a rough matte texture.,A broad head and thick torso can cause harmless species in this group to be confused with venomous cottonmouths.,Round pupils and vertical bars along the upper lip are useful facial features in close views.,This reptile frequently basks on branches overhanging fresh water and dives when disturbed.,user_supplemented,Not provided by the authors; supplemented from the public prompt in paper Appendix E.2
59,vine snake,An extremely thin arboreal serpent has a sharply pointed snout and a body resembling a green twig.,Its elongated head bears large eyes that provide binocular vision among branches.,Bright leaf-green scales and a pale belly conceal its whip-like form in foliage.,The neck and torso are so narrow that the animal can stretch between fine twigs with little sagging.,Some species display a horizontal pupil and a thin dark line through the eye.,This patient tree hunter often holds its rigid body at an angle like a living stem.,user_supplemented,Not provided by the authors; supplemented from the public prompt in paper Appendix E.2
60,night snake,A small nocturnal serpent has a pale cream neck band behind a dark brown or black head.,Fine dark spots often occur in paired rows along a tan gray or reddish body.,Its pupils are vertically elliptical and the head is somewhat flattened for hunting after dusk.,This secretive desert reptile shelters beneath rocks during daylight and emerges in darkness.,A slender build and subdued earth tones distinguish it from larger heavily patterned snakes.,The contrasting head cap and narrow collar are its most noticeable markings in close photographs.,user_supplemented,Not provided by the authors; supplemented from the public prompt in paper Appendix E.2
61,boa constrictor,A large heavy serpent has saddle-shaped brown markings along a tan muscular body.,Its head carries a dark stripe through the eye and a distinctive arrowlike marking on top.,The patterned hide may show reddish tails and iridescent scales under strong light.,This powerful constricting reptile grips branches with a prehensile tail and kills prey by coiling around it.,A thick neck and robust torso taper gradually toward a long tail rather than ending abruptly.,It inhabits tropical forests and is frequently shown wrapped around logs or human handlers.,user_supplemented,Not provided by the authors; supplemented from the public prompt in paper Appendix E.2
62,African rock python,A massive African serpent bears irregular dark brown blotches bordered by black and cream.,The broad triangular head has a spear-shaped pale marking and dark bands extending through the eyes.,Its heavy muscular body can reach several meters and coils into a dense patterned mass.,This ground-dwelling constrictor occurs in savannas rocky outcrops and forest margins.,Bold interconnected patches form a high-contrast mosaic over tan scales.,The stout body and complex camouflage distinguish this powerful predator from more uniformly colored African snakes.,user_supplemented,Not provided by the authors; supplemented from the public prompt in paper Appendix E.2
63,Indian cobra,A large hooded serpent raises the front of its body and spreads elongated neck ribs when threatened.,A pair of spectacle-like markings often appears on the rear surface of its expanded hood.,Its smooth scales range from yellowish brown to nearly black with a paler underside.,The rounded snout and fixed intense gaze sit above a broad flattened neck display.,This venomous South Asian reptile is iconic in snake-charmer imagery with its upper body held upright.,Dark bands may cross the hood and throat while the long body remains relatively slender.,user_supplemented,Not provided by the authors; supplemented from the public prompt in paper Appendix E.2
64,green mamba,A long slender African serpent has vivid green scales with darker edging that creates a netted pattern.,Its narrow coffin-shaped head and large dark eyes give it a keen alert expression.,The pale yellow-green belly contrasts with an intensely colored arboreal back.,It moves rapidly through trees and bushes using an exceptionally elongated agile body.,Unlike twig-thin harmless species it has a more substantial neck and a smooth streamlined profile.,This highly venomous tree-dweller is usually pictured draped across foliage almost matching the leaves.,user_supplemented,Not provided by the authors; supplemented from the public prompt in paper Appendix E.2
65,sea snake,A marine serpent has a flattened paddle-shaped tail and a laterally compressed body for swimming.,Many species display alternating black and pale bands along their entire length.,Its nostrils sit high on the snout and can close while submerged.,The small head leads into a cylindrical front body that becomes increasingly blade-like toward the tail.,This air-breathing reptile is encountered in warm coastal oceans rather than on ordinary terrestrial ground.,A yellow belly or boldly banded pattern often contrasts with the dark upper surface as it undulates underwater.,user_supplemented,Not provided by the authors; supplemented from the public prompt in paper Appendix E.2
66,Saharan horned viper,A sandy desert viper has a pair of prominent hornlike scales rising above its eyes.,Its thick short body bears pale brown blotches that disappear against dunes and gravel.,A broad triangular head narrows abruptly into the neck and carries vertically slit pupils.,The rough keeled scales give this reptile a matte texture suited to arid camouflage.,It may bury most of its body in sand leaving only the eyes and supraocular horns exposed.,Dark diagonal marks trail behind the eyes across an otherwise sand-colored face.,user_supplemented,Not provided by the authors; supplemented from the public prompt in paper Appendix E.2
67,eastern diamondback rattlesnake,A very large heavy-bodied viper has a chain of dark diamond shapes bordered by cream along its back.,Its tail ends in a segmented keratin rattle held above the ground as a warning.,Two pale diagonal stripes mark each side of the broad triangular head.,Strongly keeled scales and a thick neck give this southeastern North American reptile a rugged appearance.,The facial pits between eyes and nostrils are visible in close views of its imposing head.,A dark mask through the eye and bold geometric dorsal pattern distinguish this formidable ambush predator.,user_supplemented,Not provided by the authors; supplemented from the public prompt in paper Appendix E.2
68,sidewinder rattlesnake,A desert viper moves sideways across loose sand leaving parallel J-shaped tracks.,Small hornlike scales rise above the eyes on a broad triangular head.,Its short pale body carries muted brown blotches that closely match dune surfaces.,The tail ends in a compact segmented rattle often held upright when disturbed.,Only two portions of the body contact the ground during its characteristic lateral locomotion.,This compact southwestern reptile is frequently pictured half-buried beside rippled sand.,user_supplemented,Not provided by the authors; supplemented from the public prompt in paper Appendix E.2
69,trilobite,An extinct marine arthropod has a flattened oval shell divided lengthwise into three distinct lobes.,A semicircular head shield is followed by many articulated thoracic segments and a fused tail shield.,Its fossilized exoskeleton often appears as a ridged imprint in gray sedimentary rock.,Compound eyes may protrude from either side of the broad armored head.,Some specimens are found tightly enrolled into a defensive ball.,The segmented prehistoric body resembles an ancient many-plated relative of modern crustaceans.,user_supplemented,Not provided by the authors; supplemented from the public prompt in paper Appendix E.2
70,harvestman,A long-legged arachnid has a tiny rounded body that appears fused into a single oval segment.,Eight extremely thin legs radiate from a pea-sized central body.,Unlike true web-building spiders it lacks a narrow waist between front and rear body regions.,It commonly walks across tree bark rocks and leaf litter on stiltlike limbs.,Some individuals gather in dense clusters that look like a trembling mass of legs.,The compact body and exceptionally long delicate appendages create the familiar daddy-longlegs silhouette.,user_supplemented,Not provided by the authors; supplemented from the public prompt in paper Appendix E.2
71,scorpion,An eight-legged arachnid carries a pair of grasping pincers and a jointed tail ending in a curved stinger.,Its armored body is divided into a broad front section and a segmented abdomen.,The narrow tail arches forward defensively over the back.,Large clawlike pedipalps are held in front while four pairs of walking legs support the body.,Many species glow bright blue-green under ultraviolet light.,This nocturnal desert predator often hides beneath rocks and has a low flattened stance.,user_supplemented,Not provided by the authors; supplemented from the public prompt in paper Appendix E.2
72,yellow garden spider,A brightly patterned orb-weaver has a yellow-and-black abdomen and very long banded legs.,It rests head-down at the center of a large circular web built among tall vegetation.,A bold white zigzag silk decoration often runs vertically through the web beneath its body.,The abdomen is elongated oval with symmetrical yellow patches against a black background.,Long legs are held in paired X-like positions while waiting for flying insects.,Females are conspicuous large web builders commonly seen in sunny North American gardens.,user_supplemented,Not provided by the authors; supplemented from the public prompt in paper Appendix E.2
73,barn spider,A robust brown orb-weaver has a rounded hairy abdomen marked with mottled dark chevrons.,It constructs a large circular web near wooden buildings and often hides by day in a silk retreat.,Banded sturdy legs surround a bulbous abdomen in warm tan rust and chocolate tones.,A darker central pattern resembling a leaf runs down the back.,This nocturnal web builder may dismantle and rebuild its wheel-shaped snare each evening.,Its heavy body and rustic camouflage make it blend into beams fences and weathered boards.,user_supplemented,Not provided by the authors; supplemented from the public prompt in paper Appendix E.2
74,European garden spider,A round-bodied orb-weaver displays a white cross formed by pale spots on the upper abdomen.,Its bulbous back varies from orange to brown and is supported by strongly banded hairy legs.,The animal sits at the hub of a neat wheel-shaped web in gardens and hedges.,Four large pale dots and smaller markings create a cruciform dorsal pattern.,A mottled underside and compact cephalothorax contrast with the oversized spherical abdomen.,This common web builder becomes particularly conspicuous in late summer across European vegetation.,user_supplemented,Not provided by the authors; supplemented from the public prompt in paper Appendix E.2
75,southern black widow,A glossy black arachnid has a nearly spherical abdomen marked underneath by a red hourglass.,Long slender legs surround a small cephalothorax and a smooth bulbous rear body.,A vivid crimson or orange hourglass on the ventral surface contrasts sharply with the dark exoskeleton.,It hangs upside down in an irregular tangled web near sheltered structures or wood piles.,Adult females are jet black while juveniles may retain pale stripes and red dorsal spots.,The polished round abdomen and unmistakable underside marking identify this venomous North American web builder.,user_supplemented,Not provided by the authors; supplemented from the public prompt in paper Appendix E.2
76,tarantula,A very large hairy arachnid has thick legs and a robust body densely covered in bristles.,Its substantial fangs point downward beneath a broad low carapace.,Colors range from earthy brown and black to striking blue orange or red depending on species.,Rather than using an orb web it commonly occupies a silk-lined burrow or walks on the forest floor.,The legs are stout and jointed with visible pads and hairs that create a plush appearance.,Its imposing palm-sized silhouette is familiar from exotic pet enclosures and tropical habitats.,user_supplemented,Not provided by the authors; supplemented from the public prompt in paper Appendix E.2
77,wolf spider,"A large, aggressive spider that hunts prey actively rather than spinning webs for capture.","Recognized for its agile movement, this spider actively stalks prey rather than using webs to capture it.","A ground-dwelling predator with strong, spiny legs and keen eyesight to track down insects.","This species exhibits a robust body covered in dense hair, allowing fast, efficient ground hunting.","Often mistaken for a tarantula, it has a distinct pattern and prefers dry, rocky environments.","Agile and quick, this spider relies on speed and precision to overpower its prey in open areas.",author_provided,Provided by the authors
78,tick,A tiny blood-feeding arachnid has an oval flattened body and eight short legs clustered near the front.,After feeding its leathery body swells from a small seedlike shape into a pale rounded sac.,The mouthparts project from the front beneath a small shieldlike dorsal plate.,It clings tightly to mammal skin or fur rather than spinning a web.,Dark brown or reddish coloration helps the unfed animal disappear among hairs and leaf litter.,Its compact unsegmented appearance and attachment to a host distinguish it from free-roaming spiders.,user_supplemented,Not provided by the authors; supplemented from the public prompt in paper Appendix E.2
79,centipede,"A long, segmented creature with numerous legs, known for its swift, predatory movements on the ground.","Often found in moist environments, this insect hunts smaller prey using its venomous claws.","Recognizable by its many pairs of legs, it moves quickly and hides under rocks or debris.","A fast-moving arthropod with a flat body, preying on insects and other small creatures at night.",This nocturnal predator uses venom to immobilize prey and has a distinctive segmented body structure.,"Known for its high number of legs, it swiftly navigates through soil and decaying matter, hunting insects.",author_provided,Provided by the authors
80,black grouse,A stocky woodland gamebird has glossy blue-black plumage and a distinctive lyre-shaped tail in the male.,Bright red combs sit above the eyes and contrast with an otherwise dark head.,White undertail feathers flash beneath the long outward-curving tail during courtship.,Females are mottled brown for camouflage while males gather on open ground to display.,The displaying male fans and raises its curled tail while lowering its wings.,This northern Eurasian bird is often seen at forest edges and heather-covered clearings.,user_supplemented,Not provided by the authors; supplemented from the public prompt in paper Appendix E.2
81,ptarmigan,A compact Arctic gamebird changes from mottled brown in summer to almost entirely white in winter.,Feathering covers its legs and toes like natural snowshoes.,A short black bill and rounded body remain visible against snowy tundra.,Males may show a red eyebrow comb and a black line through the eye in breeding plumage.,Its white wings blend into the winter body while the tail may retain dark feathers.,This cold-adapted bird crouches among rocks and low tundra vegetation with remarkable seasonal camouflage.,user_supplemented,Not provided by the authors; supplemented from the public prompt in paper Appendix E.2
82,ruffed grouse,A medium-sized forest gamebird has a fan-shaped tail and a dark ruff of feathers around the neck.,Brown gray and black barring creates barklike camouflage across its rounded body.,A small crest rises from the head and a dark band crosses the broad tail near its tip.,Males perform a rapid wing-beating display while standing on a fallen log.,The bird has short wings a stout neck and feathered legs suited to dense North American woodland.,When displaying it spreads its tail into a semicircle and flares the neck feathers into a collar.,user_supplemented,Not provided by the authors; supplemented from the public prompt in paper Appendix E.2
83,prairie grouse,A plump grassland gamebird has strongly barred brown plumage and a rounded body with a short tail.,Males display inflated orange or yellow neck sacs while stamping on traditional open grounds.,Dark elongated pinnae feathers can rise from behind the head during courtship.,The belly is pale while dense horizontal bars cover the breast back and flanks.,This bird inhabits broad North American prairies where groups gather in communal display arenas.,During display the male lowers its head raises its ear-like feathers and reveals colorful throat patches.,user_supplemented,Not provided by the authors; supplemented from the public prompt in paper Appendix E.2
84,peafowl,A spectacular male bird carries an enormous fan of iridescent tail coverts covered with blue-green eyespots.,Its cobalt head and neck are topped by a delicate upright crest with fan-shaped tips.,Long shimmering feathers spread into a circular train during an elaborate courtship display.,Females are mainly mottled brown with a greenish neck and lack the extravagant train.,The male's metallic blue breast contrasts with patterned bronze wings and slender gray legs.,This ornamental ground bird is often photographed displaying in gardens palaces and parkland.,user_supplemented,Not provided by the authors; supplemented from the public prompt in paper Appendix E.2
85,quail,A small plump ground bird has a rounded body short neck and very short tail.,Its cryptic brown plumage is patterned with fine streaks and mottling that resemble dry grass.,The tiny head carries a short stout bill while compact wings can launch it into sudden rapid flight.,Some males have bold black-and-white facial markings or a dark throat bib.,This seed-eating bird often moves through fields in coveys and crouches when threatened.,Speckled flanks and a low pear-shaped silhouette distinguish it from longer-tailed gamebirds.,user_supplemented,Not provided by the authors; supplemented from the public prompt in paper Appendix E.2
86,partridge,A rotund ground bird has barred brown flanks a gray chest and a short reddish bill.,A bold facial pattern may include a white throat bordered by a black necklace and eye stripe.,Its compact body is larger and heavier than many similar field-dwelling gamebirds.,Rust-colored bars run vertically along the pale sides beneath a warm brown back.,This Eurasian farmland bird walks through scrub and crop margins on sturdy red legs.,The combination of rounded gray belly chestnut head markings and striped flanks creates a distinctive profile.,user_supplemented,Not provided by the authors; supplemented from the public prompt in paper Appendix E.2
87,african grey parrot,A medium-sized gray bird with a vivid scarlet tail and a pale facial mask.,Scalloped charcoal feathers cover the body while bare white skin surrounds the eyes.,A stout black hooked bill contrasts with a smooth silver-gray head.,This highly intelligent tropical bird often perches upright and manipulates objects with its feet.,Its short square crimson tail flashes brightly when the otherwise gray bird takes flight.,A pale eye and powdery gray plumage give this talking parrot a distinctive appearance.,user_supplemented,Not provided by the authors; supplemented from the public prompt in paper Appendix E.2
88,macaw,A very large tropical parrot displays a sweeping tail and an enormous curved bill.,"Brilliant red, blue, green, or yellow plumage covers its wings and long tapered tail.",Bare pale facial skin marked by fine feather lines surrounds a powerful dark beak.,Pairs of these colorful birds are often seen flying above humid rainforest canopies.,Its zygodactyl feet grip branches while the heavy hooked bill cracks hard nuts.,Long pointed flight feathers and saturated contrasting colors create an unmistakable silhouette.,user_supplemented,Not provided by the authors; supplemented from the public prompt in paper Appendix E.2
89,sulphur-crested cockatoo,A mostly white parrot carries a dramatic fan of yellow feathers on its crown.,Its dark curved bill and charcoal feet contrast sharply with snowy body plumage.,The erectile golden head fan rises when the bird is excited or alarmed.,Pale yellow shading appears beneath the wings and tail during flight.,This large Australasian bird often gathers noisily in trees or on open lawns.,"A rounded white body, black beak, and backward-sweeping lemon crown identify it.",user_supplemented,Not provided by the authors; supplemented from the public prompt in paper Appendix E.2
90,lorikeet,"A colorful parrot species known for its vibrant plumage and playful, social nature in tropical areas.","Small, agile birds with a specialized tongue.","Brightly colored and highly energetic, these birds often travel in large, noisy flocks across Australia.","With striking hues of green, red, and blue, this species is famous for its acrobatic flight style.","Native to Australia, these parrots have a slender build and are often found in coastal rainforests.","Recognized by their vivid feathers and loud calls, lorikeets are highly social and enjoy communal feeding.",author_provided,Provided by the authors
91,coucal,A large ground-dwelling bird has a long tail and broad rounded chestnut wings.,Its heavy body moves through dense vegetation while a dark slightly curved bill searches for prey.,Many forms show glossy black plumage paired with rich reddish-brown wing panels.,Short wings and a long graduated tail give this secretive bird a bulky silhouette.,It often clambers through shrubs or walks on the ground rather than making sustained flights.,A deep red eye and dark head stand out above chestnut-colored wings in common forms.,user_supplemented,Not provided by the authors; supplemented from the public prompt in paper Appendix E.2
92,bee eater,A slender colorful bird has a long pointed bill and two elongated central tail feathers.,"Green, blue, chestnut, and yellow plumage forms crisp bands across its streamlined body.",It catches flying insects on the wing before returning to an exposed perch.,A dark eye stripe runs across the face beneath a bright turquoise or green crown.,Colonies excavate nesting tunnels in sandy banks and open earthen cliffs.,Long narrow wings and graceful aerial turns suit its pursuit of stinging insects.,user_supplemented,Not provided by the authors; supplemented from the public prompt in paper Appendix E.2
93,hornbill,An oversized curved bill topped by a casque dominates the profile of this tropical bird.,A long tail and broad rounded wings accompany mostly black-and-white or earthy plumage.,The hollow helmet-like structure above the bill creates a striking head silhouette.,It perches high in forest trees and uses its huge beak to reach fruit.,Many species show bare brightly colored skin around the eye and throat.,Slow wingbeats alternate with glides as this large-billed forest bird crosses the canopy.,user_supplemented,Not provided by the authors; supplemented from the public prompt in paper Appendix E.2
94,hummingbird,A tiny hovering bird has needlelike wings and a long slender bill for reaching flowers.,Its wings blur during flight while the body remains nearly motionless before a blossom.,Iridescent throat feathers flash jewel-like colors as the viewing angle changes.,"A compact body, very short legs, and narrow tapered bill form its delicate silhouette.",It can fly backward and dart rapidly between nectar-rich blooms.,The long tongue and hovering posture reveal a highly specialized flower feeder.,user_supplemented,Not provided by the authors; supplemented from the public prompt in paper Appendix E.2
95,jacamar,A compact tropical bird has a long straight dagger-shaped bill and a short tail.,Metallic green upperparts often contrast with a rusty or pale belly.,It sits quietly on exposed branches before darting out to seize insects.,A slender dark bill and glossy plumage give it a kingfisher-like profile.,Some forms have a bright white throat below a dark or chestnut head.,This forest-edge bird perches upright with small feet and a vividly colored body.,user_supplemented,Not provided by the authors; supplemented from the public prompt in paper Appendix E.2
96,toucan,A huge brightly colored bill makes up much of this tropical bird's head.,Its mostly black body is accented by a white throat and vivid bare skin around the eye.,"The oversized lightweight bill commonly shows bands of orange, yellow, green, or red.",Short rounded wings and a long tail carry it between fruiting rainforest trees.,It uses the serrated edge of its colorful bill to grasp and toss fruit.,A compact trunk and bold throat patch sit beneath an extraordinarily deep canoe-shaped beak.,user_supplemented,Not provided by the authors; supplemented from the public prompt in paper Appendix E.2
97,duck,A broad-billed waterbird floats low with webbed feet hidden beneath a rounded body.,Its flattened bill has comb-like edges suited to straining food from shallow water.,Waterproof feathers form a smooth oval body above orange or dark paddling feet.,It often tips forward with its tail raised while feeding below the surface.,Males may show glossy heads and bold colors while females often have mottled brown plumage.,"A short neck, broad bill, and buoyant profile are familiar sights on ponds and lakes.",user_supplemented,Not provided by the authors; supplemented from the public prompt in paper Appendix E.2
98,red-breasted merganser,A sleek diving waterbird has a shaggy dark green head and a narrow red bill.,"The male shows a white neck collar, rusty speckled breast, and black back.",The female has a warm reddish-brown crested head above a gray body.,Its thin serrated bill is specialized for gripping slippery fish underwater.,A long low body and rear-set webbed feet produce a fast streamlined dive.,White wing patches flash in flight while the spiky head feathers remain conspicuous.,user_supplemented,Not provided by the authors; supplemented from the public prompt in paper Appendix E.2
99,goose,A large long-necked waterbird has a stout triangular bill and fully webbed feet.,Its heavy body floats high on lakes while the elongated neck remains upright.,Broad wings and a straight projecting neck form a powerful flight silhouette.,Many individuals graze in fields in tightly organized family groups.,"Plumage may be gray, brown, black, or white with contrasting facial patches.",A loud honking call often accompanies flocks flying in a characteristic V formation.,user_supplemented,Not provided by the authors; supplemented from the public prompt in paper Appendix E.2
100,black swan,An elegant dark waterbird has a long S-curved neck and a bright red bill.,All-black plumage contrasts with white flight feathers revealed when its wings open.,Its scarlet bill carries a pale band near the tip and a small frontal knob.,The neck arches gracefully above a broad floating body on lakes and wetlands.,Juveniles are gray-brown before developing the adults' velvety dark feathers.,In flight its white wing panels stand out dramatically against the otherwise ebony body.,user_supplemented,Not provided by the authors; supplemented from the public prompt in paper Appendix E.2
101,tusker,A massive elephant displays exceptionally long upper incisors that curve outward and upward.,The projecting ivory structures extend far beyond the trunk on this mature animal.,Thick columnar legs support a huge gray body with wrinkled nearly hairless skin.,Large ears flank the head while a flexible muscular trunk reaches toward the ground.,The extraordinary length and thickness of the paired ivory teeth dominate its silhouette.,This mature male pachyderm often appears solitary with imposing curved weapons beside its trunk.,user_supplemented,Not provided by the authors; supplemented from the public prompt in paper Appendix E.2
102,echidna,A compact spiny mammal has a long narrow snout and powerful clawed feet.,Coarse cream-and-brown quills cover its rounded back while the underside remains furry.,Its tiny mouth sits at the end of a tubular beaklike muzzle used to probe for insects.,Short sturdy legs and long digging claws help it burrow into soil or termite mounds.,When threatened it curls into a bristling ball with sharp spines facing outward.,This Australian egg-laying mammal combines a low-slung body with no visible external ears.,user_supplemented,Not provided by the authors; supplemented from the public prompt in paper Appendix E.2
103,platypus,An unusual aquatic mammal has a broad rubbery bill and a flat paddle-shaped tail.,Dense dark brown fur covers its streamlined body above four webbed feet.,The ducklike muzzle is smooth and flexible rather than hard like a bird's beak.,It swims low in freshwater streams and closes its eyes and ears while diving.,Males possess a sharp venomous spur on each hind ankle.,This egg-laying animal has short limbs set beside a flattened furry torso.,user_supplemented,Not provided by the authors; supplemented from the public prompt in paper Appendix E.2
104,wallaby,A small kangaroo-like marsupial stands on oversized hind feet with a thick balancing tail.,Its compact body is covered in brown or gray fur with a paler belly.,Short forelimbs rest against the chest while long muscular rear legs power bounding movement.,A narrow deerlike head carries upright rounded ears and large dark eyes.,It grazes in Australian grassland and scrub while keeping its heavy tail extended behind.,The female may carry a small youngster whose head protrudes from an abdominal pouch.,user_supplemented,Not provided by the authors; supplemented from the public prompt in paper Appendix E.2
105,koala,"A tree-dwelling marsupial native to Australia, known for its round ears and large, black nose.","This nocturnal animal has thick, gray fur and feeds primarily on eucalyptus leaves in the wild.","With a slow, deliberate movement, it spends most of its life in trees, sleeping up to 20 hours a day.","A herbivorous mammal with large, fluffy ears and sharp claws, expertly adapted to climbing eucalyptus trees.","Known for its teddy bear-like appearance, this marsupial has a strong preference for eucalyptus forests.","This iconic Australian species has a stocky build and is famous for its peaceful, tree-bound lifestyle.",author_provided,Provided by the authors
106,wombat,"A stocky low-slung marsupial has short legs, small eyes, and a broad blunt face.",Its dense coarse fur ranges from sandy brown to charcoal gray.,Powerful paws with long claws dig extensive burrows beneath Australian grassland and woodland.,A large rounded rump and almost invisible tail create a barrel-shaped silhouette.,The nose is broad and bare beneath short rounded ears.,It walks close to the ground with a sturdy body resembling a small muscular bear.,user_supplemented,Not provided by the authors; supplemented from the public prompt in paper Appendix E.2
107,jellyfish,A translucent bell-shaped marine animal trails numerous soft tentacles through the water.,Its gelatinous body pulses rhythmically to propel it without fins or bones.,Radial canals and internal organs may be visible through the clear umbrella-like dome.,Long stinging filaments stream behind as it drifts with ocean currents.,"Some individuals glow with vivid blue, pink, or violet bioluminescent hues.",A fringe of tentacles hangs from the rim of a delicate pulsating bell.,user_supplemented,Not provided by the authors; supplemented from the public prompt in paper Appendix E.2
108,sea anemone,"A marine animal with a soft, cylindrical body and tentacles that resemble a flower's petals.","Sea anemones are carnivorous, using their tentacles to immobilize prey, often fish or plankton.","They are typically found attached to rocks or coral reefs, living in coastal waters.","These creatures have a symbiotic relationship with clownfish, which find protection among their tentacles.",Their stinging cells (nematocysts) deliver venom to capture and defend against prey or predators.,"Scientific name: *Actiniaria*, a diverse order of marine invertebrates that thrive in various oceanic ecosystems.",author_provided,Provided by the authors
109,brain coral,A massive reef-building colony forms rounded grooves resembling the folds of a human cerebrum.,"Maze-like ridges and valleys cover a hard dome of tan, brown, green, or gray limestone.",Tiny polyps live along winding channels in the boulder-shaped surface.,The tightly packed sinuous patterns create a distinctive labyrinth across the entire colony.,It grows slowly as a solid hemispherical mound in warm shallow tropical seas.,Deep meandering furrows divide raised stony ridges on this robust reef organism.,user_supplemented,Not provided by the authors; supplemented from the public prompt in paper Appendix E.2
110,flatworm,A very thin soft-bodied worm has a broad flattened form with no visible limbs.,Its ribbonlike body glides over moist surfaces using microscopic cilia and mucus.,Some forms have an arrow-shaped head with two small eye spots near the front.,The unsegmented body appears bilaterally symmetrical and dorsoventrally compressed.,Bright marine varieties may show vivid stripes and undulating folded margins.,"It lacks a shell and obvious body cavity, creating a smooth leaflike silhouette.",user_supplemented,Not provided by the authors; supplemented from the public prompt in paper Appendix E.2
111,nematode,A tiny unsegmented roundworm that can be parasitic or free-living in soil and water.,"""A microscopic cylindrical worm often found in soil some species are plant or animal parasites.""","""A type of roundworm with a smooth body found in various habitats including plants and animals.""","""A small elongated worm that may live in soil or as a parasite in other organisms.""","""A roundworm species often found in soil capable of causing diseases in plants or animals.""","""A diverse group of worms typically microscopic some of which cause infections in plants or animals.""",author_provided,Provided by the authors
112,conch,A large spiral seashell has a wide flaring lip and a long tapered siphonal canal.,"The heavy shell may be cream, pink, or orange with knobby shoulders around each whorl.",A muscular marine snail extends a broad foot from beneath the ornate shell.,Its glossy aperture often reveals a vivid rose-colored inner surface.,The high pointed spire coils above an expanding body whorl with strong sculptured ridges.,Two stalked eyes and a proboscis may emerge when the animal crawls across shallow sand.,user_supplemented,Not provided by the authors; supplemented from the public prompt in paper Appendix E.2
113,snail,This slow-moving and shell-covered mollusk crawls with a distinct spiral-shaped shell for protection.,A small soft-bodied invertebrate that glides along surfaces using a slime trail for movement.,"Known for its coiled shell this creature is often seen in damp environments, moving very slowly.",With a spiral shell and a muscular foot this critter moves by secreting mucus to slide along.,A gastropod characterized by a spiral shell and a slow pace is commonly found in moist areas.,This soft-bodied invertebrate leaves behind a slimy trail as it slowly navigates through gardens or forests.,author_provided,Provided by the authors
114,slug,A soft elongated land mollusk crawls without a shell and leaves a glistening mucus trail.,Two long upper tentacles carry eyes while a shorter pair senses the ground.,Its moist body has a muscular foot beneath a mantle near the head.,"The wrinkled skin may be gray, brown, black, yellow, or patterned with spots.",It commonly appears on damp leaves and soil after rain.,A breathing pore is often visible on one side of the saddle-shaped mantle.,user_supplemented,Not provided by the authors; supplemented from the public prompt in paper Appendix E.2
115,sea slug,A colorful shell-less marine mollusk bears feathery gills or fingerlike projections on its back.,"Its soft body may display brilliant warning colors, spots, stripes, and contrasting margins.",Two hornlike sensory structures rise from the head while it crawls over reefs.,Leafy cerata or a rosette of external gills create an ornate dorsal silhouette.,"This slow benthic animal grazes on sponges, algae, or small colonial organisms.",The broad muscular foot glides across the seabed beneath an elaborately decorated body.,user_supplemented,Not provided by the authors; supplemented from the public prompt in paper Appendix E.2
116,chiton,An oval marine mollusk wears eight overlapping armored plates along its back.,A thick leathery girdle surrounds the segmented shell like a flexible rim.,Its low flattened body clings tightly to wave-washed rocks in the intertidal zone.,The articulated dorsal plates allow it to curl while still resisting heavy surf.,Tiny teeth on a rasping tongue scrape algae from stone surfaces.,Rows of textured shell panels form a symmetrical line from head to tail.,user_supplemented,Not provided by the authors; supplemented from the public prompt in paper Appendix E.2
117,chambered nautilus,A coiled pearly shell is divided internally into many gas-filled compartments.,The living animal occupies the outermost chamber and extends dozens of slender tentacles.,Brown zebra-like bands cross the white spiral shell above a nacreous interior.,Its shell coils in a nearly perfect logarithmic spiral with a broad round opening.,A leathery hood covers the head while numerous suckerless arms search the deep reef slope.,Buoyancy is controlled by adjusting fluid within sealed internal partitions.,user_supplemented,Not provided by the authors; supplemented from the public prompt in paper Appendix E.2
118,Dungeness crab,A broad reddish-brown crustacean has a hard oval shell edged with small teeth.,Its claws end in pale tips rather than the dark tips seen on a similar coastal species.,Five pairs of legs extend beneath a purplish carapace found along the northeastern Pacific coast.,The shell is wider than long and can reach roughly the span of an adult hand.,Strong unequal pincers crush shellfish while the animal walks sideways over sandy bottoms.,A fan-shaped abdominal flap folds tightly beneath the body under a robust toothed shell.,user_supplemented,Not provided by the authors; supplemented from the public prompt in paper Appendix E.2
119,rock crab,A compact coastal crustacean has a broad dark red or purplish shell and massive black-tipped claws.,Its thick smooth carapace is wider than long with a strongly arched front edge.,Short sturdy walking legs support a heavy body among rocky Atlantic shorelines.,Powerful pincers crack mussels and other hard-shelled prey beneath tidal waters.,The front margin bears several blunt lobes on either side of the eyes.,A brick-red underside and dark claw tips distinguish this stocky sideways-moving scavenger.,user_supplemented,Not provided by the authors; supplemented from the public prompt in paper Appendix E.2
120,fiddler crab,"A small, coastal crab species with one oversized claw used for communication and defense.","Fiddler crabs are often seen on sandy beaches or mudflats, burrowing into the ground for shelter.","They are known for their quirky behavior, where they wave their large claw to attract mates.","These crabs are omnivores, scavenging for small invertebrates, plant matter, and detritus.",Their small size and distinctive claw make them easy to identify along shorelines.,"Scientific name: *U. mjoebergi*, a genus of fiddler crabs found in coastal habitats.",author_provided,Provided by the authors
121,red king crab,An enormous cold-water crustacean has a spiny reddish shell and very long jointed legs.,Three pairs of walking legs are visible on each side while a smaller pair is tucked beneath.,Its broad triangular carapace is covered with sharp bumps and thornlike projections.,A pair of unequal heavy claws extends forward from an armored body.,Adults inhabit deep northern seafloors and may span well over a meter from leg to leg.,The brick-colored body fades to cream underneath and becomes vivid scarlet when cooked.,user_supplemented,Not provided by the authors; supplemented from the public prompt in paper Appendix E.2
122,American lobster,A large dark greenish crustacean has two massive front claws and a segmented muscular tail.,One pincer is broad for crushing while the other is slimmer with serrated gripping edges.,Long antennae project ahead of a hard bluish-brown shell found on North Atlantic seafloors.,The first pair of legs bears powerful claws secured with bands in seafood markets.,A smooth carapace covers the head and thorax above multiple slender walking legs.,Its fan-shaped tail can thrust the animal rapidly backward through cold coastal water.,user_supplemented,Not provided by the authors; supplemented from the public prompt in paper Appendix E.2
123,spiny lobster,A heavily armored crustacean lacks giant front pincers but carries extremely long thick antennae.,Sharp forward-pointing spines cover its colorful carapace and protect its eyes.,A robust segmented tail bears bold spots or bands and ends in a broad fan.,It hides in tropical reef crevices by day with whip-like feelers extending outside.,"Numerous short walking legs sit beneath a knobby reddish, brown, or blue-green shell.",The broad abdomen and thorny head contrast with the absence of oversized claws.,user_supplemented,Not provided by the authors; supplemented from the public prompt in paper Appendix E.2
124,crayfish,A small freshwater crustacean resembles a miniature clawed marine decapod.,Two prominent pincers extend before a hard segmented body and curled muscular tail.,"Its shell may be rusty red, brown, blue, or mottled to blend with stream bottoms.",Long antennae sweep ahead as it walks among stones and aquatic vegetation.,"It inhabits ponds, rivers, marshes, and burrows rather than open ocean.","A narrow carapace, five pairs of legs, and a fan-shaped tail form its familiar profile.",user_supplemented,Not provided by the authors; supplemented from the public prompt in paper Appendix E.2
125,hermit crab,A soft-bodied crustacean protects its curled abdomen inside an abandoned snail shell.,Several jointed legs and two unequal claws protrude from the borrowed spiral home.,Stalked eyes and long antennae emerge cautiously from the shell opening.,"As it grows, it searches beaches and tide pools for a larger empty shelter.",The exposed front is armored while the asymmetrical rear body remains delicate and flexible.,It can withdraw completely and use its larger pincer to block the shell entrance.,user_supplemented,Not provided by the authors; supplemented from the public prompt in paper Appendix E.2
126,isopod,A small crustacean has a rigid segmented body flattened from top to bottom.,Seven similar pairs of jointed legs line the sides of its overlapping armored plates.,Some terrestrial forms roll into a tight ball when disturbed under logs or stones.,Two pairs of antennae project from a compact head attached to a many-sectioned body.,Marine varieties crawl along the seafloor while land varieties favor damp leaf litter.,Its oval plated back and numerous evenly spaced legs resemble a tiny movable shield.,user_supplemented,Not provided by the authors; supplemented from the public prompt in paper Appendix E.2
127,white stork,"A tall wading bird has snowy plumage, black flight feathers, and an orange-red pointed bill.",Long reddish legs support a mostly pale body above wetlands and grassy fields.,Broad black wing panels become conspicuous when the bird takes flight.,"Adults often nest on rooftops, chimneys, or large platform nests near human settlements.",The straight bill and legs are red while the face remains largely unfeathered.,It walks deliberately through shallow water and may stand upright in open farmland.,user_supplemented,Not provided by the authors; supplemented from the public prompt in paper Appendix E.2
128,black stork,A tall wading bird has glossy dark plumage with green and purple iridescence.,"A white belly contrasts with black wings, neck, and head in adult birds.",Its long straight bill and legs are bright red against the shadowy body.,It forages quietly in forested wetlands rather than gathering around towns.,Broad wings reveal a pale underside while the neck stretches forward in flight.,A dark feathered breast and metallic upperparts distinguish it from its mostly pale relative.,user_supplemented,Not provided by the authors; supplemented from the public prompt in paper Appendix E.2
129,spoonbill,A long-legged wetland bird sweeps a broad flat bill from side to side in shallow water.,The spatula-shaped tip of its unusually long beak is wider than the base.,Mostly white plumage may acquire a delicate pink wash in some species.,It wades with its neck extended downward while filtering fish and aquatic invertebrates.,Long dark legs trail behind broad wings during steady flight.,A shaggy crest and bare facial skin can accent the unmistakable spoon-shaped feeding tool.,user_supplemented,Not provided by the authors; supplemented from the public prompt in paper Appendix E.2
130,flamingo,A tall pink wading bird stands on extremely long thin legs with backward-bending knees.,Its thick bill curves sharply downward and has a dark tip suited to filter feeding.,Large flocks gather in shallow saline lagoons where rosy bodies form dense groups.,Black flight feathers appear beneath vivid coral wings when the bird takes off.,It often rests on one leg with its exceptionally long neck coiled over its back.,Color ranges from pale blush to deep scarlet depending on pigment-rich food.,user_supplemented,Not provided by the authors; supplemented from the public prompt in paper Appendix E.2
131,little blue heron,A slender wading bird has a slate-blue body and a rich purplish-maroon head and neck.,Its long pointed bill is blue-gray with a dark tip for spearing small fish.,Greenish legs move slowly through shallow southern wetlands and coastal marshes.,Adults show a two-toned dark neck and blue wings rather than white plumage.,"During breeding, fine plumes trail from the back of the head and body.",It crouches with the neck folded before striking rapidly at prey in the water.,user_supplemented,Not provided by the authors; supplemented from the public prompt in paper Appendix E.2
132,great egret,A very tall all-white wading bird has a long yellow dagger-shaped bill and black legs.,Its exceptionally long S-shaped neck towers above shallow marsh water.,Black feet and legs contrast strongly with brilliant white plumage.,Delicate ornamental plumes extend from the back during the breeding season.,It hunts fish by standing motionless before thrusting its straight bill downward.,Broad white wings and legs trailing far behind create an elegant flight silhouette.,user_supplemented,Not provided by the authors; supplemented from the public prompt in paper Appendix E.2
133,bittern bird,A secretive marsh heron has heavily streaked buff-and-brown plumage that blends into reeds.,Its thick neck and daggerlike bill point upward when the bird freezes in a camouflage posture.,Dark vertical stripes run from the crown down the long pale throat.,Broad rounded wings reveal contrasting dark flight feathers when it rises from dense wetland vegetation.,This stocky wader usually keeps low among cattails rather than standing openly at the water's edge.,A booming call often reveals this reed-dweller before its cryptically patterned body can be seen.,user_supplemented,Not provided by the authors; supplemented from the public prompt in paper Appendix E.2
134,crane bird,A very tall long-legged wading bird has an elongated neck and a straight spear-shaped bill.,It flies with its neck stretched forward and broad wings extended in slow powerful strokes.,Many species have gray or white plumage with black wing markings and a patch of bare red skin on the head.,The bird performs elaborate courtship dances with raised wings leaps and bowed postures.,Long trailing inner wing feathers can create a bustle-like shape above its short tail.,Its upright silhouette is commonly seen in open wetlands grasslands and shallow water.,user_supplemented,Not provided by the authors; supplemented from the public prompt in paper Appendix E.2
135,limpkin,A large brown marsh bird has long legs a slightly curved bill and bold white spots across its back and wings.,Its olive-brown plumage is patterned with pale streaks that resemble dappled wetland vegetation.,The long slender bill is specialized for extracting apple snails and other mollusks.,It walks deliberately through swamp margins on oversized toes while flicking a short tail.,White speckles form broken rows on the wings of this otherwise chocolate-colored rail relative.,A loud wailing cry accompanies this tropical wetland bird in reed beds and wooded swamps.,user_supplemented,Not provided by the authors; supplemented from the public prompt in paper Appendix E.2
136,common gallinule,A dark slate-colored marsh bird has a bright red forehead shield and a red bill tipped with yellow.,A narrow white stripe runs along each flank above long yellow-green legs.,Its oversized toes spread across floating vegetation while it swims with a nodding head.,The short tail frequently flicks upward to reveal white undertail patches.,Juveniles are brownish and lack the vivid facial colors of adults.,This chicken-sized wetland bird moves between reeds and open water with a distinctive colorful bill.,user_supplemented,Not provided by the authors; supplemented from the public prompt in paper Appendix E.2
137,American coot,A charcoal-black waterbird has a clean white bill and matching white forehead shield.,Its red eyes contrast with a rounded dark head and pale face plate.,Large greenish feet bear lobed toes rather than continuous webbing.,The bird swims like a duck but often runs across the water before taking flight.,A short white-tipped tail and plump slate body sit low on ponds and marshes.,When diving it springs forward and disappears beneath freshwater in search of aquatic plants.,user_supplemented,Not provided by the authors; supplemented from the public prompt in paper Appendix E.2
138,bustard,A heavy terrestrial bird of open plains has long sturdy legs a thick neck and broad wings.,Males may show bold black-and-white plumage with chestnut patches and inflated neck feathers during display.,The small head and straight bill sit above an unusually massive turkeylike body.,Cryptically mottled females crouch among dry grass and steppe vegetation.,This powerful ground bird walks with a horizontal back and can launch into strong sustained flight.,Courtship may involve puffed white feathers raised whiskerlike plumes and deliberate strutting.,user_supplemented,Not provided by the authors; supplemented from the public prompt in paper Appendix E.2
139,ruddy turnstone,A compact shorebird has bright orange legs and a short wedge-shaped bill used to flip stones.,Breeding plumage forms a striking black-and-white facial pattern over a chestnut back.,Its stocky body and bold head markings stand out on rocky coastlines.,The bird rapidly overturns shells seaweed and pebbles while searching for hidden invertebrates.,In winter the face becomes plainer brown although the orange legs remain conspicuous.,A white belly and wing bars flash beneath mottled reddish-brown upperparts in flight.,user_supplemented,Not provided by the authors; supplemented from the public prompt in paper Appendix E.2
140,dunlin,A small sandpiper has a long gently downcurved black bill and dark legs.,In breeding season a large black belly patch contrasts with a rusty back and pale chest.,Winter plumage is smooth gray above and white below with a faint streaked breast.,Dense flocks feed along tidal mudflats probing rapidly into wet sediment.,A narrow white wing stripe and pale outer tail feathers become visible in flight.,The compact body often appears hunched as this coastal migrant searches shallow water.,user_supplemented,Not provided by the authors; supplemented from the public prompt in paper Appendix E.2
141,common redshank,A slender wader has vivid orange-red legs and a straight bill colored red at the base and dark at the tip.,Its breeding plumage is gray-brown above with dense black streaks across the white breast.,A broad white trailing edge flashes along the wings during flight.,The bird stands alert in shallow marshes with long colorful legs fully exposed.,In winter the plumage becomes muted gray while the warm-toned limbs remain diagnostic.,It often bobs and calls loudly as it walks through estuaries and wet grassland.,user_supplemented,Not provided by the authors; supplemented from the public prompt in paper Appendix E.2
142,dowitcher,A long-legged shorebird with a distinctive slightly curved bill.,This wader bird is often found near coastal areas.,"Has a slim, pointed bill for probing mud.",Usually has brown and gray feathers with streaks.,Commonly seen on mudflats during migration periods.,"Known for its graceful, rapid movements when foraging for food.",author_provided,Provided by the authors
143,oystercatcher,A bold black-and-white coastal wader has a long thick orange-red bill and pink legs.,Its powerful laterally flattened bill pries open shellfish on rocky shores and mudflats.,A dark hood and back contrast sharply with a clean white belly and wing patches.,The red eye is surrounded by a matching orbital ring on the black head.,This robust shorebird has a short neck and a direct flight with flashing white wing bars.,Juveniles may show a dark tip on the otherwise brightly colored chisel-like bill.,user_supplemented,Not provided by the authors; supplemented from the public prompt in paper Appendix E.2
144,pelican,An enormous waterbird has a very long bill with a flexible skin pouch hanging beneath it.,Its broad wings and heavy body are often seen gliding just above coastal waves.,The expandable throat sac scoops fish and drains water before swallowing.,Short legs end in fully webbed feet while the neck folds into an S shape at rest.,Plumage may be white gray or brown but the oversized bill dominates the silhouette.,Groups frequently float together or plunge spectacularly into the sea for fish.,user_supplemented,Not provided by the authors; supplemented from the public prompt in paper Appendix E.2
145,king penguin,A tall subantarctic penguin has a black head vivid orange ear patches and a golden wash down the upper chest.,Its long slender bill is black with orange coloring along the lower edge.,A sleek silver-gray back contrasts with a white belly and dark flippers.,Bright neck markings taper from the sides of the head toward the chest like painted teardrops.,This second-largest penguin stands upright in dense breeding colonies on rocky islands.,Juveniles may be covered in thick brown down before developing the sharply colored adult plumage.,user_supplemented,Not provided by the authors; supplemented from the public prompt in paper Appendix E.2
146,albatross,A giant oceanic seabird has extremely long narrow wings built for effortless dynamic soaring.,Its heavy hooked bill contains tubular nostrils and may be pale yellow or pink.,White plumage with dark upper wings creates a crosslike silhouette over open water.,The bird can glide for hours without flapping while following wind patterns across remote seas.,Large webbed feet and a bulky body appear awkward when it walks on nesting islands.,Some species have a dark eye patch or smoky mantle above an otherwise white head and breast.,user_supplemented,Not provided by the authors; supplemented from the public prompt in paper Appendix E.2
147,grey whale,"A large, migratory marine mammal with a mottled grey appearance, known for its long annual migrations.","Characterized by its thick, rough skin, this whale primarily feeds on small organisms like benthic invertebrates.","A baleen whale, it can grow up to 50 feet long, with a distinctive humped back and no dorsal fin.","Often seen along the coasts of North America, this species is famous for its coastal migration patterns.","This whale has a distinctive, grayish coloration with white patches and is known for feeding on the ocean floor.","Known for its close proximity to shorelines during migration, it is a species that thrives in shallow coastal waters.",author_provided,Provided by the authors
148,killer whale,A massive toothed whale has glossy black skin interrupted by a white eye patch and white underside.,A towering triangular dorsal fin rises from the back especially prominently in adult males.,The rounded head lacks a projecting beak and carries a pale gray saddle patch behind the fin.,Pods slice through cold ocean water with black backs and white flank markings repeatedly surfacing.,Broad paddle-shaped flippers and a powerful tail propel this apex marine predator.,Its unmistakable monochrome pattern wraps from the lower jaw across the belly and sides.,user_supplemented,Not provided by the authors; supplemented from the public prompt in paper Appendix E.2
149,dugong,A large gentle marine mammal has a rounded barrel-shaped body and paddlelike front flippers.,Its broad downturned muzzle is covered with short bristles for grazing seagrass.,Unlike a close Atlantic relative its tail splits into two pointed flukes like a whale's.,Smooth gray-brown skin and small eyes give the animal a placid heavy appearance underwater.,It feeds head-down over tropical seagrass beds while the streamlined body floats horizontally.,A pair of forelimbs steers the body but no hind limbs are visible behind the tapered torso.,user_supplemented,Not provided by the authors; supplemented from the public prompt in paper Appendix E.2
150,sea lion,A large marine mammal with external ear flaps.,"Characterized by a robust body and a long, thick neck.",Able to move on land using its front flippers.,Typically found along the Pacific coastlines.,Known for its playful behavior and barking calls.,"Has a sleek, streamlined body for efficient swimming.",author_provided,Provided by the authors
151,Chihuahua,A tiny companion dog has an apple-shaped head enormous upright ears and large round eyes.,Its very small body stands on fine legs above a tail carried in a curved loop over the back.,The short pointed muzzle and domed skull create an alert delicate expression.,Coats may be smooth or long and occur in nearly every color from fawn to black and white.,This diminutive dog often appears tucked beneath one arm or wrapped in clothing.,Despite its fragile scale it holds an erect posture with sharply pricked batlike ears.,user_supplemented,Not provided by the authors; supplemented from the public prompt in paper Appendix E.2
152,Japanese Chin,A compact toy dog has a broad rounded head short muzzle and large dark eyes set wide apart.,Long silky ear fringes frame a flat face with a characteristic surprised expression.,The coat is often black and white or red and white with symmetrical facial markings.,A plumed tail curls tightly over the back of its square little body.,Feathering covers the chest legs and hindquarters while the face remains smooth and short-haired.,Its aristocratic appearance combines a snub nose domed forehead and profuse flowing coat.,user_supplemented,Not provided by the authors; supplemented from the public prompt in paper Appendix E.2
153,Maltese,A tiny white companion dog is covered from head to floor in straight silky hair.,Dark round eyes and a black button nose stand out sharply against the pure white face.,Long ear hair blends into the curtainlike coat on either side of a compact body.,The tail forms a soft plume carried in a curl over the back.,When groomed for shows the glossy coat parts along the spine and sweeps the ground.,A topknot may gather the facial hair above an alert expression on this delicate toy-sized dog.,user_supplemented,Not provided by the authors; supplemented from the public prompt in paper Appendix E.2
154,Pekingese,A low compact toy dog has a flattened face broad head and a long mane of fur around the neck.,Its large dark eyes sit above a very short wrinkled muzzle and black nose.,The profuse coat may be golden red sable black or parti-colored with long feathering at the ears.,A plumed tail arches high over the short back while bowed front legs support the body.,The front-heavy silhouette and rolling gait evoke a miniature lion.,Dark facial masking often emphasizes the wide-set eyes beneath a dense flowing ruff.,user_supplemented,Not provided by the authors; supplemented from the public prompt in paper Appendix E.2
155,Shih Tzu,A small sturdy companion dog has a broad round head short muzzle and long flowing coat.,Hair grows upward over the nose creating a chrysanthemum-like facial pattern around large dark eyes.,Long pendant ears disappear into the dense silky fur on either side of the face.,A heavily plumed tail curls tightly over a compact level back.,The coat may be white with gold black liver or brindle patches and often reaches the floor.,Its short legs and slightly undershot jaw produce a distinctive proud front-facing expression.,user_supplemented,Not provided by the authors; supplemented from the public prompt in paper Appendix E.2
156,King Charles Spaniel,A small spaniel has enormous round brown eyes long feathered ears and a gently domed head.,The silky coat commonly combines rich chestnut patches with a pearly white background.,A short tapered muzzle and soft expression give the face a sweet doll-like appearance.,Long fringes trail from the ears chest legs and constantly wagging tail.,Its compact body has a slightly rounded skull unlike the flatter head of some related toy breeds.,A chestnut blaze may divide the white forehead and sometimes contains a small central colored spot.,user_supplemented,Not provided by the authors; supplemented from the public prompt in paper Appendix E.2
157,Papillon,A dainty toy spaniel has huge upright ears fringed with long hair that spread like butterfly wings.,Its fine pointed muzzle and alert dark eyes give the face a foxlike expression.,The white silky coat carries patches of black red sable or lemon across the head and body.,A long plumed tail arches over the back like a fountain.,Despite abundant ear and tail fringe the body coat is relatively flat and lacks a heavy undercoat.,The tiny elegant dog stands high on slender legs beneath its unmistakably wing-shaped ears.,user_supplemented,Not provided by the authors; supplemented from the public prompt in paper Appendix E.2
158,toy terrier,A very small smooth-coated dog has a wedge-shaped head erect pointed ears and an athletic compact body.,Fine straight legs and a tucked abdomen create the outline of a miniature working terrier.,The glossy coat is often black and tan with sharply defined rust markings above the eyes and on the muzzle.,Its narrow face ends in a black nose while bright eyes convey an intensely alert expression.,A short natural or docked tail may be carried upright above the level back.,This pocket-sized dog combines delicate bones with the energetic stance of a vermin hunter.,user_supplemented,Not provided by the authors; supplemented from the public prompt in paper Appendix E.2
159,Rhodesian Ridgeback,A large athletic hound has a short wheaten coat and a prominent ridge of hair running backward along the spine.,The body is muscular and balanced with a deep chest long legs and a gently curved tail.,A broad flat skull narrows to a strong muzzle beneath medium triangular drop ears.,The darker strip along the back is formed by hair growing in the opposite direction and often contains two crownlike whorls.,Its warm reddish-tan coat may be paired with a black or brown nose and subtle dark facial shading.,This powerful African hunting dog has a dignified stance and an unmistakable dorsal stripe.,user_supplemented,Not provided by the authors; supplemented from the public prompt in paper Appendix E.2
160,Afghan Hound,A tall elegant sighthound has a long narrow head and an extraordinarily flowing silky coat.,Long hair forms a topknot on the skull and drapes from the ears flanks legs and tail.,The slender body has prominent hip bones a deep chest and a distinctly tucked waist.,Its face may carry a dark mask beneath almond-shaped eyes and long pendant ears.,A high curved tail ends in a sparse ring or plume rather than a dense brush.,The aristocratic outline combines great height fine bones and a windswept coat in many colors.,user_supplemented,Not provided by the authors; supplemented from the public prompt in paper Appendix E.2
161,Basset Hound,A low-slung scent hound has extremely short legs a long heavy body and enormous drooping ears.,Loose facial skin creates deep wrinkles around mournful dark eyes and hanging jowls.,The long ears nearly touch the ground and frame a powerful muzzle built for following scent.,A white-tipped tail is carried upright above a coat commonly patched in black tan and white.,Massive paws and bowed forelegs support a deep chest close to the ground.,Its solemn expression elongated torso and slow rolling gait make the breed instantly recognizable.,user_supplemented,Not provided by the authors; supplemented from the public prompt in paper Appendix E.2
162,Beagle,A small hound breed is known for its keen sense of smell.,"Has a compact, muscular frame with a short coat.","A friendly and energetic dog, often used in hunting.","Ears are long and droopy, and set low on the head.",Famous for its ability to track scents across long distances.,Has a distinctive baying vocalization used when hunting.,author_provided,Provided by the authors
163,Bloodhound,A very large scent hound has loose wrinkled skin long pendulous ears and deeply drooping lips.,Its narrow domed head carries heavy folds that frame small deep-set eyes.,The body is tall and powerful with a short coat usually black and tan liver and tan or red.,Long ears hang in soft folds well below the jaw and help sweep scent toward the nose.,A substantial muzzle and hanging dewlap create a solemn dignified expression.,This tracking dog often works with its nose pressed to the ground and tail held high in a gentle curve.,user_supplemented,Not provided by the authors; supplemented from the public prompt in paper Appendix E.2
164,Bluetick Coonhound,A medium-sized hound breed with a striking blue-gray coat.,Known for its excellent tracking ability and scent detection.,Its coat features a mottled pattern with black and blue markings.,Typically has long ears and a drooping expression.,A determined and energetic breed used for hunting.,"It has a deep, distinct bark when on a scent trail.",author_provided,Provided by the authors
165,Black and Tan Coonhound,A large scent hound wears a glossy black coat with rich tan markings on the muzzle chest legs and eyebrows.,Exceptionally long velvety ears hang beside a broad domed head and deep brown eyes.,The tall rangy body has a deep chest powerful legs and a long curved tail.,Tan spots above the eyes create an expressive four-eyed appearance against the dark face.,Loose lips and a square muzzle emphasize its ancestry as a methodical nocturnal tracker.,The sharply defined two-tone pattern covers an otherwise sleek short-haired hunting dog.,user_supplemented,Not provided by the authors; supplemented from the public prompt in paper Appendix E.2
166,Treeing Walker Coonhound,A lean tricolor scent hound has a white base marked by a black saddle and warm tan head.,Long smooth ears frame a clean-cut face with large pleading brown eyes.,Its athletic body stands on straight long legs beneath a deep chest and level back.,Tan coloring extends over the muzzle and ears while white often forms a blaze up the forehead.,A long tail curves upward and usually ends in a conspicuous white tip.,The streamlined hunting dog resembles a tall fast-moving beagle built to pursue quarry for hours.,user_supplemented,Not provided by the authors; supplemented from the public prompt in paper Appendix E.2
167,English foxhound,A tall rangy pack hound has a short dense coat commonly patterned in white black and tan.,Its broad drop ears lie flat against a long clean head with a gentle alert expression.,Straight muscular legs and a deep chest create an endurance runner's rectangular outline.,The long tail is carried cheerfully but does not curl tightly over the back.,Color patches may be irregular or include traditional hound markings across the saddle head and flanks.,This robust dog is often pictured moving with a uniform pack across open countryside.,user_supplemented,Not provided by the authors; supplemented from the public prompt in paper Appendix E.2
168,Redbone Coonhound,A medium-large scent hound has a solid warm red coat with only small white markings permitted on chest or feet.,Long drooping ears frame a finely sculpted head with dark pleading eyes.,The sleek muscular body has a deep chest long straight legs and a high curved tail.,A black nose contrasts with the rich mahogany fur and clean unwrinkled muzzle.,Its athletic outline is lighter and more streamlined than heavier loose-skinned tracking breeds.,This energetic American hunting dog is recognizable by its nearly uniform copper-red coloring.,user_supplemented,Not provided by the authors; supplemented from the public prompt in paper Appendix E.2
169,borzoi,A tall and slender breed known for its speed and grace.,"Its long, silky coat and narrow face make it stand out.",Traditionally used for hunting large game like wolves in Russia.,"Has a narrow, aerodynamic build perfect for high-speed chases.",Known for its gentle and calm demeanor around families.,Has a unique anddistinctive curled tail and long legs.,author_provided,Provided by the authors
170,Irish Wolfhound,A gigantic rough-coated sighthound stands exceptionally tall on long powerful legs.,Its wiry gray brindle red or wheaten coat forms shaggy eyebrows and a modest beard.,The elongated head tapers to a strong muzzle beneath small folded ears.,A deep narrow chest rises into a pronounced abdominal tuck while a long tail hangs in a gentle curve.,Despite its imposing height the dog has a lean graceful outline rather than a bulky mastiff build.,Coarse tousled fur over a huge deerhound-like frame gives it a rugged ancient appearance.,user_supplemented,Not provided by the authors; supplemented from the public prompt in paper Appendix E.2
171,Italian Greyhound,A miniature sighthound has an extremely slender body fine bones and a smooth close coat.,The narrow head long muzzle and small folded ears sit above a gracefully arched neck.,A deep chest sweeps sharply upward into a dramatically tucked abdomen.,Long delicate legs and a curved low tail complete a fragile deerlike silhouette.,Coat colors vary widely but blue gray fawn black and white are common.,This tiny elegant racer often appears shivering or dressed in a sweater because of its very thin skin and sparse insulation.,user_supplemented,Not provided by the authors; supplemented from the public prompt in paper Appendix E.2
172,Whippet,A medium-sized sighthound has a streamlined muscular body deep chest and pronounced waist tuck.,Its long narrow head carries rose-shaped ears folded back against the skull.,The short smooth coat may be brindle fawn blue black white or combinations of these colors.,Long legs and an arched loin create a springy racing silhouette built for sudden speed.,The thin tapering tail curves gently downward and is never heavily feathered.,It resembles a smaller refined racing greyhound with a broader body than the tiniest related breed.,user_supplemented,Not provided by the authors; supplemented from the public prompt in paper Appendix E.2
173,Ibizan Hound,A tall slender Mediterranean hound has enormous upright ears and a long narrow head.,Its coat is usually red-and-white with sharply defined patches across a lean body.,Amber eyes and a flesh-colored nose harmonize with the warm chestnut markings.,The large mobile ears stand like elongated triangles above a fine wedge-shaped muzzle.,A deep chest tucked waist and long limbs reveal an agile rabbit-hunting sighthound.,The tail is long and thin while the overall outline resembles an ancient Egyptian canine image.,user_supplemented,Not provided by the authors; supplemented from the public prompt in paper Appendix E.2
174,Norwegian Elkhound,"A sleek, medium-sized dog breed known for its speed, grace, and narrow build, ideal for racing.","A fast, athletic canine with a refined, muscular body, often seen in competitive sprints.","This breed is known for its long, smooth coat and gentle temperament, excelling in agility.","A slender, quiet companion, often adored for its minimal grooming needs and affectionate nature.","With its deep chest and fine coat, this breed is recognized for its hunting and racing ability.","A swift, elegant dog, favored for its energy, intelligence, and exceptional ability to navigate tight spaces.",author_provided,Provided by the authors
175,Otterhound,A large shaggy scent hound has a rough oily double coat and heavily furred drooping ears.,Its broad head carries a large black nose bushy eyebrows and a substantial beard.,Webbed feet and a muscular body reflect work in rivers as well as on land.,The coat may be grizzle sandy black and tan or wheaten and looks naturally tousled.,A deep chest and long powerful tail support a rugged rectangular frame.,This rare hunting dog combines the face of a woolly hound with large paws suited to swimming.,user_supplemented,Not provided by the authors; supplemented from the public prompt in paper Appendix E.2
176,Saluki,A graceful Middle Eastern sighthound has a narrow head long legs and silky feathering on its ears and tail.,The smooth body coat may be cream fawn golden red black-and-tan or tricolor.,Long pendant ears drape beside an aristocratic face with large oval eyes.,A deep chest and extremely tucked waist form a delicate high-speed silhouette.,The long low-carried tail curves upward at the tip beneath a soft fringe.,Some individuals have feathering behind the legs while the slender torso remains sleek and lightly coated.,user_supplemented,Not provided by the authors; supplemented from the public prompt in paper Appendix E.2
177,Scottish Deerhound,"A large, graceful dog breed originally bred for hunting deer in the Scottish Highlands.","Scottish Deerhounds have long, wiry coats and a dignified, calm demeanor.",They are known for their incredible speed and ability to chase down large game.,"These dogs are friendly, gentle, and make excellent companions for active families.","Deerhounds are among the tallest dog breeds, with a commanding yet gentle presence.","Scientific name: *Canis lupus familiaris*, often called the ‘Royal Dog of Scotland’.",author_provided,Provided by the authors
178,Weimaraner,A sleek athletic gun dog has a short uniform silver-gray coat and pale amber or blue-gray eyes.,Its long head carries broad velvety drop ears and a strong muzzle beneath a slight occipital peak.,The deep chest long legs and tucked flank create a fast muscular outline.,A gray nose blends almost seamlessly into the unusual metallic coat color.,The tail is often docked short while the smooth skin reveals lean working musculature.,Its monochrome pewter appearance and intense light eyes have earned it a ghostlike reputation.,user_supplemented,Not provided by the authors; supplemented from the public prompt in paper Appendix E.2
179,Staffordshire Bull Terrier,A compact muscular bull-type dog has a broad head pronounced cheek muscles and a short smooth coat.,Small rose or half-pricked ears sit above round dark eyes and a medium-short muzzle.,The body is low and powerful with a wide chest strong neck and thick forelegs.,Coats occur in red fawn white black blue or brindle often with white patches.,A close-lipped expression and clearly defined stop distinguish the head without an excessively elongated snout.,This stocky energetic dog packs substantial muscle into a medium-small frame with a straight tapering tail.,user_supplemented,Not provided by the authors; supplemented from the public prompt in paper Appendix E.2
180,American Staffordshire Terrier,A strongly built bull-type dog has a broad blocky head muscular shoulders and a short glossy coat.,Its medium-sized body is athletic and heavier-boned than smaller related British stock.,High-set ears may be natural and folded while the muzzle is broad with powerful jaws.,Colors include blue black fawn red brindle and parti-color across a visibly defined physique.,A deep wide chest narrows into a firm abdomen above straight substantial legs.,The confident square stance and pronounced cheek muscles create a powerful but balanced silhouette.,user_supplemented,Not provided by the authors; supplemented from the public prompt in paper Appendix E.2
181,Bedlington Terrier,A graceful medium-sized dog with a narrow pear-shaped head and an arched flexible back.,Its crisp curly coat resembles lamb's wool and commonly appears blue-gray with a pale topknot.,Triangular ears hang close to the cheeks and end in small silky tassels.,Long slender legs and a tucked waist give this unusual terrier a light springy gait.,"The wedge-shaped skull is rounded above, with tiny dark eyes set beneath abundant pale curls.","Despite its sheep-like appearance, this fast muscular hunter was developed to pursue vermin in northern England.",user_supplemented,Not provided by the authors; supplemented from the public prompt in paper Appendix E.2
182,Border Terrier,A small wiry working dog with an otter-shaped head and a dense red or grizzled coat.,Its dark V-shaped ears fold forward beside an alert face with a short strong muzzle.,Long enough legs to follow horses distinguish this rugged hunter from shorter earth-dog breeds.,A thick loose hide and harsh weatherproof fur protect it while moving through brush and rocky country.,The compact body carries a moderately short tail upright above narrow hips.,Its expressive dark eyes and whiskered muzzle give this energetic British farm dog a determined look.,user_supplemented,Not provided by the authors; supplemented from the public prompt in paper Appendix E.2
183,Kerry Blue Terrier,A medium-sized dog covered in a soft wavy coat that matures from black to slate blue-gray.,Its long rectangular head bears a heavy beard and small V-shaped ears folded forward.,A muscular high-legged frame sits beneath abundant curls that should feel silky rather than wiry.,The dark coat gradually fades during youth into a distinctive cool gray-blue shade.,Deep-set eyes are almost hidden by facial furnishings above a strong square muzzle.,"This athletic Irish vermin hunter has a long neck, level back, and upright carried tail.",user_supplemented,Not provided by the authors; supplemented from the public prompt in paper Appendix E.2
184,Irish Terrier,A long-legged red dog with a wiry close-fitting coat and a narrow rectangular head.,"Its small dark eyes, forward-folding V-shaped ears, and bristly beard create an intense expression.","The athletic body is lean and racy, standing taller than many other earth-hunting dogs.","Coat colors range from bright red to golden-red, with no heavy markings or soft curls.",A flat skull and long powerful muzzle sit above a muscular neck and deep chest.,This bold farm hunter from Ireland carries its tail high and moves with an effortless ground-covering stride.,user_supplemented,Not provided by the authors; supplemented from the public prompt in paper Appendix E.2
185,Norfolk Terrier,"A tiny sturdy earth dog with a harsh straight coat in red, wheaten, black-and-tan, or grizzle.",Its drop ears fold neatly beside a broad slightly rounded skull and dark oval eyes.,"The compact body has very short legs, strong bone, and a level topline ending in an upright tail.",A foxlike expression and wiry whiskers accompany a dense weather-resistant jacket.,This British barn hunter is lower and rounder in outline than its closely related prick-eared cousin.,It carries an alert confident posture despite standing only about ten inches at the shoulder.,user_supplemented,Not provided by the authors; supplemented from the public prompt in paper Appendix E.2
186,Norwich Terrier,"A compact red or grizzled dog with short legs, a wiry coat, and sharply pointed upright ears.","Its foxlike face has dark oval eyes, a wedge-shaped muzzle, and shaggy eyebrows.",The sturdy rectangular body is small enough to enter burrows but carries a fearless upright stance.,A dense rough outer coat lies over a soft undercoat suited to cold damp farm country.,Its prick ears clearly distinguish this little East Anglian vermin hunter from a drop-eared relative.,The high-set tail rises above a level back and powerful hindquarters.,user_supplemented,Not provided by the authors; supplemented from the public prompt in paper Appendix E.2
187,Yorkshire Terrier,A tiny toy dog with a floor-length steel-blue coat and rich golden hair around the face.,Its straight silky fur parts along the spine and falls evenly down both sides of a compact body.,Small V-shaped ears stand erect above bright dark eyes and a short neat muzzle.,"A blue-gray saddle contrasts with warm tan coloring on the head, chest, and lower legs.","The fine coat is glossy and hairlike rather than woolly, often tied into a topknot above the eyes.","Despite its delicate appearance, this miniature English companion retains the alert confidence of a ratting dog.",user_supplemented,Not provided by the authors; supplemented from the public prompt in paper Appendix E.2
188,Wire Fox Terrier,A square-built dog with a dense white coat broken by black or tan markings and a wiry texture.,Its long narrow muzzle carries a bristly beard beneath small V-shaped ears that fold forward.,Straight powerful legs and a short level back create an athletic high-standing silhouette.,Dark round eyes sit beneath bushy brows on an otherwise flat wedge-shaped head.,The rough outer jacket overlays a softer undercoat and remains predominantly pale across the body.,This energetic fox hunter carries its tail upright and looks alert for movement around fields and burrows.,user_supplemented,Not provided by the authors; supplemented from the public prompt in paper Appendix E.2
189,Lakeland Terrier,"A sturdy long-legged earth dog with a harsh wiry coat in black-and-tan, red, wheaten, or blue-and-tan.","Its rectangular head features small folded ears, a strong muzzle, and thick facial furnishings.",A narrow flexible body allows it to squeeze through rocky passages while retaining an athletic stance.,The dense weatherproof jacket and beard frame dark keen eyes with a mischievous expression.,"This northern English vermin hunter has a deep chest, level back, and high-set upright tail.",Its coat often shows a dark saddle over warm tan legs and face.,user_supplemented,Not provided by the authors; supplemented from the public prompt in paper Appendix E.2
190,Sealyham Terrier,"A low sturdy dog clothed in a long hard white coat, with a rectangular head and abundant facial hair.","Its broad skull, heavy eyebrows, and forward-folding ears frame dark oval eyes.",Short powerful legs support a compact body that is longer than it is tall.,"The predominantly white jacket may carry lemon, tan, or badger markings around the head and ears.",A dense beard covers the strong square jaws of this Welsh burrow-hunting breed.,Its tail stands upright over a level back while the flexible body moves close to the ground.,user_supplemented,Not provided by the authors; supplemented from the public prompt in paper Appendix E.2
191,Airedale Terrier,"A large, active dog breed with a distinct long coat, often used for hunting and herding.","Airedales are known for their intelligence, agility, and energetic nature, making them great working dogs.","Their coat is dense and wiry, requiring regular grooming to maintain its appearance.","This breed is known for being friendly, loyal, and protective of its family.",The Airedale Terrier is often called the ‘King of Terriers’ for its size and demeanor.,"Scientific name: *Canis lupus familiaris*, originally bred in England for hunting purposes.",author_provided,Provided by the authors
192,Cairn Terrier,"A small shaggy dog with upright pointed ears and a weatherproof coat in cream, wheaten, gray, red, or brindle.",Its broad head and short muzzle are framed by bushy eyebrows and a tousled ruff.,A compact body on short sturdy legs ends in a naturally carried tail held high.,Dark sparkling eyes and a black nose create a foxlike expression beneath rough facial hair.,The double coat looks scruffy but protects this hardy Scottish vermin hunter from rocky ground and rain.,"Unlike many pale companion breeds, its fur may be strongly brindled or nearly black.",user_supplemented,Not provided by the authors; supplemented from the public prompt in paper Appendix E.2
193,Australian Terrier,"A small rough-coated dog with upright ears, a long body, and short but sturdy legs.","Its harsh straight jacket commonly appears blue-and-tan, sandy, or solid red with a softer undercoat.","A long head, dark keen eyes, and a distinct neck ruff create an alert working appearance.",The body is slightly longer than tall and carries a high-set tail without curling over the back.,Its coarse facial furnishings include modest brows and a beard rather than a silky topknot.,"Developed for harsh farm country, this compact hunter has more leg and a longer muzzle than many toy-sized companions.",user_supplemented,Not provided by the authors; supplemented from the public prompt in paper Appendix E.2
194,Dandie Dinmont Terrier,A low elongated dog with a large silky topknot and a curved body unlike most earth-hunting breeds.,Its long pendulous ears hang beside a broad head with enormous dark expressive eyes.,A crisp mixture of soft and hard hairs forms a pepper-gray or mustard-golden coat.,The back rises in a gentle arch over the loins before dropping toward a short curved tail.,Very short front legs and a deep chest support an unusually long flexible torso.,A distinctive pale crown of hair contrasts with the darker muzzle and furnishings of this Scottish hunter.,user_supplemented,Not provided by the authors; supplemented from the public prompt in paper Appendix E.2
195,Boston Terrier,"A compact square dog with a tuxedo-like black-and-white coat, huge round eyes, and upright ears.",Its short broad muzzle and flat face sit beneath a white blaze running between dark facial patches.,The smooth glossy coat may be seal or brindle with crisp white chest and muzzle markings.,A naturally short tail and gently arched neck complete a neat muscular companion silhouette.,"Large pointed ears rise from a rounded skull, giving this small American dog an alert expression.","The body is sturdy but refined, with straight legs and a level topline.",user_supplemented,Not provided by the authors; supplemented from the public prompt in paper Appendix E.2
196,Miniature Schnauzer,"A small square dog with a wiry salt-and-pepper coat, prominent eyebrows, and a rectangular beard.",Its compact body and sturdy legs are paired with small V-shaped ears that fold forward.,A long brick-shaped muzzle carries thick whiskers beneath deep-set dark oval eyes.,"The coarse double jacket may be black, silver, or mixed gray and is clipped short across the torso.",Bushy leg furnishings and facial hair contrast with a neatly groomed back and neck.,This smallest bearded German farm dog has a lively alert stance and a high-set tail.,user_supplemented,Not provided by the authors; supplemented from the public prompt in paper Appendix E.2
197,Giant Schnauzer,A powerful tall dog with a harsh black or salt-and-pepper coat and imposing bearded face.,Its large square frame combines a long rectangular head with heavy eyebrows and folded V-shaped ears.,Dense coarse fur covers a muscular body built for driving livestock and guarding property.,The pronounced whiskers and brows frame dark deep-set eyes above a strong blunt muzzle.,Long legs and a substantial chest make it far larger than other similarly groomed German farm dogs.,The solid dark silhouette carries an alert high-set tail and strides with forceful reach.,user_supplemented,Not provided by the authors; supplemented from the public prompt in paper Appendix E.2
198,Standard Schnauzer,A medium-sized square dog with a coarse pepper-and-salt jacket and a strongly whiskered rectangular muzzle.,"Its arched eyebrows, folded V-shaped ears, and deep dark eyes form a recognizable bearded face.",The sturdy working body stands midway in size between two closely related German varieties.,A wiry outer coat overlays dense underfur and may be pure black or banded gray.,"Straight forelegs, a compact back, and a high-set tail give it an alert balanced outline.",Facial and leg furnishings remain longer while the neck and torso are commonly clipped close.,user_supplemented,Not provided by the authors; supplemented from the public prompt in paper Appendix E.2
199,Scottish Terrier,"A compact low dog with a hard black coat, upright pointed ears, and a long bearded muzzle.",Its rectangular body stands on short powerful legs beneath a dense weather-resistant jacket.,Small deep-set eyes peer from under shaggy brows while the sharply erect ears define the head.,"The outer coat may appear black, brindle, or dark wheaten and forms a distinctive skirt along the sides.",A strong neck and broad chest lead to a tail carried vertically above the back.,This dignified Scottish vermin hunter has an unmistakable long head and serious silhouette.,user_supplemented,Not provided by the authors; supplemented from the public prompt in paper Appendix E.2
200,Tibetan Terrier,A medium-sized shaggy dog with a profuse double coat falling over its eyes and face.,"Despite its name, the square athletic body was developed as a highland herder rather than an earth hunter.","Large flat feet act like snowshoes beneath long hair in white, black, gold, gray, or mixed colors.",A heavily feathered tail curls over the back while pendant V-shaped ears disappear beneath the coat.,The abundant fine outer hair may be straight or wavy but should not form tight curls.,Its sturdy hidden frame and agile gait contrast with the appearance of a floor-length tousled jacket.,user_supplemented,Not provided by the authors; supplemented from the public prompt in paper Appendix E.2
201,Australian Silky Terrier,A tiny elegant dog with a long straight blue-and-tan coat and sharply upright V-shaped ears.,Fine glossy hair parts along the spine and falls close to the floor without a woolly undercoat.,A wedge-shaped head carries a silky topknot above small almond-shaped dark eyes.,"The body is low and refined but slightly longer than tall, with light-boned upright legs.",Rich tan colors the face and feet while cool blue-gray covers the neck and torso.,"This Australian companion is larger and more elongated than a similar English toy breed, with a notably silky jacket.",user_supplemented,Not provided by the authors; supplemented from the public prompt in paper Appendix E.2
202,Soft-coated Wheaten Terrier,A medium-sized Irish farm dog covered in a soft flowing pale-gold coat rather than wiry fur.,Its gently wavy jacket falls over a square muscular body and hides dark almond-shaped eyes beneath a fringe.,The warm coat ranges from light beige to honey and is born darker before gradually fading.,"A rectangular head carries small folded ears, a black nose, and a substantial beard.",Long leg furnishings and a softly waving body coat move freely as this agile dog runs.,The single-colored silky texture and cheerful shaggy face distinguish this versatile herder and vermin hunter.,user_supplemented,Not provided by the authors; supplemented from the public prompt in paper Appendix E.2
203,West Highland White Terrier,A small sturdy white dog with pointed upright ears and a rough double coat.,Its dark round eyes and black button nose stand out against a bright shaggy face.,The compact body has short powerful legs and a tail carried upright without curling.,A dense pale jacket forms a modest ruff around the neck and a scruffy fringe over the brow.,The foxlike expression and triangular ears remain visible above abundant weatherproof fur.,"This confident Scottish earth dog is always white, a color selected to make it visible among rocks and brush.",user_supplemented,Not provided by the authors; supplemented from the public prompt in paper Appendix E.2
204,Lhasa Apso,A small ancient companion with a long heavy coat parted down the back and a tail curled over the spine.,Its narrow rectangular body stands on short legs hidden beneath floor-length hair.,"Long facial furnishings form a beard and moustache around a black nose, while hair often covers the eyes.","Pendant ears disappear into dense golden, cream, black, or parti-colored fur.","The coat is straight and hard-textured rather than woolly, with a prominent cascade over the head.",This high-altitude palace dog has a level topline and a surprisingly sturdy build beneath its ornate jacket.,user_supplemented,Not provided by the authors; supplemented from the public prompt in paper Appendix E.2
205,Flat-Coated Retriever,A large sleek gundog with a glossy solid-black coat and long feathering on legs and tail.,"Its broad head has a long muzzle, dark almond eyes, and pendant ears covered in smooth hair.","The silhouette is racier and leaner than many retrieving breeds, with a level back and deep chest.",A long straight tail carried nearly level is richly feathered but never curled.,The dense coat lies flat across the torso and shimmers as this energetic swimmer moves.,"This cheerful water retriever is usually jet black, though a rare liver-colored form also occurs.",user_supplemented,Not provided by the authors; supplemented from the public prompt in paper Appendix E.2
206,Curly-coated Retriever,A tall athletic water dog covered from head to tail in tight crisp black or liver curls.,"Its wedge-shaped head, small pendant ears, and long muzzle carry the same dense ringlets as the body.",The coat forms an uninterrupted mass of small waterproof curls without feathered flat areas.,A deep chest and long legs create a graceful outline above a strong straight tail.,This rare retrieving dog has a comparatively narrow head and an alert self-possessed expression.,Dense dark curls protect the entire body during work in cold lakes and marshes.,user_supplemented,Not provided by the authors; supplemented from the public prompt in paper Appendix E.2
207,Golden Retriever,A sturdy friendly gundog with a lustrous pale-cream to rich-gold double coat.,"Its broad gentle face has dark brown eyes, a black nose, and soft ears hanging beside the cheeks.","Long feathering flows along the chest, underside, backs of the legs, and waving tail.",A muscular balanced body and water-resistant coat support enthusiastic swimming and retrieving.,The dense outer hair may be straight or wavy but always forms a recognizable golden mantle.,"Its broad head, warm expression, and plumed tail create one of the most familiar family-dog silhouettes.",user_supplemented,Not provided by the authors; supplemented from the public prompt in paper Appendix E.2
208,Labrador Retriever,"A strongly built short-haired retriever with a broad head, thick tapering tail, and pendant ears.","Its dense waterproof coat comes in solid black, yellow, or chocolate without long feathering.",A wide muzzle and kind brown or hazel eyes sit above a powerful deep-chested body.,The rounded tail is thick at the base like that of an aquatic mammal and acts as a rudder while swimming.,Webbed feet and a weather-resistant undercoat suit long hours retrieving birds from cold water.,This popular family dog has a clean athletic outline and an eager open-mouthed expression.,user_supplemented,Not provided by the authors; supplemented from the public prompt in paper Appendix E.2
209,Chesapeake Bay Retriever,A powerful water retriever with a dense wavy coat in brown shades resembling marsh vegetation.,"Its broad rounded head has small high-set ears, yellowish or amber eyes, and a strong tapered muzzle.",The oily double jacket may range from dark cocoa to dry-grass brown and often waves across shoulders and back.,"A deep wide chest, strong hindquarters, and webbed feet equip it to break through icy water.","The tail is moderately long and heavy at the base, carried straight rather than curled.",Its serious expression and rugged muscular build reflect a working dog developed around a large American bay.,user_supplemented,Not provided by the authors; supplemented from the public prompt in paper Appendix E.2
210,German Shorthaired Pointer,A lean athletic hunting dog with a short liver-and-white coat covered in spots or patches.,"Its clean-cut head has a long muzzle, brown nose, and broad ears hanging flat beside the cheeks.","Long legs, a deep chest, and a tucked waist create a powerful ground-covering silhouette.",The short dense jacket may be solid liver or patterned with fine ticking and large brown areas.,An alert stance often includes one forepaw lifted and the nose aimed toward hidden game.,Its docked or natural tail extends level from a straight back while it searches open fields.,user_supplemented,Not provided by the authors; supplemented from the public prompt in paper Appendix E.2
211,Vizsla,"A sleek rust-gold hunting dog with a short coat, long pendant ears, and an aristocratic narrow head.","Its entire body is a uniform warm reddish shade, including a nose that blends with the coat.","A deep chest, long legs, and tightly tucked waist create a graceful muscular outline.",The silky ears hang close to the cheeks while amber eyes give a gentle attentive expression.,This energetic Hungarian field dog often freezes with one paw raised when scenting game.,The smooth unmarked coat reveals lean muscles and an effortless far-reaching stride.,user_supplemented,Not provided by the authors; supplemented from the public prompt in paper Appendix E.2
212,English Setter,"A large elegant bird dog with a white coat densely flecked or patched in black, blue-gray, orange, or tan.",Its long feathered ears frame an oval head with a pronounced stop and soft dark eyes.,"Silky fringes flow from the chest, belly, legs, and long tail beneath an otherwise flat coat.","Dark speckles merge into a blue-toned appearance across some individuals, while the muzzle remains white and mottled.",The athletic body is longer than tall and moves with a low graceful hunting stride.,A feathered tail extends level behind this field dog as it pauses to indicate hidden birds.,user_supplemented,Not provided by the authors; supplemented from the public prompt in paper Appendix E.2
213,Irish Setter,A tall graceful gundog with a rich mahogany-red coat and abundant silky feathering.,Its long narrow head carries soft pendant ears set low and close to the cheeks.,"Fine hair flows from the chest, legs, belly, and sweeping tail while remaining shorter on the face.",A lean deep-chested body and long legs give this solid-colored hunter a racy silhouette.,Dark almond eyes and a slender muzzle lend a gentle aristocratic expression.,The gleaming red jacket has no black patches and streams behind the dog as it runs across fields.,user_supplemented,Not provided by the authors; supplemented from the public prompt in paper Appendix E.2
214,Gordon Setter,"A substantial bird dog with a glossy black coat marked by rich chestnut patches on the muzzle, chest, and legs.",Long silky ears hang beside a broad sculpted head with dark thoughtful eyes.,"Feathering covers the chest, belly, legs, and straight tail while the black back remains comparatively smooth.",The sturdy deep body is heavier and more deliberate in outline than red-coated related hunting dogs.,Tan spots above the eyes and warm markings around the feet contrast with a coal-dark jacket.,This Scottish field dog carries its head high and moves with a powerful steady stride.,user_supplemented,Not provided by the authors; supplemented from the public prompt in paper Appendix E.2
215,Brittany dog,"A compact orange-and-white bird dog with long legs, a short dense coat, and high-set feathered ears.",Its athletic body is nearly square and shorter-backed than most spaniel-shaped hunting dogs.,"The coat may be orange-and-white or liver-and-white, often with ticking and irregular patches.","A rounded head, tapered muzzle, and bright amber or hazel eyes create an eager expression.",The naturally short or docked tail moves rapidly as this energetic hunter searches dense cover.,"Moderate fringes appear on ears and legs, but the body jacket remains flat and relatively sparse.",user_supplemented,Not provided by the authors; supplemented from the public prompt in paper Appendix E.2
216,Clumber Spaniel,"A large, sturdy breed known for its laid-back temperament and distinctive white coat with orange markings.","Originally bred for hunting, this dog excels at tracking and retrieving game in the field.","It has a broad head, short legs, and a thick, waterproof coat ideal for hunting in cold conditions.","The breed is known for being affectionate, calm, and loyal, making it a great family companion.","Clumber Spaniels are also skilled in scent detection, often used in search and rescue roles.","Scientific name: *Canis lupus familiaris*, a domesticated breed of dog originating from England.",author_provided,Provided by the authors
217,English Springer Spaniel,A medium-sized sporting dog with a liver-and-white or black-and-white coat and long feathered ears.,Its compact muscular body stands higher on the leg than smaller spaniel companions.,A broad slightly rounded head carries soft pendant ears and kindly almond-shaped eyes.,"Feathering flows from the chest, belly, legs, and constantly wagging tail beneath a weatherproof jacket.",Large colored patches and fine ticking commonly cover the white body of this energetic flushing dog.,Its balanced outline and powerful hindquarters suit bounding through dense cover to spring hidden birds.,user_supplemented,Not provided by the authors; supplemented from the public prompt in paper Appendix E.2
218,Welsh Springer Spaniel,A sturdy red-and-white sporting dog with a tapered head and comparatively smaller ears.,Its rich crimson patches contrast sharply with a pearly white coat across a compact symmetrical body.,"Straight silky feathering hangs from the chest, underside, legs, and gently moving tail.","The head is slightly domed, with a long clean muzzle and soft brown eyes.",This rare flushing dog is somewhat smaller and less heavily built than a closely related English variety.,Red freckles may appear on the muzzle and legs beneath flat weather-resistant hair.,user_supplemented,Not provided by the authors; supplemented from the public prompt in paper Appendix E.2
219,Cocker Spaniel,A small sporting dog with very long low-set ears and abundant silky feathering around a compact body.,"Its rounded head, pronounced brow, and large dark eyes create a soft pleading expression.","The muzzle is short and square compared with larger field spaniels, ending in a broad nose.","Coat colors include solid black, golden, liver, and parti-colored combinations with flowing fringes.","A short back and deep chest sit above feathered legs, while the tail is carried level and wagging.",The lush ear hair and domed skull distinguish this popular companion from taller flushing dogs.,user_supplemented,Not provided by the authors; supplemented from the public prompt in paper Appendix E.2
220,Sussex Spaniel,A low long-bodied sporting dog with a rich golden-liver coat and a serious wrinkled expression.,Its broad head carries heavy pendulous ears set low beside large hazel eyes.,"The rectangular body is massive for its height, supported by short strong legs and large feet.","A flat or slightly wavy single-colored jacket forms moderate feathering along the chest, legs, and tail.",Loose skin and a pronounced brow make this rare British flushing dog appear thoughtful or solemn.,Its deep chest travels close to the ground as the sturdy hunter pushes methodically through thick cover.,user_supplemented,Not provided by the authors; supplemented from the public prompt in paper Appendix E.2
221,Irish Water Spaniel,A tall distinctive water dog with a mass of tight liver-colored curls and a smooth bare-looking face.,Its narrow head carries long pendant ears covered in ringlets and a prominent curly topknot.,The tail is thick at the base but tapers to a nearly hairless whip-like point.,"Dense waterproof curls cover the body while the muzzle, throat, and lower tail remain short and smooth.",A deep chest and long powerful legs give this brown retriever the tallest outline among spaniel-type dogs.,The rich maroon jacket and rat-like tail form an unmistakable silhouette beside lakes and marshes.,user_supplemented,Not provided by the authors; supplemented from the public prompt in paper Appendix E.2
222,Kuvasz,A very large white livestock guardian with a dense wavy double coat and a strongly built square body.,"Its wedge-shaped head has almond-shaped dark eyes, a black nose, and V-shaped ears hanging close.",The long pale coat forms a mane around the neck and feathering on the legs and tail.,"Despite abundant fur, the outline is athletic rather than bulky, with long legs and a deep chest.",A plumed tail hangs low at rest and may lift gently when the dog becomes alert.,"This Hungarian flock protector is always ivory or white, allowing shepherds to distinguish it from predators at night.",user_supplemented,Not provided by the authors; supplemented from the public prompt in paper Appendix E.2
223,Schipperke,"A small, black, spitz-type dog known for its fox-like appearance and energetic personality.","Schipperkes are compact, with a thick double coat and a signature curled tail.","They are intelligent, loyal, and often used as herders or watchdogs.",This breed is known for its alertness and tendency to be independent but affectionate.,Schipperkes are known for being good family pets and thrive in active households.,"Scientific name: *Canis lupus familiaris*, originally bred in Belgium for herding and guarding.",author_provided,Provided by the authors
224,Groenendael dog,A medium-sized Belgian shepherd is covered entirely in long straight black fur.,A narrow wedge-shaped head carries erect triangular ears and alert dark eyes.,A dense mane around the neck frames an elegant square-proportioned body.,Feathering along the legs and a bushy low-carried tail accent the flowing coat.,Its athletic silhouette combines a deep chest with fine-boned muscular limbs.,The uniformly ebony coat distinguishes this vigilant herding dog from related Belgian varieties.,user_supplemented,Not provided by the authors; supplemented from the public prompt in paper Appendix E.2
225,Malinois,A lean square-built Belgian herder has a short fawn coat and a charcoal facial mask.,Large upright triangular ears rise above an angular wedge-shaped head.,Black shading covers the muzzle and ear tips while the body remains warm tan.,Long straight legs and a deep but narrow chest create an agile working silhouette.,Its close-fitting coat reveals powerful yet lightly built muscles.,An alert intense expression and high-set erect ears suit this fast police and military dog.,user_supplemented,Not provided by the authors; supplemented from the public prompt in paper Appendix E.2
226,Briard,"A large shaggy herding dog wears a long wavy coat in black, gray, or tawny shades.","Long hair forms a beard, mustache, and eyebrows around a broad rectangular head.",Its natural ears hang beside dark eyes partly hidden by abundant facial furnishings.,A muscular body and substantial bone are concealed beneath a coarse goatlike outer coat.,The tail is carried low with a slight upward hook and is covered in long feathering.,This rustic French shepherd has a long-haired silhouette and confident springy gait.,user_supplemented,Not provided by the authors; supplemented from the public prompt in paper Appendix E.2
227,Australian Kelpie,A lithe Australian herder has a short double coat commonly colored black and tan or red and tan.,Tall sharply pointed ears stand above an alert foxlike head.,"Tan markings appear over the eyes, on the muzzle, chest, and lower legs.",A narrow athletic frame and long limbs give this working dog exceptional agility.,The tail hangs in a gentle curve and may have a small brush of fur.,Its intense gaze and pricked ears accompany a tireless stance suited to controlling livestock.,user_supplemented,Not provided by the authors; supplemented from the public prompt in paper Appendix E.2
228,Komondor,A very large white livestock guardian is draped in long cords resembling thick mop strands.,The dense coat naturally forms tassels that hang from head to feet and obscure the eyes.,A massive muscular body remains almost entirely hidden beneath an ivory corded covering.,"Long felted locks provide a weatherproof curtain over the chest, legs, and tail.",Its broad head and drop ears blend into the profuse white coat.,The unmistakable floor-length cords sway heavily as this imposing guardian moves.,user_supplemented,Not provided by the authors; supplemented from the public prompt in paper Appendix E.2
229,Old English Sheepdog,A large square-bodied herder has a profuse shaggy gray-and-white coat covering its face.,Long hair falls over the eyes while a broad dark nose protrudes from the furry head.,The hindquarters often appear higher than the shoulders beneath a dense tousled coat.,White commonly covers the head and forequarters while gray patches blanket the body.,"Its natural tail may be short, and the rolling gait gives a bear-like impression.",Abundant fur forms a rounded silhouette with thick legs and an indistinct neck.,user_supplemented,Not provided by the authors; supplemented from the public prompt in paper Appendix E.2
230,Shetland Sheepdog,A small refined sheepdog has a long wedge-shaped muzzle and abundant neck ruff.,"Its dense straight coat may be sable and white, tricolor, or blue mottled with black.",Small ears tip forward at their upper ends above bright almond-shaped eyes.,A long feathered tail follows a lightly built body with a deep narrow chest.,"White markings often form a collar, blaze, chest patch, and socks.",This miniature-looking herder combines a flowing coat with an alert elegant outline.,user_supplemented,Not provided by the authors; supplemented from the public prompt in paper Appendix E.2
231,collie,A graceful herding dog has a long tapered head and a luxuriant mane around the neck.,"The rough-coated form carries abundant sable, tricolor, blue-mottled, or white fur.",Small ears stand partly erect with the tips folding neatly forward.,A narrow refined muzzle and almond-shaped eyes create a gentle intelligent expression.,Its long body coat flows over a deep chest while the tail hangs with a slight upward sweep.,The smooth-coated form retains the same lean wedge-headed silhouette with much shorter fur.,user_supplemented,Not provided by the authors; supplemented from the public prompt in paper Appendix E.2
232,Border Collie,A highly intelligent and energetic herding dog known for its agility and trainability.,Border Collies are often recognized for their exceptional work ethic and need for physical stimulation.,They have a thick double coat that can vary in color and a characteristic intense gaze.,These dogs are often used for herding sheep and other livestock due to their instinctive skills.,Border Collies require plenty of exercise and mental challenges to keep them content and healthy.,"Scientific name: *Canis lupus familiaris*, a breed of dog considered one of the most intelligent.",author_provided,Provided by the authors
233,Bouvier des Flandres dog,"A powerful square herding dog has a rough tousled coat in dark gray, black, or brindle.","Heavy eyebrows, a full beard, and mustache frame a broad serious face.",Its compact muscular body stands on strong legs with substantial bone.,A dense harsh outer coat creates a rugged silhouette suited to wet farm work.,Natural ears fold forward and the tail is carried high when the dog is alert.,Facial furnishings partly conceal dark oval eyes beneath a broad flat skull.,user_supplemented,Not provided by the authors; supplemented from the public prompt in paper Appendix E.2
234,Rottweiler,"A robust black working dog displays sharply defined rust markings on the face, chest, and legs.",A broad head with a powerful short muzzle sits above a thick muscular neck.,Small triangular ears fold forward close to the skull.,"The compact body has a deep chest, level back, and heavy-boned legs.",Rust spots above the eyes create a distinctive four-eyed expression.,Its short glossy coat reveals a formidable yet balanced square silhouette.,user_supplemented,Not provided by the authors; supplemented from the public prompt in paper Appendix E.2
235,German Shepherd Dog,A large athletic shepherd has erect pointed ears and a long black muzzle.,Its tan body commonly carries a dark saddle across the back and shoulders.,A sloping topline descends toward powerful hindquarters and a bushy saber-shaped tail.,The elongated body stands on strong limbs with noticeably angulated rear legs.,A dense medium-length double coat frames an alert wedge-shaped head.,Black-and-tan coloring and a vigilant upright stance identify this versatile working dog.,user_supplemented,Not provided by the authors; supplemented from the public prompt in paper Appendix E.2
236,Dobermann,A sleek muscular dog has a short black or brown coat with precise rust-colored points.,Its long wedge-shaped head carries cropped-looking upright ears or natural folded ears.,"Tan markings appear above the eyes, on the muzzle, chest, and lower legs.","A deep chest, tucked waist, and long clean limbs create a fast elegant outline.",The neck is arched and the tail may be naturally long or traditionally shortened.,Its alert stance and smooth close-fitting coat emphasize an athletic guard-dog physique.,user_supplemented,Not provided by the authors; supplemented from the public prompt in paper Appendix E.2
237,Miniature Pinscher,A tiny sleek dog has a short black-and-rust or solid red coat over a compact body.,Tall erect ears and bright oval eyes give the wedge-shaped head an alert expression.,Fine straight legs support a square muscular frame weighing only a few kilograms.,"Rust points often mark the eyebrows, muzzle, chest, and feet.",The high-stepping gait and proud neck carriage resemble a much larger pinscher in miniature.,Its natural tail curves upward while the glossy coat closely outlines the body.,user_supplemented,Not provided by the authors; supplemented from the public prompt in paper Appendix E.2
238,Greater Swiss Mountain Dog,A very large tricolored working dog has a short black coat with rust and white markings.,A broad white blaze runs down the face to a white muzzle and chest.,"Rust patches sit above the eyes, on the cheeks, and along the legs.",Its massive heavy-boned body stands squarely on powerful limbs.,Drop ears frame a broad flat skull above a strong blunt muzzle.,A long tail and comparatively short coat distinguish this imposing Swiss cart dog.,user_supplemented,Not provided by the authors; supplemented from the public prompt in paper Appendix E.2
239,Bernese Mountain Dog,A large sturdy mountain dog wears a long silky black coat with rust points and white trim.,A broad white blaze divides the face and continues onto the muzzle and chest.,"Rust markings accent the eyebrows, cheeks, and legs beneath a predominantly black body.","Feathering covers the ears, legs, and long bushy tail.",Its broad head and gentle dark eyes accompany a heavy-boned working frame.,The tricolored flowing coat creates a soft outline around this powerful Alpine farm dog.,user_supplemented,Not provided by the authors; supplemented from the public prompt in paper Appendix E.2
240,Appenzeller Sennenhund,A medium-sized Swiss farm dog has a short tricolor coat and a tail curled tightly over its back.,"Black covers the body while rust points and crisp white markings decorate the face, chest, and feet.",Small triangular ears fold close to a wedge-shaped alert head.,Its square athletic frame is lighter and more agile than the largest Swiss mountain dogs.,A white blaze and muzzle contrast with symmetrical tan patches above the eyes.,The conspicuous ring-shaped tail distinguishes this lively cattle-driving companion.,user_supplemented,Not provided by the authors; supplemented from the public prompt in paper Appendix E.2
241,Entlebucher Sennenhund,A compact muscular Swiss cattle dog has a short tricolor coat and a naturally short tail.,"Black fur is broken by rust eyebrows, cheeks, and legs plus a white chest and blaze.",Small pendant triangular ears frame a broad slightly tapered head.,Its long-backed low-set outline stands on sturdy but agile legs.,The tail may be a blunt bob or a modest straight length rather than a high curl.,"A smooth glossy coat reveals the smallest, fastest-built member of the Swiss mountain-dog group.",user_supplemented,Not provided by the authors; supplemented from the public prompt in paper Appendix E.2
242,Boxer,"A medium-sized muscular dog has a square muzzle, undershot jaw, and deeply wrinkled forehead.",Its short coat is commonly fawn or brindle with white on the chest and feet.,A dark mask covers the broad blunt muzzle below expressive brown eyes.,"The compact square body combines a deep chest, tucked abdomen, and strong limbs.",Natural ears fold forward beside a high domed skull.,An alert stance and blunt jowly face contrast with an athletic close-coated frame.,user_supplemented,Not provided by the authors; supplemented from the public prompt in paper Appendix E.2
243,Bullmastiff,A massive short-coated guardian has a broad wrinkled head and a dark facial mask.,"The fawn, red, or brindle body is heavy-boned with a deep wide chest.",A short square muzzle and hanging jowls sit beneath small V-shaped ears.,Its muscular frame appears nearly square and carries considerable weight without long legs.,Dark shading surrounds the nose and eyes against a warm-colored coat.,A thick tapering tail hangs behind an imposing yet balanced mastiff-like silhouette.,user_supplemented,Not provided by the authors; supplemented from the public prompt in paper Appendix E.2
244,Tibetan Mastiff,A gigantic guardian is covered by a dense long coat forming a heavy mane around the neck.,Its broad bear-like head has a short square muzzle and small deep-set eyes.,"Drop ears blend into abundant black, brown, blue-gray, or gold fur.",A plumed tail curls high over the back above powerful heavily boned hindquarters.,Thick feathering between the toes and around the legs suits cold high-altitude terrain.,The lionlike ruff and massive rectangular body create an imposing mountain silhouette.,user_supplemented,Not provided by the authors; supplemented from the public prompt in paper Appendix E.2
245,French Bulldog,A small compact companion has enormous upright bat-shaped ears and a flat square muzzle.,Its broad head is wrinkled between round dark eyes above a short upturned nose.,A smooth coat covers a muscular body with a narrow waist and naturally short tail.,The front legs stand wide beneath a deep chest while the hindquarters are slightly higher.,"Coat colors include brindle, fawn, cream, or pied patches.",Large rounded ears and a blunt expressive face dominate the sturdy low-set outline.,user_supplemented,Not provided by the authors; supplemented from the public prompt in paper Appendix E.2
246,Great Dane,An exceptionally tall dog has a long rectangular head and a powerful elegant body.,Long straight legs raise the deep chest far above the ground while the abdomen tucks sharply upward.,"The short smooth coat appears in fawn, brindle, black, blue-gray, or bold black-and-white patches.",Natural ears fold beside a broad muzzle with slightly hanging lips.,Its long tapering tail hangs in a gentle curve behind a nearly square frame.,The towering silhouette combines immense height with clean athletic lines rather than bulky fur.,user_supplemented,Not provided by the authors; supplemented from the public prompt in paper Appendix E.2
247,St. Bernard,A gigantic red-and-white mountain rescue dog has a broad head and heavy jowls.,A dark facial mask surrounds the eyes while a white blaze crosses the forehead and muzzle.,The powerful body may carry either a short dense coat or a longer feathered one.,Drop ears lie close to the cheeks above a deep chest and massive paws.,"White commonly covers the chest, feet, tail tip, and collar against reddish patches.",Its imposing heavy-boned form and gentle expression suit a historic snow-rescue companion.,user_supplemented,Not provided by the authors; supplemented from the public prompt in paper Appendix E.2
248,husky,"A medium-sized northern sled dog has erect ears, a thick double coat, and a bushy curved tail.",The wedge-shaped head often carries a pale facial mask around alert almond-shaped eyes.,Dense fur and compact catlike feet protect it in snowy working conditions.,Its athletic body is built for endurance with a deep chest and strong hindquarters.,"Coat colors and markings vary widely across gray, black, red, and white.",A wolfish outline and energetic forward pull are common among these cold-climate working dogs.,user_supplemented,Not provided by the authors; supplemented from the public prompt in paper Appendix E.2
249,Alaskan Malamute,A large powerful Arctic sled dog has a broad head and a very dense coarse coat.,Its heavily plumed tail curls over the back while sturdy legs support a deep chest.,"Gray-and-white, black-and-white, sable, or red markings frame a pale face.",Small triangular ears stand apart above brown almond-shaped eyes.,The substantial bone and broad paws reflect strength developed for hauling heavy loads.,A thick neck ruff and robust body make it larger and heavier than faster racing sled dogs.,user_supplemented,Not provided by the authors; supplemented from the public prompt in paper Appendix E.2
250,Siberian Husky,"A medium-sized sled dog has a fine wolfish face, erect ears, and a thick but smooth double coat.","Blue, brown, or mismatched almond-shaped eyes appear within a crisp pale facial mask.",Its brush tail forms a gentle sickle above a compact athletic body.,"Gray, black, red, or agouti coloring contrasts with white legs and underparts.",The build is lighter and more refined than that of heavy freight-hauling northern dogs.,Quick balanced movement and moderately boned limbs suit long-distance travel over snow.,user_supplemented,Not provided by the authors; supplemented from the public prompt in paper Appendix E.2
251,Dalmatian,A sleek white dog is covered with sharply defined round black or liver-colored spots.,The spotted pattern extends across the short coat from head to long tapering tail.,A long clean head and folded ears sit above an athletic square-proportioned body.,Puppies begin nearly plain white before distinct coin-shaped markings develop.,"Its deep chest, tucked waist, and strong straight legs create an endurance-running silhouette.",Dark spots also mark the ears and sometimes the skin beneath the glossy coat.,user_supplemented,Not provided by the authors; supplemented from the public prompt in paper Appendix E.2
252,Affenpinscher,A tiny shaggy companion has a short muzzle and a monkeylike facial expression.,"Harsh wiry fur forms a beard, mustache, and bushy eyebrows around dark round eyes.","The coat is often black but may be gray, silver, red, or black-and-tan.",Small erect or folded ears top a domed head above a compact square body.,Its rough facial furnishings project outward and emphasize the undershot jaw.,A confident upright posture contrasts with the toy-sized frame and tousled coat.,user_supplemented,Not provided by the authors; supplemented from the public prompt in paper Appendix E.2
253,Basenji,A small elegant African hunting dog has a tightly curled tail and a finely wrinkled forehead.,"Its short glossy coat may be chestnut, black, brindle, or tricolor with white feet and chest.",Large pointed ears stand erect above almond-shaped eyes and a tapered muzzle.,Long clean legs support a lightly built square body with a tucked abdomen.,The tail coils closely over one hip like a compact ring.,A poised alert stance and distinctive forehead creases accompany this nearly barkless hound.,user_supplemented,Not provided by the authors; supplemented from the public prompt in paper Appendix E.2
254,pug,A compact toy dog has a deeply wrinkled round face and an extremely short black muzzle.,Large dark globular eyes sit above an undershot jaw and small folded ears.,"Its smooth fawn, apricot, silver, or black coat covers a sturdy square body.",A tightly curled tail rests over one hip above rounded hindquarters.,The forehead forms deep symmetrical folds around a blunt upturned nose.,Short legs and a broad chest produce a stocky silhouette despite the dog's small size.,user_supplemented,Not provided by the authors; supplemented from the public prompt in paper Appendix E.2
255,Leonberger,A giant long-haired dog has a black facial mask and a thick lionlike mane.,"The tawny, reddish-brown, or golden coat often ends in darker ear tips and muzzle.",A broad head with pendant ears rises above a powerful yet balanced rectangular body.,Heavy feathering covers the legs and long bushy tail.,Its deep chest and massive bone are softened by an abundant water-resistant coat.,The imposing mountain-dog silhouette combines a dark masked face with warm-colored flowing fur.,user_supplemented,Not provided by the authors; supplemented from the public prompt in paper Appendix E.2
256,Newfoundland dog,A massive water dog has a broad head and a dense flat coat commonly colored solid black.,Small triangular drop ears lie close to the skull above a strong square muzzle.,Its huge webbed paws and muscular body support powerful swimming in cold seas.,"The thick oily coat may also be brown, gray, or black-and-white.",A broad rudderlike tail is covered with dense fur and carried low.,The bear-like outline and gentle expression accompany a historic working companion of fishermen.,user_supplemented,Not provided by the authors; supplemented from the public prompt in paper Appendix E.2
257,Great Pyrenees dog,A very large white livestock guardian has a weather-resistant coat and a plumed tail.,Its abundant neck ruff frames a wedge-shaped head with small folded ears.,Dark almond-shaped eyes and a black nose contrast sharply with snowy fur.,The tail may curl over the back when alert but hangs low at rest.,A few pale gray or tan markings sometimes appear around the ears.,The imposing mountain guardian combines heavy bone with an elegant flowing white silhouette.,user_supplemented,Not provided by the authors; supplemented from the public prompt in paper Appendix E.2
258,Samoyed,A medium-sized white Arctic dog has a dazzling fluffy coat and a tail curled over its back.,Dark almond-shaped eyes and upturned mouth corners create a characteristic smiling expression.,Small upright triangular ears emerge from a dense ruff around the head.,The profuse double coat stands away from the body and forms feathered trousers on the hind legs.,Its black nose and lips contrast vividly with pure white or biscuit-tinted fur.,A plumed tail rests across the back above a sturdy square working frame.,user_supplemented,Not provided by the authors; supplemented from the public prompt in paper Appendix E.2
259,Pomeranian,A tiny fox-faced companion is wrapped in an enormous fluffy double coat.,Small pointed ears rise above bright eyes and a short tapered muzzle.,A heavily plumed tail fans forward and lies flat across the back.,The dense neck ruff makes the compact body appear nearly spherical.,"Coat colors range from orange and cream to black, brown, white, and parti-colored.",Fine straight legs and tiny paws are partly hidden beneath the abundant stand-off fur.,user_supplemented,Not provided by the authors; supplemented from the public prompt in paper Appendix E.2
260,Chow Chow,"A sturdy dog has a broad head, deeply set eyes, and a distinctive blue-black tongue.",Its dense rough coat forms a lionlike ruff around the neck and shoulders.,Small thick triangular ears tilt slightly forward above a short broad muzzle.,The high-set tail curls closely over the back of a square heavy-boned body.,"Red, cinnamon, black, blue-gray, or cream fur covers nearly straight rear legs.",A scowling expression and stilted gait accompany the compact bear-like silhouette.,user_supplemented,Not provided by the authors; supplemented from the public prompt in paper Appendix E.2
261,Keeshond,A medium-sized spitz has a thick gray-and-black coat and a richly plumed tail curled over its back.,Dark spectacle-like markings surround expressive brown eyes on a pale face.,Small pointed ears stand erect above a foxlike muzzle and black nose.,A dense silver neck ruff frames the head while black-tipped guard hairs cover the body.,The compact square frame stands on feathered legs with small rounded feet.,Its characteristic facial spectacles and mixed charcoal coat distinguish this alert northern companion.,user_supplemented,Not provided by the authors; supplemented from the public prompt in paper Appendix E.2
262,brussels griffon,A tiny square companion has a short upturned nose and an almost humanlike scowling face.,Large round dark eyes sit beneath a domed forehead framed by rough wiry fur.,A beard and mustache project from the chin around a broad undershot jaw.,"Coats may be red, black, black-and-tan, or reddish mixed with black.",Small high-set ears and a short body create a compact cobby outline.,The rough-coated form has spiky facial furnishings while the smooth-coated form retains the same flat face.,user_supplemented,Not provided by the authors; supplemented from the public prompt in paper Appendix E.2
263,Pembroke Welsh Corgi,"A low-set herding dog has very short legs, a long body, and large upright ears.",Its naturally short or docked-looking tail leaves the rounded hindquarters unobscured.,"Red, sable, fawn, or black-and-tan fur is paired with white on the face, chest, and feet.",A foxlike head and broad smile sit above a sturdy deep-chested frame.,The ears taper to rounded points and stand prominently apart.,Its compact tailless-looking silhouette distinguishes it from the closely related long-tailed Welsh variety.,user_supplemented,Not provided by the authors; supplemented from the public prompt in paper Appendix E.2
264,Cardigan Welsh Corgi,"A low sturdy herding dog has a long body, short legs, and an unmistakable full brush tail.",Large upright ears have noticeably rounded tips above a foxlike face.,"Coats occur in red, sable, brindle, black-and-white, or blue mottled patterns.","White often marks the neck, chest, muzzle, underside, and feet.",The front feet turn slightly outward beneath a deep broad chest.,A long sweeping tail and larger rounded ears distinguish it from the other familiar Welsh low-legged herder.,user_supplemented,Not provided by the authors; supplemented from the public prompt in paper Appendix E.2
265,Toy Poodle,A small dog breed known for its curly coat and playful nature.,"Often seen as a companion dog, it enjoys being pampered and trained.",Its elegant appearance and miniature size make it a favorite pet choice.,This breed has a highly intelligent and trainable temperament.,"Known for its hypoallergenic coat, making it a good choice for allergy sufferers.","They are friendly, affectionate, and great with families and children.",author_provided,Provided by the authors
266,Miniature Poodle,A small elegant dog has a dense curly coat and a refined narrow muzzle.,Its square compact frame stands taller than the toy variety but remains lightly built.,Long ears hang close to the face beneath abundant tightly curled hair.,"The coat may be white, black, brown, gray, apricot, or cream and sheds very little.",A high-set tail and springy gait accompany long slender legs with small oval feet.,Careful grooming often shapes the body fur closely while leaving rounded cuffs and a head crest.,user_supplemented,Not provided by the authors; supplemented from the public prompt in paper Appendix E.2
267,Standard Poodle,A tall athletic dog has a dense woolly coat of tight curls over a square body.,Its long straight muzzle and dark oval eyes create a refined alert expression.,Pendant ears are covered in profuse curly hair and lie close to the cheeks.,"Long legs, a deep chest, and a tucked abdomen reveal origins as an agile water retriever.",Traditional grooming leaves rounded pompons at the joints and fuller hair around the chest.,"The solid-colored coat may be black, white, brown, gray, apricot, or cream.",user_supplemented,Not provided by the authors; supplemented from the public prompt in paper Appendix E.2
268,Mexican hairless dog (xoloitzcuintli),A nearly naked companion dog has smooth dark skin and a tall elegant silhouette.,Large upright batlike ears dominate a narrow wedge-shaped head.,"Sparse tufts may appear on the crown, feet, and tail while most of the body remains bare.","Its warm skin can be black, slate, bronze, reddish, or mottled with pale spots.",A long tapering tail follows a lean deep-chested body with slender legs.,The alert expression and absence of a normal fur coat make this ancient Mesoamerican breed unmistakable.,user_supplemented,Not provided by the authors; supplemented from the public prompt in paper Appendix E.2
269,grey wolf,"A large wild canid has a dense grizzled coat, broad muzzle, and upright rounded ears.",Long legs support a deep narrow chest above oversized paws suited to traveling great distances.,"Gray, brown, black, cream, and reddish hairs blend across the heavy double coat.",A bushy tail hangs low behind a powerful straight-backed body.,Pale cheeks and throat frame amber eyes set beneath a broad forehead.,"It moves in coordinated packs through forests, tundra, and open wilderness.",user_supplemented,Not provided by the authors; supplemented from the public prompt in paper Appendix E.2
270,Alaskan tundra wolf,A pale northern canid has an exceptionally thick white or cream winter coat.,Its compact ears and heavily furred paws reduce heat loss across frozen treeless terrain.,A broad head and powerful body are carried on long sturdy legs.,Gray shading may run along the back while the underside and face remain much lighter.,The dense bushy tail hangs behind a deep-chested silhouette adapted to severe cold.,It travels across snowy plains in social packs while hunting large Arctic prey.,user_supplemented,Not provided by the authors; supplemented from the public prompt in paper Appendix E.2
271,red wolf or maned wolf,A medium-sized wild canid has a tawny red coat shaded with black and gray along the back.,Its lean body stands on relatively long legs and ends in a bushy tail with a dark tip.,"Large upright ears frame a broad muzzle, giving the animal a look between a coyote and a gray forest hunter.","Reddish fur is most vivid on the head, ears, and legs while the shoulders often appear dusky.","This wary North American predator moves through forests, wetlands, and coastal prairie in small family groups.","A narrow chest, high legs, and mixed cinnamon-and-charcoal coloring distinguish its athletic silhouette.",user_supplemented,Not provided by the authors; supplemented from the public prompt in paper Appendix E.2
272,coyote,"A lean North American canid has a narrow muzzle, tall pointed ears, and a bushy tail.",Its mottled gray-tan coat carries reddish tones on the legs and ears.,Long slim limbs and a tucked abdomen create a lighter silhouette than that of a large pack canid.,A dark stripe may run along the back to a black-tipped tail held low while moving.,It often stands alert in grassland or desert with oversized ears turned toward faint sounds.,The adaptable predator has a sharp face and pale cream throat beneath a grizzled saddle.,user_supplemented,Not provided by the authors; supplemented from the public prompt in paper Appendix E.2
273,dingo,"A wild dog native to Australia, often characterized by a lean, muscular body.","Typically has a short coat, and a bushy tail with a distinctive curved shape.","It hunts in packs, often preying on smaller animals like kangaroos and birds.","Known for its sharp, intelligent eyes and a primitive instinct for survival.","A versatile predator, it adapts well to the harsh Australian outback climate.",The dingo’s wild nature and howls distinguish it from domesticated dogs.,author_provided,Provided by the authors
274,dhole,"A reddish wild canid has a long body, short dense coat, and a dark bushy tail.",Rounded upright ears sit above a broad skull and comparatively short muzzle.,Its coat ranges from rusty red to charcoal brown with pale underparts.,The animal hunts cooperatively in forested hills across southern and eastern Asia.,A black tail contrasts with red legs and a warm-colored torso.,Its sturdy pack-hunting silhouette falls between a fox and a medium-sized domestic dog.,user_supplemented,Not provided by the authors; supplemented from the public prompt in paper Appendix E.2
275,African wild dog,"A long-legged canid displays an irregular patchwork coat of black, white, tan, and yellow.",Huge rounded ears rise above a short dark muzzle and broad forehead.,Each individual carries a unique mottled pattern across its lean athletic body.,A white-tipped bushy tail is raised during coordinated pack movement across savanna.,The narrow waist and deep chest suit prolonged pursuit of prey in open country.,Its oversized ears and boldly painted coat create an unmistakable social predator.,user_supplemented,Not provided by the authors; supplemented from the public prompt in paper Appendix E.2
276,hyena,"A heavy-shouldered carnivore has a sloping back, rounded ears, and powerful crushing jaws.",The forequarters stand noticeably higher than the hindquarters beneath a coarse spotted or striped coat.,A broad muzzle and thick neck lead into long front legs and a short bristly tail.,Dark tear-like facial markings may frame the eyes above a blunt black nose.,Its loping gait follows from the descending topline and relatively short rear legs.,This scavenging predator ranges across open grassland with an ungainly doglike silhouette.,user_supplemented,Not provided by the authors; supplemented from the public prompt in paper Appendix E.2
277,red fox,"A small, cunning mammal with a striking reddish coat, known for its adaptability and agility.","This creature features a bushy tail and sharp features, commonly found in forests and urban areas.","A clever predator, recognized by its orange-red fur and white underbelly, often hunting small prey.","A nocturnal animal with a vibrant coat and pointed ears, known for its resourceful nature.","This animal is famous for its bushy tail and vibrant fur, thriving in diverse habitats.","A wild mammal with a distinctive reddish coat, often seen prowling through fields and woodlands.",author_provided,Provided by the authors
278,kit fox,"A tiny desert canid has enormous ears, a delicate muzzle, and a pale sandy-gray coat.",Long ears radiate heat above a narrow face marked by dark eyes and nose.,Its slim legs and lightly built body stand only slightly above low scrub.,Dense fur covers the soles of its feet for movement across hot loose sand.,A long bushy tail has a conspicuous black tip and is carried low.,The small nocturnal hunter blends into arid western landscapes with muted tan coloring.,user_supplemented,Not provided by the authors; supplemented from the public prompt in paper Appendix E.2
279,Arctic fox,A compact northern canid wears a dense white winter coat and has very small rounded ears.,Its short muzzle and heavily furred paws minimize exposed surface in extreme cold.,During summer the coat changes to brown or gray above paler underparts.,A thick bushy tail can wrap around the face while the animal rests on snow.,The low sturdy body appears almost spherical beneath exceptionally insulating fur.,It hunts across treeless polar tundra and may trail larger predators for scraps.,user_supplemented,Not provided by the authors; supplemented from the public prompt in paper Appendix E.2
280,grey fox,A medium-sized canid has grizzled salt-and-pepper fur and a black stripe along its bushy tail.,"Its back is gray while the neck, sides, and legs often show rusty reddish patches.",A narrow pointed muzzle sits beneath tall oval ears and a dark facial mask.,The tail ends in a black tip and may display a distinct dark crest along its upper surface.,"Unlike many related canids, it readily climbs trees using hooked curved claws.",A low elongated torso and coarse coat accompany its solitary woodland habits.,user_supplemented,Not provided by the authors; supplemented from the public prompt in paper Appendix E.2
281,tabby cat,"A domestic feline has bold stripes, spots, or swirls across a brown, gray, or orange coat.",A dark M-shaped marking commonly appears on the forehead between expressive eyes.,Narrow bands ring the legs and tail while darker lines trace the cheeks.,The classic pattern forms broad marbled whorls along the flanks.,Short soft fur covers a familiar compact body with upright ears and long whiskers.,Its patterned coat provides camouflage through alternating light and dark bands.,user_supplemented,Not provided by the authors; supplemented from the public prompt in paper Appendix E.2
282,tiger cat,A short-haired domestic feline has narrow dark vertical stripes resembling those of a large striped predator.,"Bold bands descend from the spine over an orange, brown, or gray background.",The forehead carries an M-shaped mark while the tail and legs are ringed.,Its athletic body is covered by a fine mackerel pattern rather than broad marbled swirls.,Dark facial lines radiate from the eyes across the cheeks toward the whiskers.,A striped household feline sits alert with pointed ears and a long banded tail.,user_supplemented,Not provided by the authors; supplemented from the public prompt in paper Appendix E.2
283,Persian cat,"A gentle, affectionate creature, often sought after for its stunning appearance and serene personality cat.","A luxurious feline known for its long, silky fur and calm, affectionate personality.","This breed is characterized by its distinctive flat face and thick, long fur, making it a plush lap cat.","Known for its elegance, this long-haired feline enjoys a peaceful lifestyle and a high-maintenance grooming routine.","A refined companion with a plush, flowing coat and sweet, docile temperament.","Known for its elegance, a long fur, making it a plush lap cat.",author_provided,Provided by the authors
284,Siamese cat,"A slender short-haired feline has a pale cream body with dark points on the face, ears, feet, and tail.",Vivid blue almond-shaped eyes dominate a narrow triangular head.,Large pointed ears widen the elegant wedge-shaped facial outline.,The long tubular body stands on fine legs and ends in a thin tapering tail.,"Seal, chocolate, blue-gray, or lilac extremities contrast strongly with the warm pale torso.",A dark facial mask and striking blue gaze make this vocal companion immediately recognizable.,user_supplemented,Not provided by the authors; supplemented from the public prompt in paper Appendix E.2
285,Egyptian Mau,"A graceful spotted domestic feline has a silver, bronze, or smoke-colored short coat.",Random dark spots cover the torso while the legs and tail show bands.,A characteristic dark mark resembling a scarab or letter M sits on the forehead.,Large gooseberry-green eyes are outlined by dark mascara-like lines.,"Its hind legs are slightly longer than the front, creating an agile poised stance.",The naturally dotted coat and loose flank skin suit exceptional sprinting and jumping.,user_supplemented,Not provided by the authors; supplemented from the public prompt in paper Appendix E.2
286,cougar,A large tawny wild feline has a small rounded head and an exceptionally long heavy tail.,Its uniform sandy coat lacks spots in adults and fades to cream on the underside.,"Powerful hindquarters, broad paws, and a deep chest support long leaps across rugged terrain.",Rounded ears have dark backs but no prominent tufts.,The lengthy cylindrical tail provides balance while the animal climbs and pursues prey.,A muscular body and pale muzzle create a sleek silhouette across American mountains and forests.,user_supplemented,Not provided by the authors; supplemented from the public prompt in paper Appendix E.2
287,lynx,A medium-sized wild feline has a short bobbed tail and triangular ears tipped with black tufts.,Long legs and oversized furred paws help it move through deep snow.,The facial ruff spreads outward from the cheeks beneath pale alert eyes.,"A mottled gray, tawny, or reddish coat bears faint spots and streaks.",The short tail commonly ends in a completely dark tip.,Its broad-pawed high-legged silhouette inhabits cold forests and rocky wilderness.,user_supplemented,Not provided by the authors; supplemented from the public prompt in paper Appendix E.2
288,leopard,A powerful spotted feline has a golden coat covered in dark rosettes without central dots.,Its long body and tail move silently through African and Asian forests or rocky terrain.,The head is relatively small above muscular shoulders and strong climbing limbs.,Dark rosettes cluster densely across the back while solid spots mark the face and legs.,It often rests draped over a tree branch with its lengthy tail hanging below.,A pale underside and white-tipped tail contrast with the richly patterned golden flanks.,user_supplemented,Not provided by the authors; supplemented from the public prompt in paper Appendix E.2
289,snow leopard,This elusive big cat is found in mountainous regions of Central and South Asia.,"Snow leopards are known for their thick fur, which provides camouflage in snowy environments.","They have a long, bushy tail that helps them balance in steep, rocky habitats.","This species is adapted to high-altitude life, with wide, powerful paws that act like snowshoes.","The snow leopard is an endangered species, threatened by poaching and habitat loss.","Scientific name: *Panthera uncia*, a solitary carnivore known for its ability to survive in harsh environments.",author_provided,Provided by the authors
290,jaguar,A stocky large feline has a broad head and golden fur marked by rosettes containing central spots.,Its extremely powerful jaws sit within a wide blunt muzzle above a compact muscular neck.,Black markings form broken rings with dots inside along the flanks.,The animal often inhabits dense American rainforest and swims across rivers with ease.,Short sturdy limbs and a thick tail create a heavier silhouette than other rosette-coated cats.,"Some individuals are nearly black, though their dark rosette pattern remains visible in strong light.",user_supplemented,Not provided by the authors; supplemented from the public prompt in paper Appendix E.2
291,lion,A large carnivorous mammal with a powerful build and a distinctive mane.,"Native to Africa, lions are known for their social behavior, living in prides.",Their golden fur and roaring sound are iconic features of the wild.,"A top predator, lions hunt large prey like antelope and zebras.","Lions are often seen as a symbol of strength, courage, and royalty.",Known for their fierce protection of territory and pride members.,author_provided,Provided by the authors
292,tiger,"Exhibits vibrant orange fur with unique, irregular black vertical stripes covering the body.","Possesses a large, muscular build conveying significant strength and power.",Shows a bright white underbelly and facial areas contrasting sharply with the main fur color.,"Has rounded ears featuring distinctive white spots on the back, resembling eyes for defensive purposes.","Commonly depicted as solitary, often alone in dense forests or grassy habitats.",Typically found in environments with thick vegetation and dense woodland backgrounds.,author_provided,Provided by the authors
293,cheetah,A slim long-legged feline has a golden coat covered with small solid round black spots.,Two dark tear stripes run from the inner eyes down the sides of the muzzle.,"A deep chest, narrow waist, and flexible spine create a specialized sprinting silhouette.",The small rounded head and short muzzle contrast with exceptionally long limbs.,Black rings circle the tail toward a pale or white tip.,Nonretractable claws and a lightweight body aid rapid pursuit across open savanna.,user_supplemented,Not provided by the authors; supplemented from the public prompt in paper Appendix E.2
294,brown bear,"A large mammal with a thick, brown coat and powerful limbs for hunting.","Its habitat ranges from forests to tundras, and it is often seen near water.","Known for its hibernation habits during winter, when it enters a deep sleep.","A top predator in its environment, it often feeds on fish, berries, and small mammals.",This species has a robust build and is known for its strength and agility.,"Scientific name: *Ursus arctos*, it is found across North America, Europe, and Asia.",author_provided,Provided by the authors
295,American black bear,A large forest-dwelling omnivore has glossy dark fur and a pale brown muzzle.,Rounded ears rise above a broad head while powerful limbs end in curved claws.,A compact body and relatively short tail are covered by dense black or cinnamon-brown hair.,Some individuals display a small white crescent on the chest.,The straight facial profile and tall mobile ears contrast with the shoulder hump of a larger brown relative.,It frequently climbs trees and may stand upright to inspect its surroundings.,user_supplemented,Not provided by the authors; supplemented from the public prompt in paper Appendix E.2
296,polar bear,"A massive white marine mammal has a long neck, small ears, and enormous furred paws.","Black skin shows through around the nose, lips, and foot pads beneath translucent pale hair.",Its elongated streamlined head has a narrow muzzle suited to hunting on sea ice.,The large forepaws act as paddles during long swims through frigid water.,A thick layer of fat and dense coat create a bulky body with a very short tail.,Adults roam snowy polar coasts where the ivory coloring blends into ice.,user_supplemented,Not provided by the authors; supplemented from the public prompt in paper Appendix E.2
297,sloth bear,A shaggy black mammal has a long pale mobile snout and a white V-shaped chest patch.,Long curved claws extend from inward-turning feet specialized for opening termite mounds.,Its loose coarse fur forms a mane around the neck and shoulders.,Large protruding lips and a gap between the front teeth aid powerful insect suction.,The lanky body appears disheveled beneath an especially long dark coat.,Small ears and eyes sit behind an unusually extended cream-colored muzzle.,user_supplemented,Not provided by the authors; supplemented from the public prompt in paper Appendix E.2
298,mongoose,"A small elongated carnivore has short legs, a pointed face, and a long tapering tail.","Its coarse brown, gray, or reddish coat lies close to a low flexible body.",Small rounded ears and bright eyes sit above a narrow muzzle used to investigate burrows.,Quick movements carry it through grassland and scrub while hunting snakes and rodents.,Sharp nonretractile claws equip the compact paws for digging.,The sleek low profile resembles a mustelid but ends in a longer less bushy tail.,user_supplemented,Not provided by the authors; supplemented from the public prompt in paper Appendix E.2
299,meerkat,A small sandy-colored mammal stands upright on its hind legs to scan the horizon.,Dark patches encircle the eyes above a pointed muzzle and small rounded ears.,A slender body and long thin tail rise above dry southern African ground.,Individuals often gather in groups beside burrow entrances with sentinels watching for danger.,Long front claws dig rapidly through hard soil in search of insects.,Faint horizontal bands cross the back beneath a grizzled tan coat.,user_supplemented,Not provided by the authors; supplemented from the public prompt in paper Appendix E.2
300,tiger beetle,"A fast ground-running insect has huge bulging eyes, long legs, and powerful sickle-shaped jaws.","Metallic green, blue, bronze, or purple wing covers often carry pale spots.",Its head is broader than the narrow thorax and turns toward nearby movement.,Long spindly legs hold the body above open sand while it chases prey.,Sharp curved mandibles cross at the front like paired ivory hooks.,Bright iridescent armor and a narrow waist distinguish this active predatory coleopteran.,user_supplemented,Not provided by the authors; supplemented from the public prompt in paper Appendix E.2
301,ladybug,A small dome-shaped insect has glossy red or orange wing covers dotted with black spots.,Its rounded shell-like back contrasts with a tiny black head and short legs.,The hardened forewings open to reveal delicate transparent wings underneath.,Some forms are yellow or black with contrasting spots rather than the familiar red pattern.,A compact hemispherical body crawls across leaves while hunting plant pests.,Short clubbed antennae project from beneath the front edge of the brightly patterned dome.,user_supplemented,Not provided by the authors; supplemented from the public prompt in paper Appendix E.2
302,ground beetle,A dark elongated insect has hard ridged wing covers and long running legs.,Its flattened black or metallic body moves rapidly beneath stones and leaf litter.,Large forward-facing mandibles equip this nocturnal predator to seize small invertebrates.,Threadlike antennae extend from a head narrower than the armored thorax.,The longitudinal grooves on its wing cases create a subtly striped surface.,Most forms are matte black and remain close to soil rather than climbing vegetation.,user_supplemented,Not provided by the authors; supplemented from the public prompt in paper Appendix E.2
303,longhorn beetle,An elongated insect has antennae as long as or much longer than its entire body.,"Its cylindrical hard-shelled torso may show vivid bands, spots, or mottled barklike colors.",Long segmented feelers sweep outward from beside notched compound eyes.,The thorax can bear sharp lateral spines ahead of parallel wing covers.,It often rests on trunks where its patterned body blends with wood and lichen.,A narrow body and extraordinarily extended antennae form an unmistakable silhouette.,user_supplemented,Not provided by the authors; supplemented from the public prompt in paper Appendix E.2
304,leaf beetle,"A small oval insect has smooth hard wing covers often colored metallic green, blue, or bronze.",Its short antennae and compact legs tuck beneath a rounded polished shell.,Many forms chew neat holes in foliage while sitting openly on plants.,The domed body may carry bright stripes or contrasting spots against a glossy background.,Its head is partly recessed beneath the front shield of the thorax.,Paired wing cases meet in a straight seam along the back of this plant-feeding coleopteran.,user_supplemented,Not provided by the authors; supplemented from the public prompt in paper Appendix E.2
305,dung beetle,A robust dark insect has a broad armored body and a shovel-shaped head.,Powerful toothed front legs rake and push compact balls of animal waste.,"The glossy shell may be black, bronze, green, or blue with strong longitudinal grooves.",Some males carry a prominent horn rising from the head or thorax.,It walks close to the ground with bowed legs while maneuvering a round food mass.,A rounded heavy carapace and spade-like forelimbs suit digging beneath nutrient-rich deposits.,user_supplemented,Not provided by the authors; supplemented from the public prompt in paper Appendix E.2
306,rhinoceros beetle,"A large, robust beetle known for its horn-like structure on the male's head.",The males use their horns to fight other males for territory or mates during breeding season.,This beetle is typically found in tropical and subtropical regions around the world.,"Rhinoceros beetles can grow to be quite large, with some species reaching over 6 inches in length.","The larvae feed on rotting wood, contributing to the decomposition process in their habitat.","Scientific name: *Dynastes*, a genus of large beetles with impressive horns.",author_provided,Provided by the authors
307,weevil,"A small, plant-eating insect recognized for its distinctive elongated snout.","Weevils are often harmful to crops, particularly grains and seeds, as they feed on them.","Their larvae burrow into plants, causing damage that can lead to crop loss or spoilage.","Weevils are easily identified by their curved, hard body and long, curved mouthpart.","They are widespread, with thousands of species found across various habitats around the world.","Scientific name: *Curculionoidea*, a superfamily that includes numerous plant-damaging species.",author_provided,Provided by the authors
308,fly,A small two-winged insect has enormous compound eyes and short bristlelike antennae.,Only one functional pair of transparent wings extends above a compact segmented body.,Large reddish or dark eyes occupy most of the highly mobile head.,Sticky foot pads allow it to walk across glass and other smooth surfaces.,"The body may be gray, black, metallic, or brightly patterned with a pair of balancing knobs behind the wings.",It often rubs its front legs together while a flexible mouthpart probes exposed food.,user_supplemented,Not provided by the authors; supplemented from the public prompt in paper Appendix E.2
309,bee,"A small flying insect that collects nectar, creating honey and playing a role in pollination.","Known for its yellow and black stripes, this insect has specialized structures for collecting pollen.",A highly social insect that lives in colonies and communicates through a dance-like movement.,"With a venomous sting, this insect defends its colony and contributes to the ecosystem's balance.","Essential to agriculture, this creature helps fertilize plants by transferring pollen from flower to flower.","This insect has a unique role in ecosystems, aiding in the reproduction of flowering plants.",author_provided,Provided by the authors
310,ant,"A small, six-legged insect that lives in organized colonies, tirelessly working to gather food and resources.","Recognized for its remarkable strength, this tiny creature can carry objects many times its body weight.","Known for its cooperative behavior, this insect builds complex nests and defends its colony from intruders.",A social creature that follows pheromone paths to transport food efficiently between its nest and sources.,"Living in underground tunnels, this insect follows pheromone trails to communicate and navigate efficiently.","A hive-minded insect that communicates through chemical signals, working collectively to defend and expand its habitat.",author_provided,Provided by the authors
311,grasshopper,A jumping insect has enormous muscular hind legs and relatively short antennae.,Its elongated body is commonly green or brown with folded wings lying along the back.,Thick femurs power sudden leaps from grass stems and open ground.,Large compound eyes flank a vertical face above strong chewing mouthparts.,The front wings are narrow and leathery while broad membranous hind wings unfold in motion.,Rows of small spines line the long rear legs of this daytime plant feeder.,user_supplemented,Not provided by the authors; supplemented from the public prompt in paper Appendix E.2
312,cricket insect,A stout jumping insect has very long threadlike antennae and enlarged folded hind legs.,Its dark brown or black body carries leathery forewings held flat over the abdomen.,A rounded head and strong jaws sit beneath slender feelers often longer than the body.,Males raise their wings and rub specialized edges together to produce rhythmic chirps.,The hind femurs are thick while paired tail-like cerci project from the abdomen.,This nocturnal insect commonly hides in crevices and emerges with a low hopping gait.,user_supplemented,Not provided by the authors; supplemented from the public prompt in paper Appendix E.2
313,stick insect,An extremely slender insect mimics a dry twig with long angular legs.,Its cylindrical brown or green body aligns motionlessly with stems and branches.,A tiny head and threadlike antennae continue the narrow linear silhouette.,Slow swaying movement resembles vegetation shifting in a breeze.,Some species have leaflike lobes on the legs or body to strengthen their camouflage.,The elongated thorax separates the front legs from the middle and rear pairs.,user_supplemented,Not provided by the authors; supplemented from the public prompt in paper Appendix E.2
314,cockroach,A flattened oval insect has very long antennae and spiny running legs.,Its glossy brown or black body is covered by overlapping leathery wings.,The small head tucks beneath a broad shieldlike pronotum.,Paired tail-like cerci project from the rear of a segmented abdomen.,It scurries rapidly into narrow cracks with its body held close to the surface.,Some forms show two dark longitudinal stripes behind the head against a lighter brown shell.,user_supplemented,Not provided by the authors; supplemented from the public prompt in paper Appendix E.2
315,praying mantis,A predatory insect known for its distinctive ‘praying’ posture and triangular head.,"Praying mantises have long, slender bodies with large front legs used for grabbing prey.",These insects are known for their ability to turn their heads 180 degrees to track prey.,"They are skilled hunters, feeding on other insects, and are often considered beneficial for gardens.","Some species have wings and can fly short distances, but most are ground dwellers.","Scientific name: *Mantodea*, a diverse order of predatory insects known for their unique behavior.",author_provided,Provided by the authors
316,cicada,"A stout winged insect has a broad head, large separated eyes, and short bristlelike antennae.",Transparent veined wings extend rooflike beyond a dark or greenish body.,A hollow beak folds beneath the head for drawing sap from tree branches.,Males possess ribbed abdominal membranes that produce an exceptionally loud pulsing call.,The immature stage has powerful digging forelegs and spends years underground.,"After emergence, an empty brown shell often remains clinging to tree bark.",user_supplemented,Not provided by the authors; supplemented from the public prompt in paper Appendix E.2
317,leafhopper,A tiny wedge-shaped insect has broad folded wings and powerful jumping hind legs.,"Green, brown, yellow, or patterned coloring helps it blend with leaves and stems.",Its sloping face narrows toward piercing mouthparts used to draw plant sap.,Rows of fine spines line the rear legs and aid sudden leaps from foliage.,The wings meet in a peaked roof over the tapered abdomen.,It often moves sideways across vegetation before springing away when disturbed.,user_supplemented,Not provided by the authors; supplemented from the public prompt in paper Appendix E.2
318,lacewing,A delicate green insect with two pairs of transparent wings crossed by a fine net of veins.,Its long threadlike antennae and bright golden eyes sit above a slender soft body.,The rooflike wings extend well beyond the abdomen when this nocturnal insect rests on foliage.,Its predatory larva has curved sickle-shaped jaws and hunts aphids along plant stems.,Adults often flutter toward lights with a weak erratic flight and may release a strong odor when handled.,The pale translucent wing membranes resemble intricate gauze stretched over an emerald body.,user_supplemented,Not provided by the authors; supplemented from the public prompt in paper Appendix E.2
319,dragonfly,A large aerial insect with enormous compound eyes and four long transparent wings held open at rest.,Its stout elongated abdomen and powerful independent wings allow rapid hovering and sudden directional changes.,Veined wings extend sideways from a muscular thorax while six spiny legs form a basket for catching prey.,"This agile hunter patrols ponds and wetlands, seizing smaller insects in midair.","Adults often display vivid blue, red, green, or metallic markings along a thick segmented body.",A broad head dominated by nearly touching eyes distinguishes it from more slender relatives.,user_supplemented,Not provided by the authors; supplemented from the public prompt in paper Appendix E.2
320,damselfly,A slender pondside insect with widely separated eyes and a needle-thin brightly colored abdomen.,Its two pairs of delicate transparent wings are usually folded together above the body at rest.,Long spindly legs and a narrow thorax give this aerial predator an exceptionally fragile appearance.,The adult flits weakly among reeds rather than powering rapidly across open water.,"Males are often electric blue, red, or green, while females may be muted brown or bronze.","The head is wider than the body, with a conspicuous gap between the two large compound eyes.",user_supplemented,Not provided by the authors; supplemented from the public prompt in paper Appendix E.2
321,red admiral butterfly,"A striking butterfly species with black wings, orange-red bands, and white spots on the forewings.","Native to North America, Europe, and parts of Asia, it is a common migratory butterfly.","Red admirals are often seen in gardens, attracted to flowers for nectar.","Their larvae feed on nettles, and adults can be seen fluttering near woodlands and meadows.","This species is known for its rapid, erratic flight and bold color patterns.","Scientific name: *Vanessa atalanta*, found in temperate regions across the Northern Hemisphere.",author_provided,Provided by the authors
322,ringlet butterfly,A brown woodland insect whose wings carry several small eyespots ringed in pale cream.,The upper wings are usually dark chocolate with a velvety texture and subtle circular markings.,"Its caterpillar feeds mainly on grasses, and the adult flies low through shaded meadows and forest clearings.",A row of pupil-like dots decorates the underside of the folded wings against fine wavy lines.,"The modest earth-toned wings lack bright bands, helping the resting insect vanish among dry leaves.",Its bouncing flight is most often seen over damp grass during warm summer months.,user_supplemented,Not provided by the authors; supplemented from the public prompt in paper Appendix E.2
323,monarch butterfly,A large orange-and-black insect patterned with bold dark veins and a black border dotted in white.,The wings form a vivid stained-glass pattern above a spotted black body.,This long-distance migrant gathers by the thousands on trees after traveling across North America.,Its striped yellow-black-white caterpillar feeds on milkweed and retains bitter defensive chemicals.,Closed wings reveal a paler orange underside crossed by the same strong dark vein network.,Two pairs of broad fiery wings and white-spotted black margins make the adult instantly recognizable.,user_supplemented,Not provided by the authors; supplemented from the public prompt in paper Appendix E.2
324,small white butterfly,A modest pale-winged insect with charcoal tips on the forewings and a dusky spot near the center.,Its creamy upper surface appears nearly plain except for dark gray corner markings.,"The green caterpillar feeds on cabbages and related garden plants, often leaving holes in leaves.","Females carry two dark dots on each forewing, while males typically show only one.","The adult flutters irregularly over vegetable plots, roadsides, and flowering meadows.","When the wings close, their yellowish underside blends with foliage despite the bright upper surface.",user_supplemented,Not provided by the authors; supplemented from the public prompt in paper Appendix E.2
325,sulphur butterfly,A yellow or orange meadow insect with dark edging that may be solid or broken into spots.,Its broad wings resemble a fluttering leaf of sunlight above clover fields and roadsides.,Some individuals show a small silver-white mark centered on the underside of the hindwing.,The adult flies rapidly in open sunny places and lands with wings tightly closed.,"Sexes may differ in shade, from lemon yellow to deep orange, with a pinkish fringe around the wings.",A slender dark body and clubbed antennae sit between four richly colored wings.,user_supplemented,Not provided by the authors; supplemented from the public prompt in paper Appendix E.2
326,gossamer-winged butterfly,"A tiny delicate insect with shimmering blue, copper, or violet upper wings bordered in dark color.",Fine hairlike tails may project from the hindwings beside small orange spots.,The pale underside carries orderly rows of tiny black dots rather than bold broad bands.,Its compact wings flash metallic color during a quick low flight over flowers and grasses.,Adults are often no larger than a coin and hold their wings upright when feeding.,Subtle iridescence and thread-fine markings give this group a jewel-like appearance.,user_supplemented,Not provided by the authors; supplemented from the public prompt in paper Appendix E.2
327,starfish,A marine animal with five radiating arms surrounding a central disc and no visible head.,Hundreds of tiny tube feet line grooves beneath its rough calcified body.,"Its upper surface may be orange, red, purple, blue, or mottled and is often covered with small bumps.",This slow seafloor predator can regrow damaged limbs and pry open shellfish with persistent force.,A water-powered internal system moves the flexible arms across rocks and sandy seabeds.,The body forms a near-perfect pentagonal outline when its five tapering limbs spread outward.,user_supplemented,Not provided by the authors; supplemented from the public prompt in paper Appendix E.2
328,sea urchin,A round marine animal enclosed in a hard shell and covered with movable needlelike spines.,Its mouth lies underneath and contains five self-sharpening teeth used to scrape algae from rocks.,"Long purple, black, red, or green spikes radiate in every direction from a globe-shaped body.",Tiny tube feet emerge between the spines to grip surfaces and pass food toward the mouth.,Empty shells reveal a beautiful five-part flower pattern of pores and fused plates.,This slow grazer often wedges into reef crevices or covers itself with bits of shell and seaweed.,user_supplemented,Not provided by the authors; supplemented from the public prompt in paper Appendix E.2
329,sea cucumber,A soft elongated marine animal with leathery skin and rows of tube feet along its underside.,Its cylindrical body resembles a thick wrinkled sausage resting on the seafloor.,A ring of feeding tentacles surrounds the mouth and gathers organic particles from sand or water.,"The flexible body may be black, brown, red, or patterned with blunt bumps and papillae.","When threatened, some species expel sticky internal threads or even portions of their organs.",This bottom-dwelling echinoderm recycles sediment while moving slowly across reefs and muddy flats.,user_supplemented,Not provided by the authors; supplemented from the public prompt in paper Appendix E.2
330,cottontail rabbit,A small brown-gray mammal with a round body and a conspicuous fluffy white tail.,Its large upright ears and powerful hind legs support quick zigzag escapes through brush.,"The short soft fur is mottled tan above and clean white beneath, blending into dry grass.",It freezes low to the ground before bounding away and flashing a cottony rear tuft.,"This North American grazer often feeds at dawn around field edges, gardens, and woodland clearings.",A compact head with large dark side-facing eyes sits above a pale chin and twitching nose.,user_supplemented,Not provided by the authors; supplemented from the public prompt in paper Appendix E.2
331,hare,A long-legged wild relative of the rabbit with exceptionally tall ears and a lean athletic body.,Its powerful rear limbs enable high-speed running across open fields rather than retreating into burrows.,Young are born fully furred with open eyes in a shallow surface nest.,The brown-gray coat changes to white in some northern species during snowy winters.,Long black-tipped ears rise well above a narrow face with large amber eyes.,"Its rangy frame, long feet, and solitary behavior distinguish it from shorter rounder burrowing relatives.",user_supplemented,Not provided by the authors; supplemented from the public prompt in paper Appendix E.2
332,Angora rabbit,A domesticated rabbit wrapped in extraordinarily long soft wool that can obscure its eyes and ears.,The dense silky fleece forms a rounded cloudlike outline around a surprisingly small body.,"Long fibers grow across the cheeks, forehead, and sometimes the upright ear tips.","Regular grooming and shearing are needed to prevent the pale gray, white, black, or fawn coat from matting.",Its fine warm fiber is spun into luxury yarn while the animal sits quietly on compact hindquarters.,Only the nose and dark eyes may remain visible through the profuse halo of fluffy hair.,user_supplemented,Not provided by the authors; supplemented from the public prompt in paper Appendix E.2
333,hamster,"A tiny round-bodied rodent with cheek pouches, short legs, and an almost invisible tail.",Its soft golden-brown fur contrasts with a pale belly and small rounded ears.,The animal stuffs seeds into expandable cheeks until both sides of its face bulge dramatically.,It scurries through bedding at night and often stores food in hidden corners of its burrow.,Black beadlike eyes and long whiskers sit on a blunt compact muzzle.,This solitary pet commonly runs inside an exercise wheel and holds food between dexterous front paws.,user_supplemented,Not provided by the authors; supplemented from the public prompt in paper Appendix E.2
334,porcupine,A stocky rodent covered across the back and tail with thousands of stiff defensive quills.,"When threatened, it raises sharp black-and-white spines to create a much larger bristling outline.","Its blunt face, small eyes, and strong curved claws suit a slow nocturnal life in trees or on the ground.",The needlelike hairs detach easily on contact and have microscopic barbs at their tips.,A rounded body and lumbering gait contrast with the dramatic halo of long pale-tipped spines.,"It feeds on bark, roots, and vegetation using large orange incisors.",user_supplemented,Not provided by the authors; supplemented from the public prompt in paper Appendix E.2
335,fox squirrel,A large tree-dwelling rodent with rusty orange underparts and a long bushy tail edged in pale fur.,"Its gray-brown back contrasts strongly with warm reddish legs, belly, and face.",The tail is exceptionally full and often curls over the back as the animal leaps between branches.,A white nose and ear margins frame large dark eyes on a sturdy squirrel-like head.,It forages for nuts on woodland floors but quickly escapes upward with powerful bounding jumps.,This North American canopy dweller is noticeably larger than common gray relatives and varies greatly in color.,user_supplemented,Not provided by the authors; supplemented from the public prompt in paper Appendix E.2
336,marmot,"A heavy ground squirrel with a broad head, small rounded ears, and a thick furry body.",Its grizzled brown coat and short powerful legs are adapted to digging extensive mountain burrows.,The stout animal often sits upright on rocks to watch alpine meadows for danger.,It accumulates fat through summer before sleeping underground for the entire cold season.,A short bushy tail follows a low-slung torso that can appear almost bear-like at a distance.,Colonies communicate with sharp whistles while feeding on grasses and flowers near rocky slopes.,user_supplemented,Not provided by the authors; supplemented from the public prompt in paper Appendix E.2
337,beaver,"A large aquatic rodent with orange incisors, webbed hind feet, and a broad flat scaly tail.",Its dense brown waterproof coat stays sleek as it swims through ponds and slow rivers.,The paddle-shaped tail slaps the water in alarm and helps steer while carrying branches.,It fells saplings with powerful front teeth and constructs dams and dome-shaped lodges from wood and mud.,Small ears and nostrils close underwater while transparent eyelids protect its eyes.,"A stocky rounded body floats low in the water, often towing a freshly cut stick toward shore.",user_supplemented,Not provided by the authors; supplemented from the public prompt in paper Appendix E.2
338,guinea pig,"A small, social rodent with a round body and short, smooth fur.","Native to the Andes, they make popular pets due to their docile nature.",Known for their chirping sounds and friendly demeanor when handled properly.,"They are herbivores, feeding on hay, vegetables, and fruits.","Guinea pigs often live in groups, showing a preference for social environments.","Scientific name: *Cavia porcellus*, commonly kept as a pet in households worldwide.",author_provided,Provided by the authors
339,common sorrel horse,A chestnut-colored domestic equine with a reddish-brown body and matching or slightly darker mane.,"Its coat lacks black points, so the lower legs and long tail remain the same warm color family.",A broad white blaze or pale socks may interrupt the otherwise uniform copper-red coloring.,"The muscular neck, flowing mane, and single solid hoof on each long leg define the familiar riding animal.","Color ranges from light cinnamon to deep mahogany, but the mane never appears truly black.","The graceful grazer stands in pasture with upright ears, a long face, and a sweeping tail.",user_supplemented,Not provided by the authors; supplemented from the public prompt in paper Appendix E.2
340,zebra,A horse-shaped African grazer covered in bold black-and-white vertical stripes.,Each individual carries a unique pattern that narrows across the legs and face.,A short upright mane continues the striped design along a muscular neck.,The barrel-shaped body ends in a tufted tail rather than a long flowing one.,Large mobile ears and a dark muzzle top long sturdy legs built for running across savanna.,Herds create a shifting maze of contrasting bands that can confuse pursuing predators.,user_supplemented,Not provided by the authors; supplemented from the public prompt in paper Appendix E.2
341,pig,A stocky domestic farm mammal with a flat snout ending in a round mobile disc.,"Sparse bristles cover pink, black, brown, or spotted skin above short cloven-hoofed legs.","Its small eyes, triangular ears, and curled tail accompany a barrel-shaped body.",The sensitive nose roots through soil for food while the animal communicates with grunts and squeals.,"Young often appear pink and smooth-skinned, while adults develop a heavy neck and broad shoulders.",This intelligent omnivore commonly wallows in mud to cool its body.,user_supplemented,Not provided by the authors; supplemented from the public prompt in paper Appendix E.2
342,wild boar,"A powerful bristly forest animal with a wedge-shaped head, long snout, and upward-curving tusks.",Its coarse dark brown coat forms a mane along the spine above comparatively thin legs.,Young display pale horizontal stripes that provide camouflage in leaf litter.,"The shoulders are high and muscular, tapering toward narrow hindquarters and a straight tufted tail.",Both sexes may carry sharp canine teeth protruding beside the mouth for digging and defense.,This wary omnivore roots through European and Asian woodland floors in family groups.,user_supplemented,Not provided by the authors; supplemented from the public prompt in paper Appendix E.2
343,warthog,"A gray African mammal with a huge flat head, facial warts, and upward-curving ivory tusks.",Its sparse mane runs from the neck down the back above a mostly hairless barrel-shaped body.,The animal kneels on calloused front wrists while grazing short grass with its broad snout.,Long thin legs and a high shoulder line lead to a tail held upright like a flag while running.,Paired fleshy bumps beneath the eyes protect the face during fights and digging.,Families often occupy abandoned burrows and reverse inside so the tusked head faces the entrance.,user_supplemented,Not provided by the authors; supplemented from the public prompt in paper Appendix E.2
344,hippopotamus,"An enormous semiaquatic African mammal with a barrel body, short legs, and a massive rounded muzzle.","Only its eyes, ears, and nostrils remain visible when the smooth gray-brown body is submerged.",The wide mouth opens dramatically to reveal huge curved canine teeth and broad lips.,Nearly hairless skin secretes a reddish oily fluid that helps protect it from sun and microbes.,It spends hot days crowded in rivers before walking ashore at night to graze.,Small ears and a tiny tail look disproportionate beside the immense low-slung torso.,user_supplemented,Not provided by the authors; supplemented from the public prompt in paper Appendix E.2
345,ox,"A mature castrated male bovine with a massive muscular neck, broad forehead, and cloven hooves.",It is commonly shown beneath a wooden yoke pulling a plow or heavy cart.,Long outward-curving horns rise from a large head above a deep rectangular body.,A loose dewlap hangs from the throat while a tufted tail swishes behind sturdy hindquarters.,This patient draft animal walks in matched pairs and leans forward against harness straps.,Its heavy shoulders and slow powerful stride reflect centuries of agricultural work.,user_supplemented,Not provided by the authors; supplemented from the public prompt in paper Appendix E.2
346,water buffalo,"A huge dark bovine with wide-splayed hooves, sweeping horns, and a sparse coarse coat.",Its broad muzzle and crescent-shaped horns emerge from a long low skull.,"The animal wallows in mud and grazes in marshy fields, often with most of its body submerged.","Dark gray skin, a heavy barrel torso, and relatively little hair suit hot wet environments.",Domesticated forms are frequently seen pulling plows through flooded rice paddies.,Its horns may extend far sideways before curving backward in a broad symmetrical arc.,user_supplemented,Not provided by the authors; supplemented from the public prompt in paper Appendix E.2
347,bison,A massive North American grazer with a towering shoulder hump and a shaggy dark-brown forequarter.,A broad head with short curved horns sits low beneath a woolly mane and beard.,"The hindquarters are smaller and covered in shorter hair, creating a strongly sloped back.",Dense winter fur hangs in ragged mats from the neck and front legs during spring shedding.,"Large herds move across grasslands, kicking up dust around compact calves.","Despite its bulky appearance, this cloven-hoofed animal can run rapidly on slender lower legs.",user_supplemented,Not provided by the authors; supplemented from the public prompt in paper Appendix E.2
348,ram (adult male sheep),An adult male sheep with massive ridged horns that curl in a spiral beside the face.,Its thick woolly body stands on cloven hooves beneath a broad strong neck.,The forehead is often heavy and scarred from forceful head-to-head clashes during breeding season.,"Depending on breed, the fleece may be white, brown, black, or mottled around a short tail.",Curved horns sweep backward and downward before turning forward near the cheeks.,This mature flock animal has a more muscular chest and imposing profile than females or young.,user_supplemented,Not provided by the authors; supplemented from the public prompt in paper Appendix E.2
349,bighorn sheep,"A wild sheep known for its large, spiraled horns and rugged mountain habitat.","These animals are skilled climbers and live in rocky, steep terrains.",Males have massive horns used for fighting during the breeding season.,"A symbol of the American West, they are often found in national parks.","Their short, thick fur is adapted to survive in cold mountain environments.","Scientific name: *Ovis canadensis*, often seen in the mountainous regions of North America.",author_provided,Provided by the authors
350,Alpine ibex,A sure-footed mountain goat with enormous backward-curving horns marked by prominent transverse ridges.,"The male has a brown-gray coat, dark beard, and muscular compact body above short sturdy legs.",Its horns arc like long sabers far behind the head and grow thicker with age.,Split rubbery hooves grip near-vertical rock faces across high European peaks.,"Females carry smaller horns, while mature males develop a dark stripe along the back and flanks.",This agile grazer stands on narrow ledges among snowfields and sparse alpine vegetation.,user_supplemented,Not provided by the authors; supplemented from the public prompt in paper Appendix E.2
351,hartebeest,"A tall African antelope with a long narrow face, sharply sloping back, and ringed curving horns.",Its high shoulders descend toward lower hindquarters above unusually elongated legs.,The tan coat often includes a darker patch across the forehead and upper muzzle.,Both sexes bear horns that bend outward before sweeping backward in a bracket-like curve.,A long pointed head and drooping rump create a distinctive angular silhouette on open savanna.,The herd grazes dry grass while a short tufted tail flicks behind the reddish-brown body.,user_supplemented,Not provided by the authors; supplemented from the public prompt in paper Appendix E.2
352,impala (antelope),A graceful reddish antelope with a pale belly and a bold black vertical stripe on each rump.,"The mature male carries long ridged lyre-shaped horns, while females usually lack them.",Large ears and dark alert eyes sit above a slender neck and lightly built body.,A white patch across the rear is bordered by dark markings that resemble the letter M.,This fast leaper gathers in large herds around eastern and southern African woodland edges.,Long thin legs and glossy tan fur accompany spectacular bounding jumps over bushes.,user_supplemented,Not provided by the authors; supplemented from the public prompt in paper Appendix E.2
353,gazelle,"A slim swift antelope with tan upperparts, a white belly, and gracefully ringed horns.",Dark stripes may run from the eyes toward the muzzle across an elegant narrow face.,Its long delicate legs and compact body are adapted for rapid running over open dry plains.,"The horns sweep upward and backward in gentle curves, often on both sexes depending on species.",Large mobile ears and enormous dark eyes remain alert while the herd grazes sparse vegetation.,A short tail flicks above a crisp white rump patch bordered in brown or black.,user_supplemented,Not provided by the authors; supplemented from the public prompt in paper Appendix E.2
354,arabian camel,"A one-humped desert mammal with very long legs, a curved neck, and broad padded feet.",Its sandy coat and single fatty mound support survival across hot arid landscapes.,"Long double eyelashes, closable nostrils, and thick lips protect the face from blowing sand.",The upper lip is split and flexible beneath a long narrow head with small rounded ears.,It kneels on thick chest and leg calluses so riders or cargo can be loaded.,A swaying stride carries this tall tan animal across dunes with its elongated neck held forward.,user_supplemented,Not provided by the authors; supplemented from the public prompt in paper Appendix E.2
355,llama,"A South American pack animal with a long upright neck, banana-shaped ears, and a woolly body.",Its slender legs end in two padded toes rather than hard single hooves.,"The face is relatively long and nearly hairless, with large dark eyes and a split upper lip.","Coarse fleece appears in white, brown, black, gray, or irregular patches across the torso.","When irritated, this alert herd animal may flatten its ears and spit partially digested food.",A short tail and straight back sit beneath a tall narrow silhouette suited to Andean highlands.,user_supplemented,Not provided by the authors; supplemented from the public prompt in paper Appendix E.2
356,weasel,"A slender carnivorous mammal with a long flexible body, tiny rounded ears, and very short legs.",Its brown summer coat may turn entirely white in winter except for dark eyes and nose.,The narrow head and elongated neck allow this agile hunter to pursue rodents into burrows.,A short tail follows a low sinuous body that bounds with its back strongly arched.,"This small predator has sharp claws, bright beadlike eyes, and a pale underside.","It may perform rapid twisting leaps before striking prey in grass, stone walls, or woodland edges.",user_supplemented,Not provided by the authors; supplemented from the public prompt in paper Appendix E.2
357,mink,"A small, carnivorous mammal with a sleek, dark brown coat.",Known for its sharp claws and agility in hunting fish and small rodents.,"Minks are solitary animals, preferring to live near water sources like rivers or lakes.","Their fur is highly valued, but they are also kept as pets in some areas.","Minks are powerful swimmers, often diving underwater to catch prey.","Scientific name: *Neogale vison*, native to North America, though also found in Europe.",author_provided,Provided by the authors
358,European polecat,"A dark sinuous European mammal with a pale facial mask, small rounded ears, and a bushy tail.",Its long low body is covered in deep brown fur that becomes almost black on the legs and belly.,"Cream markings surround the muzzle and ears, contrasting with a dark band across the eyes.",A strong musky scent is released from glands when this nocturnal hunter feels threatened.,It moves close to the ground through farmland and woodland while searching for rodents and amphibians.,The broad head and coarser coat distinguish this wild ancestor of a familiar domesticated mustelid.,user_supplemented,Not provided by the authors; supplemented from the public prompt in paper Appendix E.2
359,black-footed ferret,"A slender pale-tan mustelid with black feet, a black tail tip, and a dark mask across the eyes.",Its long low body and short legs are specialized for pursuing prairie rodents through underground tunnels.,Large rounded ears and a white muzzle stand out against buff fur and charcoal facial markings.,The endangered North American hunter emerges mainly at night around grassland burrow colonies.,A narrow flexible torso disappears easily into holes scarcely wider than its head.,Dark stockings on all four legs contrast sharply with the cream body and pale forehead.,user_supplemented,Not provided by the authors; supplemented from the public prompt in paper Appendix E.2
360,otter,"A playful aquatic mammal with a sleek, elongated body and webbed feet.","Otters are excellent swimmers, known for their ability to dive and catch fish.","Their thick fur provides insulation in cold water, keeping them warm while swimming.","Often found near rivers or coastal areas, they live in family groups.","Known for their playful nature, they often slide down riverbanks and play with objects.","Scientific name: *Lontra canadensis*, found in North America, known for their social behavior.",author_provided,Provided by the authors
361,skunk,A small mammal recognized for its black and white fur and defensive spray behavior.,"Skunks use a powerful scent spray to deter predators, a signature defense mechanism.","They are nocturnal, foraging for insects, fruits, and small animals at night.","Skunks have a distinctive, bushy tail and a slow, deliberate movement.","Their scent is notorious, and their spray can travel over 10 feet in a single burst.","Scientific name: *Mephitis mephitis*, found throughout North and South America.",author_provided,Provided by the authors
362,badger,"A stocky, short-legged mammal with distinctive facial markings and a strong digging ability.","Badgers are burrowers, creating complex underground homes called setts.",They have a fierce temperament and will defend their territory when threatened.,"Mostly nocturnal, they are known for foraging for insects, small mammals, and roots.",Badgers are solitary animals that often mark their territory with scent markings.,"Scientific name: *Meles meles*, found across Europe and parts of North America.",author_provided,Provided by the authors
363,armadillo,A squat mammal encased in overlapping bony plates with a long armored tail and pointed snout.,Its flexible bands allow the rigid shell to bend as the animal walks or curls defensively.,Strong front claws dig for ants and insects while small eyes sit beside large upright ears.,The hairless gray-brown body resembles articulated armor from shoulders to rump.,This mostly nocturnal animal roots through warm grasslands and may leap vertically when startled.,"A low arched shell, short legs, and tapering plated tail create a prehistoric silhouette.",user_supplemented,Not provided by the authors; supplemented from the public prompt in paper Appendix E.2
364,three-toed sloth,A shaggy tropical tree dweller with three long curved claws on each limb and a dark facial mask.,Its coarse gray-brown fur often carries a green tint from algae growing between the hairs.,"The rounded head has a short snout, small ears, and dark patches extending through each eye.",Extra neck vertebrae let it rotate its head widely while hanging beneath branches.,Extremely slow movement and long arms suit a life feeding on leaves high in Central and South American forests.,A tiny flattened tail sits beneath a body suspended upside down by hooklike front claws.,user_supplemented,Not provided by the authors; supplemented from the public prompt in paper Appendix E.2
365,orangutan,"A large, tree-dwelling primate with long, orange hair and a slow, deliberate nature.","Native to Southeast Asia, they are critically endangered due to habitat loss.",Orangutans are known for their intelligence and ability to use tools.,Their long arms and hands are adapted for swinging from tree to tree.,"They have a solitary lifestyle, spending most of their lives in the treetops.","Scientific name: *Pongo pygmaeus* (Bornean) and *Pongo abelii* (Sumatran), found in rainforests.",author_provided,Provided by the authors
366,gorilla,A massive tailless ape has a barrel-shaped chest broad shoulders and extremely powerful arms.,Its dark face has a low forehead wide nostrils and a pronounced brow ridge beneath a peaked crown.,Adults move through forests on their knuckles with the torso leaning forward between long forelimbs.,Mature males often develop a silvery-gray saddle across the back above otherwise black fur.,Small rounded ears sit close to the head while the broad muzzle projects from a nearly hairless face.,The largest living primate commonly rests in a seated posture amid dense central African vegetation.,user_supplemented,Not provided by the authors; supplemented from the public prompt in paper Appendix E.2
367,chimpanzee,A highly intelligent ape has long arms dark coarse hair and a mostly bare expressive face.,Prominent rounded ears flank a browed face with a projecting muzzle and flexible lips.,It usually walks on its knuckles but can stand upright while carrying food or using tools.,Young individuals have pale faces that darken with age beneath tousled black-brown fur.,Hands and feet possess grasping digits while no external tail extends from the body.,This social forest primate is often pictured grooming companions or manipulating sticks and stones.,user_supplemented,Not provided by the authors; supplemented from the public prompt in paper Appendix E.2
368,gibbon,"A small, agile ape with long arms and a distinctive call, found in Southeast Asia.","Known for its acrobatic abilities, swinging from tree to tree with speed and grace.","Gibbons have a highly territorial behavior, often vocalizing loudly to mark their presence.","Their long, slender arms are adapted for brachiation, a form of tree-swinging locomotion.","This species is often recognized by their melodic, high-pitched songs used for communication.","Scientific name: *Hylobates* species, found in tropical rainforests of Southeast Asia.",author_provided,Provided by the authors
369,siamang,"A large, black-furred ape known for its distinctive throat sac and loud calls.","Siamangs are the largest of the gibbon family, with a deep, resonating voice.","These apes are arboreal, spending most of their lives in the treetops of Southeast Asia.",Their long arms and strong grasping hands are perfect for navigating the forest canopy.,"Siamangs are monogamous, often living in small family groups that defend territories.","Scientific name: *Symphalangus syndactylus*, native to the forests of Malaysia and Sumatra.",author_provided,Provided by the authors
370,guenon,"A small, colorful monkey with a striking face and agile movements, found in Africa.","Guenons are known for their social nature, living in large groups in tropical forests.","They have a distinctive appearance with a long tail, prominent cheek pads, and bright fur.","This species often feeds on fruits, leaves, and insects found in their habitat.",Their social dynamics involve complex communication through facial expressions and vocalizations.,"Scientific name: *Cercopithecus* species, native to Central and West Africa.",author_provided,Provided by the authors
371,patas monkey,"A fast, ground-dwelling primate with long legs and reddish-brown fur, found in Africa.","Unlike many other primates, these monkeys spend much of their time on the ground.","Patas monkeys have a distinctively long, narrow face with a white mustache-like fur.","They are excellent runners, able to outrun predators on the open savannas they inhabit.","Social groups are organized hierarchically, with a strong dominance structure within troops.","Scientific name: *Erythrocebus patas*, native to the savannas and grasslands of sub-Saharan Africa.",author_provided,Provided by the authors
372,baboon,A large primate species with a distinctive face and often colorful rear end.,"Baboons live in troops, typically found in African savannas or arid regions.","They are omnivores, foraging for fruits, seeds, and small animals, and are highly social.","Baboons have strong, muscular bodies and are known for their intelligence and complex communication.","Their long tails aid in balance, and they are agile climbers and runners.","Scientific name: *Papio*, a genus of Old World monkeys known for their adaptability and social behavior.",author_provided,Provided by the authors
373,macaque,"A medium-sized monkey with a short tail, widely distributed across Asia and North Africa.","Macaques are highly adaptable, thriving in diverse habitats from mountains to cities.","They are known for their intelligence, often seen using tools and solving problems.","This species often lives in large social groups, with strong bonds and complex communication.","Macaques have a varied diet, eating fruits, insects, and sometimes human food in urban areas.","Scientific name: *Macaca* species, found from Southeast Asia to Northern Africa.",author_provided,Provided by the authors
374,langur,"A long-tailed primate with a slender body and distinctively colored fur, found in Asia.","Langurs are herbivores, feeding mainly on leaves, fruits, and seeds from forest trees.","They are known for their gentle behavior, often observed in peaceful family groups.","This species has a characteristic face with prominent, dark markings and large eyes.","Langurs are arboreal, spending most of their time in the treetops of tropical forests.","Scientific name: *Semnopithecus* species, found across South Asia and Southeast Asia.",author_provided,Provided by the authors
375,black-and-white colobus,A slender African monkey wears a dramatic coat divided into glossy black areas and long flowing white fringes.,A white mantle streams from the shoulders down both sides of the back above a black torso.,Its long tail ends in a conspicuous white plume that hangs below forest branches.,The dark hairless face is framed by white cheek whiskers beneath a small crest.,Long limbs and reduced thumbs suit agile leaping through the upper canopy.,The sharply contrasting cape and tail tuft create an unmistakable monochrome silhouette.,user_supplemented,Not provided by the authors; supplemented from the public prompt in paper Appendix E.2
376,proboscis monkey,An adult male monkey has an extraordinarily long pendulous nose hanging well over the mouth.,Its reddish-brown coat contrasts with a pale gray belly and long gray limbs.,The large potbellied body is balanced by a very long straight tail in mangrove trees.,Females have shorter upturned noses while both sexes show orange crowns and dark eyes.,Webbed toes help this Bornean primate swim across rivers near coastal forests.,The combination of a bulbous belly copper fur and exaggerated facial profile is highly distinctive.,user_supplemented,Not provided by the authors; supplemented from the public prompt in paper Appendix E.2
377,marmoset,A tiny New World primate has a soft rounded face and clawlike nails suited to clinging on trunks.,Many species bear striking white black or golden ear tufts that flare beside the head.,Its long banded tail trails behind a squirrel-sized body as it moves through tropical canopy.,Large forward-facing eyes and a small muzzle give the face an alert delicate expression.,Pairs or family groups often perch close together on narrow branches while searching for insects and tree gum.,Dense mottled fur and ornamental head crests distinguish this miniature monkey from larger canopy primates.,user_supplemented,Not provided by the authors; supplemented from the public prompt in paper Appendix E.2
378,white-headed capuchin,A medium-small New World monkey has a creamy white crown shoulders and chest surrounding a dark face.,Black fur covers much of the body while pale hair forms a hood over the head and upper arms.,Its long prehensile tail curls around branches as a fifth limb.,A pinkish face with dark eyes sits beneath a sharply defined light-colored cap.,Dexterous hands manipulate fruit nuts and tools while the compact body balances in trees.,The contrasting hood and dark lower body give this clever tropical primate a monk-like appearance.,user_supplemented,Not provided by the authors; supplemented from the public prompt in paper Appendix E.2
379,howler monkey,A robust arboreal monkey has a thick beard and an enlarged throat beneath a heavy jaw.,Its long prehensile tail has a bare gripping pad near the tip and supports the entire body from branches.,Dense fur may be black reddish brown or golden around a dark broad face.,A swollen hyoid structure produces extraordinarily deep calls that carry through rainforest at dawn.,The stocky body moves deliberately through the canopy rather than making constant acrobatic leaps.,A prominent beard and resonant open-mouthed calling posture distinguish this large New World primate.,user_supplemented,Not provided by the authors; supplemented from the public prompt in paper Appendix E.2
380,titi monkey,A small South American monkey has dense fluffy fur a round face and a long nonprehensile tail.,Pairs often sit with tails intertwined and bodies pressed together on a branch.,The coat may be copper gray black or reddish with contrasting sideburns framing a dark or pale face.,Its compact body has short limbs and a thick soft pelage that creates a plush appearance.,A small rounded head and expressive eyes sit above a short blunt muzzle.,This monogamous canopy primate is commonly observed grooming a mate or carrying an infant.,user_supplemented,Not provided by the authors; supplemented from the public prompt in paper Appendix E.2
381,Geoffroy's spider monkey,A lanky canopy monkey has extraordinarily long arms legs and a muscular prehensile tail.,Its hands are hooklike with reduced or absent thumbs for swinging beneath branches.,Coarse fur varies from reddish gold to brown or black while the face and hands are often dark.,A pale mask may surround the eyes above a hairless muzzle on a small rounded head.,The body appears narrow and potbellied between disproportionately elongated limbs.,It travels acrobatically through Central American forests using its tail as a weight-bearing fifth limb.,user_supplemented,Not provided by the authors; supplemented from the public prompt in paper Appendix E.2
382,common squirrel monkey,A small agile monkey has a white facial mask dark muzzle and yellow-orange forearms and legs.,Its short dense coat is olive or gray over the back with a pale belly.,A very long tail with a dark tip provides balance but does not tightly grasp branches.,The dark crown and black nose stand out inside the pale oval around its eyes and cheeks.,Large troops move rapidly through South American canopy in search of fruit and insects.,Its slender squirrel-sized body and bright limbs create a quick colorful silhouette among foliage.,user_supplemented,Not provided by the authors; supplemented from the public prompt in paper Appendix E.2
383,ring-tailed lemur,"A small primate with a distinctive black-and-white striped tail, native to Madagascar.","Ring-tailed lemurs are known for their social behavior, living in large troops that communicate with vocalizations.","Their eyes are large and expressive, and they are often seen sunbathing in a characteristic pose.","They primarily feed on fruits, leaves, and flowers, with some occasional small invertebrates.",These lemurs are arboreal but spend a lot of time on the ground foraging and moving.,"Scientific name: *Lemur catta*, a species of lemur native to the island of Madagascar.",author_provided,Provided by the authors
384,indri,A large upright lemur has a round black face framed by contrasting black-and-white fur.,Its hind legs are exceptionally long for powerful vertical leaps between tree trunks.,Unlike most related primates it has only a very short vestigial tail.,Large fuzzy ears and yellow-green eyes sit within a dark hairless facial mask.,Black shoulders limbs and head contrast with broad white patches across the back and sides.,This Madagascan canopy dweller clings vertically to branches and is known for far-carrying wailing calls.,user_supplemented,Not provided by the authors; supplemented from the public prompt in paper Appendix E.2
385,Asian elephant,A huge gray land mammal has a long flexible trunk smaller rounded ears and a strongly arched back.,The tip of its trunk bears a single fingerlike projection used to grasp small objects.,Its forehead forms two distinct domes above relatively small eyes and fan-shaped ears.,Thick pillar legs support a barrel body while sparse dark hair covers wrinkled gray skin.,Females may lack visible tusks and males carry ivory teeth that project beside the trunk.,This forest and grassland giant is recognizable by ears that do not extend as widely as those of its African relative.,user_supplemented,Not provided by the authors; supplemented from the public prompt in paper Appendix E.2
386,African bush elephant,"A large, herbivorous mammal with large ears and tusks, native to sub-Saharan Africa.","Known for its remarkable size and strength, often found in savannas and forests.","These animals have a trunk used for feeding, drinking, and social interactions within herds.","African elephants have a thick, gray skin and are highly social, living in matriarchal groups.","They are often seen near water sources, where they drink and bathe regularly.","Scientific name: *Loxodonta africana*, the largest land mammal on Earth.",author_provided,Provided by the authors
387,red panda,A small tree-dwelling mammal has rusty red fur a white masked face and a long ringed tail.,Dark legs and belly contrast with the warm chestnut back and pale-edged ears.,White cheek patches curve beneath the eyes toward a black nose giving the face a raccoon-like pattern.,Its thick bushy tail bears alternating reddish and cream bands and helps balance on branches.,Short sturdy limbs and partially retractable claws suit climbing through cool mountain forests.,The animal often curls into a furry ball with its striped tail wrapped around its face.,user_supplemented,Not provided by the authors; supplemented from the public prompt in paper Appendix E.2
388,giant panda,"A large, black and white bear native to China, known for its love of bamboo.",This species has a distinct appearance with black fur around its eyes and ears.,"Giant pandas are solitary animals, primarily living in mountainous forests in China.","They have a specialized diet of bamboo, which makes up nearly all their food intake.","Known for their gentle temperament, they are also a symbol of wildlife conservation.","Scientific name: *Ailuropoda melanoleuca*, native to China’s mountain ranges.",author_provided,Provided by the authors
389,snoek fish,A long streamlined predatory fish has a pointed head powerful jaws and a forked tail.,Its metallic silver sides are darker blue-gray along the back and pale below.,The elongated mouth contains prominent sharp teeth suited to catching schooling prey.,Two separated dorsal fins sit far back on a narrow torpedo-shaped body.,This fast marine hunter of southern oceans resembles a slim barracuda and is often displayed as a long rigid catch.,Fine dark speckling and a strong lateral line may be visible across its silvery flanks.,user_supplemented,Not provided by the authors; supplemented from the public prompt in paper Appendix E.2
390,eel,An elongated fish has a serpentine body with continuous fins running along much of its back and underside.,Its smooth slimy skin usually lacks obvious scales and may be brown green black or patterned.,Small pectoral fins sit behind the head while pelvic fins are absent.,The narrow body undulates from side to side through reefs rivers or muddy bottoms.,A pointed or blunt head leads into a body that tapers gradually without a separate fan-shaped tail.,It often peers from a crevice with only its jaws and round eyes visible before emerging like an aquatic snake.,user_supplemented,Not provided by the authors; supplemented from the public prompt in paper Appendix E.2
391,silver salmon,A streamlined Pacific fish is bright metallic on the sides with a blue-green back and scattered black spots.,The tail fin usually carries dark speckles only on its upper lobe above a silvery body.,During spawning males turn deep maroon along the sides and develop a strongly hooked upper jaw.,A pale gumline contrasts with the dark mouth in close views of the blunt head.,Adults have a moderately forked tail and a fleshy adipose fin between dorsal fin and tail.,This migratory fish changes from ocean-bright chrome to vivid red and olive as it enters freshwater streams.,user_supplemented,Not provided by the authors; supplemented from the public prompt in paper Appendix E.2
392,rock beauty fish,A small Caribbean angelfish has a brilliant yellow front half and a deep black rear body.,The tail remains bright yellow beyond a large dark patch covering most of the flanks.,A narrow blue ring outlines the eyes and electric-blue edging may trace the fins.,Juveniles are almost entirely yellow except for a blue-bordered black spot near the tail.,Its laterally compressed disk-shaped body and pointed dorsal and anal fins maneuver around coral reefs.,The sharp division between sunny yellow head and velvety black midsection makes this reef fish conspicuous.,user_supplemented,Not provided by the authors; supplemented from the public prompt in paper Appendix E.2
393,clownfish,A small reef fish has an orange body crossed by three vertical white bands edged in black.,Its rounded fins and compact oval shape weave among the tentacles of a host sea anemone.,A white stripe lies behind the eye another crosses the middle and a third marks the tail base.,The face is blunt with a small mouth and dark eyes set against vivid warm coloring.,Some varieties are black or maroon but retain bold pale bars and contrasting fin edges.,Pairs shelter within stinging tentacles and defend a tiny patch of tropical reef.,user_supplemented,Not provided by the authors; supplemented from the public prompt in paper Appendix E.2
394,sturgeon,"A large, ancient fish known for its long body and bony scutes along the back.","These fish are found in freshwater and saltwater environments, often migrating between them.","Sturgeons are prized for their roe, which is processed into caviar, a luxury food.","They have a long lifespan, with some species living over 100 years in the wild.","Sturgeons are bottom-feeders, using their barbels to detect food on the riverbed.","Scientific name: *Acipenser* species, found in rivers and seas of the Northern Hemisphere.",author_provided,Provided by the authors
395,gar fish,A long freshwater fish has an alligator-like snout filled with needle-shaped teeth.,Its cylindrical body is covered in hard diamond-shaped armor scales rather than ordinary soft scales.,The dorsal and anal fins sit far back near a rounded asymmetrical tail.,Olive-brown coloration and dark spots camouflage the fish just beneath still water.,It often floats motionless near the surface before lunging at prey with elongated jaws.,The primitive air-breathing predator combines a torpedo-shaped body with a narrow toothy beak.,user_supplemented,Not provided by the authors; supplemented from the public prompt in paper Appendix E.2
396,lionfish,A striped tropical reef fish carries a spectacular fan of long venomous spines along its back.,Alternating red brown and white bands cover the body head and raylike fins.,Broad pectoral fins spread outward like feathered wings while threadlike spines project in every direction.,Fleshy tentacles rise above the eyes and around a large downturned mouth.,The slow hovering predator corners small fish against coral with its ornate fins.,Its flamboyant zebra pattern and crown of quill-like dorsal rays form an unmistakable silhouette.,user_supplemented,Not provided by the authors; supplemented from the public prompt in paper Appendix E.2
397,pufferfish,A round-bodied fish can inflate into a spiky ball by swallowing water when threatened.,Its small fins flutter beside a blunt head with large eyes and a beaklike mouth.,The skin may be covered in tiny prickles or bold spots instead of ordinary overlapping scales.,When relaxed the body is elongated and club-shaped but expands dramatically under stress.,Fused front teeth form hard plates capable of crushing shells and coral.,This tropical swimmer often appears comical because of its swollen cheeks wide eyes and tiny pursed mouth.,user_supplemented,Not provided by the authors; supplemented from the public prompt in paper Appendix E.2
398,abacus,A rectangular counting frame holds parallel rods strung with rows of sliding beads.,Small round counters move back and forth within a rigid wooden border to represent numerical values.,Each horizontal or vertical wire carries uniformly shaped beads grouped by place value.,Traditional versions use dark wooden beads while classroom models may have bright rainbow colors.,The object performs arithmetic without electronics by arranging counters on a series of rails.,Its gridlike frame and repeated movable beads make this ancient calculation tool immediately recognizable.,user_supplemented,Not provided by the authors; supplemented from the public prompt in paper Appendix E.2
399,abaya,A long loose-fitting outer garment drapes from the shoulders to the ankles with wide flowing sleeves.,It is commonly made from plain black fabric and worn over everyday clothing.,The front may open down the full length or close with discreet snaps and embroidery.,A matching head covering often accompanies the simple robe-like silhouette.,Decorative trim sometimes appears along the cuffs neckline or front edge while the body remains modest and unshaped.,The garment creates a sweeping floor-length outline associated with women's dress in parts of the Arab world.,user_supplemented,Not provided by the authors; supplemented from the public prompt in paper Appendix E.2
400,academic gown,A formal ankle-length robe has very wide sleeves and a front opening worn during graduation ceremonies.,The garment is usually black but colored panels and velvet trim may identify a degree or institution.,A square mortarboard and a draped hood often accompany its flowing pleated body.,Long pointed or bell-shaped sleeves hang below the wearer's arms.,The loose ceremonial clothing covers ordinary attire and closes near the neck or chest.,Rows of graduates commonly wear this matching formal regalia during commencement processions.,user_supplemented,Not provided by the authors; supplemented from the public prompt in paper Appendix E.2
401,accordion,A portable box-shaped musical instrument has a pleated bellows between two rigid ends.,One hand operates piano-style keys or buttons while the other compresses and expands the central folds.,The ribbed middle section opens like a fan to force air across internal reeds.,Shoulder straps support the instrument against a seated or standing player's chest.,Decorative grilles and rows of bass buttons cover the two end panels.,Its distinctive push-pull motion produces music as the body repeatedly widens and collapses.,user_supplemented,Not provided by the authors; supplemented from the public prompt in paper Appendix E.2
402,acoustic guitar,"A stringed musical instrument with a hollow body, known for its natural sound production.","Typically played by strumming or plucking the strings, it does not require electronic amplification.","The instrument has a distinct, resonant tone and is popular in folk, classical, and rock music.","Acoustic guitars have six strings, though variations with more or fewer strings exist.","The body is made of wood, with a round sound hole that enhances sound vibration.","Scientific name: *Guitar* species, primarily used in solo and group musical performances.",author_provided,Provided by the authors
403,aircraft carrier,A colossal naval vessel has a long flat flight deck covering nearly its entire upper surface.,A compact command island rises on one side while aircraft line up across the open deck.,The bow cuts through the ocean beneath catapults elevators and painted runway markings.,Fighter jets launch and land on this mobile sea-based airfield.,The gray hull towers several stories above water and is often surrounded by smaller escort ships.,Its immense rectangular deck and offset control tower distinguish it from ordinary warships.,user_supplemented,Not provided by the authors; supplemented from the public prompt in paper Appendix E.2
404,airliner,A large passenger jet has a cylindrical fuselage swept wings and multiple rows of cabin windows.,Two or more turbofan engines hang beneath broad wings that flex upward in flight.,A tall vertical tail carries an airline logo above a streamlined white body.,The nose contains a dark cockpit windshield while doors and emergency exits punctuate the sides.,Landing gear extends beneath the wings and forward fuselage during takeoff or approach.,This commercial aircraft is commonly seen at airport gates connected to a boarding bridge.,user_supplemented,Not provided by the authors; supplemented from the public prompt in paper Appendix E.2
405,airship,"A large, floating vehicle powered by engines, often used for passenger or cargo transport.","Unlike airplanes, airships use helium or hydrogen for buoyancy and are slower in flight.",They have a rigid or semi-rigid structure and were popular in early 20th century travel.,"Airships are often used for observation or in specialized roles, like advertising or surveillance.","The envelope of the airship is typically made of strong, durable fabric or metal.","Scientific name: *Zeppelin* or *dirigible*, commonly used for non-rigid airships in historical contexts.",author_provided,Provided by the authors
406,altar,"A raised structure used for religious or spiritual ceremonies, often adorned with offerings.","Altars are typically found in places of worship, such as churches, temples, and shrines.","They are used for making sacrifices, prayers, and rituals in many religious traditions.","In some cultures, altars are also present in homes for daily worship and reflection.","The structure may include candles, incense, or religious symbols depending on the tradition.","Scientific name: N/A, a sacred site for religious observance in various cultures.",author_provided,Provided by the authors
407,ambulance,A vehicle equipped to transport sick or injured individuals to medical facilities.,Ambulances are typically equipped with medical equipment and staffed by paramedics or emergency medical technicians.,"They are easily recognizable by their sirens, flashing lights, and distinctive paint markings.","These vehicles are vital for emergency medical response, arriving quickly in urgent situations.",Ambulances are commonly used in both urban and rural areas to provide rapid medical care.,"Scientific name: N/A, a specialized vehicle for emergency medical services.",author_provided,Provided by the authors
408,amphibious vehicle,A vehicle is designed to travel on both land and water using wheels or tracks plus a boatlike hull.,Its sealed body has a high bow to deflect waves while road-running gear remains visible below.,Some military versions carry large tires and a rear propeller beneath an armored cabin.,The machine drives down a ramp into a lake or sea and continues forward without stopping.,A raised cabin and watertight lower body create a hybrid silhouette between truck and boat.,Bright sightseeing versions may have passenger seats under a canopy above the floating chassis.,user_supplemented,Not provided by the authors; supplemented from the public prompt in paper Appendix E.2
409,analog clock,A round timepiece displays hours with moving hands sweeping across a numbered face.,A short hand indicates hours while a longer hand points to minutes around twelve evenly spaced markers.,Its mechanical display uses a circular dial rather than glowing numerical digits.,The face may include a thin second hand rotating above Roman or Arabic numerals.,A glass cover protects the central spindle and printed markings within a case.,This familiar wall or desk instrument conveys time through pointer positions on a fixed scale.,user_supplemented,Not provided by the authors; supplemented from the public prompt in paper Appendix E.2
410,apiary,Rows of small wooden boxes stand outdoors as managed homes for honey-producing insects.,Each rectangular hive has stacked removable chambers beneath a flat or sloped lid.,Clouds of striped insects gather near narrow entrance slots at the base of the boxes.,The structures are often painted white or bright colors and arranged across a field or orchard.,A beekeeper in a veil may inspect frames pulled from one of the boxlike colonies.,The site resembles a compact neighborhood of identical hives placed on low stands.,user_supplemented,Not provided by the authors; supplemented from the public prompt in paper Appendix E.2
411,apron,A protective garment hangs from the neck and ties around the waist while leaving the back mostly open.,Its front panel covers the chest abdomen and upper legs from spills or dirt.,A large patch pocket often sits near the waist beneath adjustable neck straps.,Kitchen versions may feature colorful patterns while workshop types use heavy canvas leather or rubber.,The sleeveless covering is worn over ordinary clothes by cooks craftspeople and servers.,Two narrow ties wrap behind the wearer from a broad rectangular front bib.,user_supplemented,Not provided by the authors; supplemented from the public prompt in paper Appendix E.2
412,trash can,A container used to store waste materials until they are disposed of or recycled.,"Typically made of plastic, metal, or other durable materials, designed to hold refuse securely.","Trash cans come in various sizes, from small household bins to large industrial containers.","Often found in kitchens, offices, or public spaces, they help with waste management and cleanliness.",Many trash cans have lids to keep odors contained and prevent pests from getting inside.,"Scientific name: N/A, a key element in waste disposal and sanitation systems.",author_provided,Provided by the authors
413,assault rifle,A long military firearm has a detachable curved magazine pistol grip and shoulder stock.,Its compact receiver supports rapid fire while a ventilated handguard surrounds the barrel.,Iron sights or an optical scope align along the upper surface above the trigger assembly.,The dark metal weapon is often carried across a soldier's chest on a sling.,A box magazine projects below the action ahead of the grip and may hold many cartridges.,Its intermediate size combines the stock of a rifle with automatic-fire controls and modern tactical fittings.,user_supplemented,Not provided by the authors; supplemented from the public prompt in paper Appendix E.2
414,backpack,A soft portable bag is carried on the back by two shoulder straps.,Its zippered main compartment forms a rounded rectangular body with smaller pockets attached to the front.,Padded straps loop over both shoulders while a grab handle sits at the top.,School versions may be brightly colored whereas hiking versions add hip belts buckles and external gear loops.,The bag rests between the shoulder blades and leaves both hands free.,Side mesh pockets often hold bottles beside a fabric pack closed by zippers or drawstrings.,user_supplemented,Not provided by the authors; supplemented from the public prompt in paper Appendix E.2
415,bakery,A shop displays loaves rolls cakes and pastries behind glass counters and in front windows.,Shelves are filled with crusty bread while trays hold iced sweets and flaky baked goods.,Warm lighting and wooden baskets create an inviting storefront centered on ovens and flour-based food.,A worker may wear a white hat and arrange fresh products with tongs.,Signs or striped awnings often decorate the entrance above racks of baguettes and buns.,The interior combines a retail counter with the visible results of daily bread and pastry making.,user_supplemented,Not provided by the authors; supplemented from the public prompt in paper Appendix E.2
416,balance beam,A long narrow padded beam stands horizontally on short supports above a floor mat.,A gymnast performs leaps turns and handstands along its four-inch-wide top surface.,The apparatus is covered in suede or leather-like material over a rigid rectangular core.,Metal legs raise the slender bar to roughly waist or chest height.,Chalked bare feet align carefully along the thin elevated surface during a routine.,Its straight tan platform resembles a very narrow bench used for precision acrobatics.,user_supplemented,Not provided by the authors; supplemented from the public prompt in paper Appendix E.2
417,balloon,A thin flexible envelope expands with gas into a colorful rounded shape tied at the neck.,A string trails from the small knotted opening beneath the inflated rubber or foil body.,Several brightly colored examples may float together above a party or celebration.,Helium-filled versions rise toward the ceiling while air-filled ones rest or bounce near the floor.,The smooth taut surface may be spherical heart-shaped or printed with festive designs.,When punctured this lightweight decoration collapses suddenly from its stretched inflated form.,user_supplemented,Not provided by the authors; supplemented from the public prompt in paper Appendix E.2
418,ballpoint pen,A slender handheld writing tool contains a tiny rolling sphere at the tip that dispenses ink.,Its cylindrical plastic or metal barrel often includes a pocket clip and a removable cap or click mechanism.,A narrow refill tube visible through clear casing stores dark blue black or red ink.,Pressing the top can extend and retract the writing point through the nose cone.,The smooth instrument is held between fingers to leave consistent lines on paper without sharpening.,A tapered end surrounds the metal writing tip while the opposite end may carry a colored plug.,user_supplemented,Not provided by the authors; supplemented from the public prompt in paper Appendix E.2
419,Band-Aid,A small adhesive strip has an absorbent pad centered beneath a peel-away protective wrapper.,Its flesh-colored or transparent material covers minor cuts while sticking to nearby skin.,Rounded rectangular ends may contain tiny ventilation holes around a white gauze center.,Individual sterile packets hold flexible wound coverings in several shapes and sizes.,The padded middle does not adhere directly to the injury but the two outer wings do.,This familiar first-aid item wraps around a finger or lies flat over a scrape.,user_supplemented,Not provided by the authors; supplemented from the public prompt in paper Appendix E.2
420,banjo,A round-bodied string instrument has a circular membrane stretched over an open-backed wooden or metal rim.,A long narrow neck carries four or five strings above a bright drumlike resonator.,Tuning pegs protrude from the headstock while a small bridge stands on the taut white surface.,The player plucks rapidly with one hand and forms chords along frets with the other.,Its body resembles a shallow tambourine attached to a slender fretted neck.,The instrument is strongly associated with bluegrass and folk music and produces a bright twanging tone.,user_supplemented,Not provided by the authors; supplemented from the public prompt in paper Appendix E.2
421,baluster / handrail,A repeating row of upright posts supports a smooth horizontal rail along a staircase balcony or terrace.,Each short vertical spindle may be turned wood carved stone or molded metal.,The top rail provides a handhold while the closely spaced supports form a protective barrier.,Decorative columns connect stairs to a sloping grip at a consistent interval.,At a landing the same architectural elements may surround an open edge in a level line.,The assembly combines ornamental repeated supports with a graspable guard above them.,user_supplemented,Not provided by the authors; supplemented from the public prompt in paper Appendix E.2
422,barbell,A piece of gym equipment with a long bar and weights on each side.,Used for weightlifting exercises to enhance strength and build muscle mass.,"The bar allows for adjustable weight, making it suitable for various training levels.","Commonly used in exercises like squats, bench presses, and deadlifts to improve fitness.",Typically constructed from steel or other durable materials to withstand heavy lifting.,A key tool in strength training and weightlifting regimens.,author_provided,Provided by the authors
423,barber chair,"A padded reclining seat has an adjustable headrest, footrest, and hydraulic pedestal.",Chrome armrests frame a broad upholstered seat designed for grooming customers.,A round metal base supports a swiveling chair facing a large mirror.,The back tilts while a calf support rises to hold a seated client's legs.,A lever near the pedestal raises or lowers the heavy vinyl-covered seat.,This specialized salon furniture often includes a detachable cushion for children.,user_supplemented,Not provided by the authors; supplemented from the public prompt in paper Appendix E.2
424,barbershop,"A grooming salon contains mirrored workstations, reclining seats, and counters lined with clippers.","A striped red, white, and blue pole commonly hangs outside the storefront.",Large wall mirrors face a row of hydraulic chairs beneath bright task lighting.,"Scissors, combs, razors, and spray bottles cover individual cutting stations.",A waiting bench sits near a tiled floor scattered with freshly cut hair.,The interior combines wash basins and masculine grooming displays in a compact shop.,user_supplemented,Not provided by the authors; supplemented from the public prompt in paper Appendix E.2
425,barn,A large rural farm building has a high peaked roof and broad sliding doors.,Its weathered red wooden walls are trimmed with white around the windows and entrance.,A raised central loft stores hay above stalls for livestock and equipment.,"The roof may carry a cupola, weather vane, or rows of small ventilation openings.","Wide double doors open onto fields, fences, and an adjacent silo.",A gambrel roof creates a distinctive two-slope profile over the rectangular structure.,user_supplemented,Not provided by the authors; supplemented from the public prompt in paper Appendix E.2
426,barometer,A circular instrument displays atmospheric pressure with a moving needle and weather labels.,Its numbered dial sits behind glass inside a polished brass or wooden case.,"Words indicating storm, rain, change, fair, and dry encircle the face.",A slender pointer responds to air-pressure changes without containing visible liquid.,The wall-mounted gauge resembles a clock but measures pressure rather than time.,Some versions use a glass tube of mercury beside a graduated vertical scale.,user_supplemented,Not provided by the authors; supplemented from the public prompt in paper Appendix E.2
427,barrel,A bulging cylindrical container is made from curved wooden staves held by metal hoops.,Its circular top and bottom are narrower than the rounded middle.,Dark iron bands wrap around weathered oak boards from end to end.,A small plugged opening in one stave allows liquid to be filled or drawn out.,The vessel may rest horizontally on a rack in a cellar or stand upright outdoors.,"Coopered construction creates a sturdy cask for storing wine, spirits, or other goods.",user_supplemented,Not provided by the authors; supplemented from the public prompt in paper Appendix E.2
428,wheelbarrow,A single-wheeled hand cart has two handles and a deep metal or plastic tray.,One wheel projects beneath the front while two short legs support the rear at rest.,"A laborer lifts the handles and pushes soil, tools, or rubble ahead.",The basin-shaped load bed is braced by a tubular steel frame.,Its triangular profile concentrates the load over a central pneumatic tire.,This garden and construction carrier is balanced and steered by one person from behind.,user_supplemented,Not provided by the authors; supplemented from the public prompt in paper Appendix E.2
429,baseball,A small white leather-covered ball has two curved seams stitched in bright red thread.,Its spherical surface is divided into two hourglass-shaped hide panels.,Raised red stitches form a gripping pattern around the otherwise smooth white exterior.,The palm-sized object commonly lies inside a leather fielding glove or on reddish dirt.,Scuffs and grass stains mark a hard ball used with a wooden bat.,A pitcher grips the paired stitched curves to create different spins.,user_supplemented,Not provided by the authors; supplemented from the public prompt in paper Appendix E.2
430,basketball,A large orange-brown inflated ball has black curved channels dividing its pebbled surface.,The deeply textured rubber sphere is sized to be dribbled and shot through a raised hoop.,Eight dark ribs meet around the round exterior and provide fingertip grip.,A small air valve appears between thousands of raised bumps.,Players hold the bright ball above a polished indoor court marked with boundary lines.,Its characteristic orange color and looping black seams remain visible while it bounces.,user_supplemented,Not provided by the authors; supplemented from the public prompt in paper Appendix E.2
431,bassinet,A small infant sleeping basket has shallow padded sides and a hood over one end.,"The oval bed often rests on folding legs, a wheeled stand, or a rocking frame.",Ruffled fabric and soft lining surround a compact mattress sized for a newborn.,A curved canopy shades the head while low woven walls permit easy access.,The lightweight portable cradle may have carrying handles on both sides.,Wicker construction and a skirted stand create a cozy nestlike sleeping space.,user_supplemented,Not provided by the authors; supplemented from the public prompt in paper Appendix E.2
432,bassoon,A very long dark wooden wind instrument bends back on itself and ends in a flared metal bell.,Numerous silver keys run down four joined sections of a narrow reddish-brown tube.,A curved crook at the top holds a double reed near the player's mouth.,The instrument is held diagonally across the body with the bell near the floor.,Its folded bore produces a low resonant voice despite a relatively manageable height.,A hand rest and complex keywork help the musician cover widely spaced tone holes.,user_supplemented,Not provided by the authors; supplemented from the public prompt in paper Appendix E.2
433,swimming cap,A tight-fitting head covering worn to protect hair in water.,"Typically made of rubber or silicone, it helps reduce water resistance.",Used by swimmers to keep hair dry during competition.,Often worn by athletes in aquatic sports to enhance performance.,A rubber accessory designed to fit snugly on the head while swimming.,It helps to keep the hair in place and reduce drag in the water.,author_provided,Provided by the authors
434,bath towel,A large towel used for drying the body after bathing.,Absorbs moisture efficiently to keep skin dry post-shower.,"Typically made of cotton, it is soft and highly absorbent.",Often found in bathrooms for use after washing or swimming.,Commonly used to dry off after a bath or swimming session.,"It comes in various sizes, but typically larger than hand towels.",author_provided,Provided by the authors
435,bathtub,"A large container used for bathing, often found in bathrooms.","Usually made of ceramic or acrylic, it holds water for bathing.",Typically has a built-in drain to empty the water after use.,Common in residential homes for personal hygiene and relaxation.,It can have jets or faucets for added comfort during use.,People often use it to soak in warm water for relaxation.,author_provided,Provided by the authors
436,station wagon,An elongated family car has a roof extending over a large rear cargo compartment.,Four side doors are followed by extra windows and a nearly vertical tailgate.,The passenger cabin and luggage area share one continuous long roofline.,Roof rails often carry cargo above a low automobile body.,Its rear hatch opens upward to reveal space behind the back seats.,The vehicle resembles a stretched sedan with a boxier enclosed rear section.,user_supplemented,Not provided by the authors; supplemented from the public prompt in paper Appendix E.2
437,lighthouse,A tall coastal tower carries a powerful lamp inside a glass-windowed room at its summit.,Alternating painted bands make the narrow structure visible against sea and sky.,A circular balcony surrounds the lantern chamber above a tapered masonry shaft.,"The beacon stands on cliffs, rocky islands, or harbor entrances to guide ships.",A small keeper's dwelling may sit beside the tower at ground level.,At night a rotating beam sweeps across dark water from the elevated light.,user_supplemented,Not provided by the authors; supplemented from the public prompt in paper Appendix E.2
438,beaker,"A simple laboratory vessel has straight or gently tapered sides, a flat bottom, and a pouring lip.",Graduation marks run up the transparent glass wall beneath a wide open mouth.,"The cylindrical container holds liquids during mixing, heating, or measurement.",A small spout interrupts the circular rim to guide a controlled pour.,It often sits on a bench beside test tubes and chemical bottles.,Borosilicate glass allows the open vessel to withstand direct laboratory heating.,user_supplemented,Not provided by the authors; supplemented from the public prompt in paper Appendix E.2
439,military hat (bearskin or shako),A tall black fur headpiece rises vertically above a ceremonial soldier's face.,The cylindrical furry crown may carry a colored plume or metal badge on the front.,A white or brass chin strap curves beneath the lower lip rather than under the chin.,Another form has a rigid dark body with a broad flat top and decorative cord.,The imposing headgear accompanies bright formal uniforms during guards' parades.,Dense black hair creates a towering silhouette far larger than an ordinary cap.,user_supplemented,Not provided by the authors; supplemented from the public prompt in paper Appendix E.2
440,beer bottle,A narrow brown or green glass container has a long neck and a crimped metal closure.,Condensation beads on the chilled surface around an amber carbonated drink.,A paper label wraps the cylindrical body below sloping shoulders.,The crown-style closure must be pried from the thick glass rim.,Empty examples often appear in crates with repeated round necks and colored labels.,Its thick base and standardized long-neck shape withstand pressure from a fizzy brew.,user_supplemented,Not provided by the authors; supplemented from the public prompt in paper Appendix E.2
441,beer glass,A clear drinking vessel holds golden amber liquid beneath a thick white foam head.,Its cylindrical or tulip-shaped body may have a sturdy handle and heavy base.,Streams of bubbles rise through the transparent drink toward froth at the rim.,A tapered pint vessel broadens toward its open top on a pub counter.,Condensation coats the outside while a foamy collar clings to the inner wall.,Some versions are stemmed goblets designed to display the color of a brewed beverage.,user_supplemented,Not provided by the authors; supplemented from the public prompt in paper Appendix E.2
442,bell tower,"A tall structure designed to house bells, typically found in churches.",Often located at the center of a village or town for signaling purposes.,"Can be seen in historical buildings, emitting sounds for announcements.",A tower where bells are rung to mark time or special events.,"Typically built with stone or wood, it is part of religious architecture.",It serves as a prominent architectural feature in many towns.,author_provided,Provided by the authors
443,baby bib,A small cloth accessory worn by infants to protect their clothes during feeding.,"Typically made of soft, absorbent material to catch food and spills.","Fastened with snaps or Velcro, it is worn around the neck for convenience.",Used to keep babies clean while eating or teething.,Usually designed with cute patterns and colors for babies.,A must-have item for infants to prevent messes during mealtime.,author_provided,Provided by the authors
444,tandem bicycle,An elongated cycle carries two riders seated one behind the other.,Two saddles and two sets of pedals are mounted along an unusually long frame.,The front rider steers a single handlebar while both riders turn the linked drivetrain.,One wheel sits at each end despite space for a pair of cyclists.,A second crank and chain transmit the rear rider's effort to the back wheel.,The stretched two-person vehicle requires coordinated pedaling and balance.,user_supplemented,Not provided by the authors; supplemented from the public prompt in paper Appendix E.2
445,bikini,A two-piece women's swimsuit consists of a supportive top and a separate low-rise bottom.,Thin straps tie behind the neck and back while triangular fabric covers the chest.,The matching briefs expose the midriff and much of the hips.,Bright prints or solid colors appear on minimal garments worn at beaches and pools.,Some tops use molded cups or a strapless band paired with side-tie bottoms.,The outfit leaves the abdomen uncovered between its upper and lower pieces.,user_supplemented,Not provided by the authors; supplemented from the public prompt in paper Appendix E.2
446,ring binder,A stiff folder uses circular metal mechanisms to hold punched sheets of paper.,Two or three hinged hoops open along the spine when a small lever is pressed.,A hard rectangular cover folds around removable pages and tabbed dividers.,The metal loops align with holes punched down the edge of each sheet.,A label pocket on the spine identifies the organized documents inside.,The clamshell office folder lies open with shiny circular fasteners exposed.,user_supplemented,Not provided by the authors; supplemented from the public prompt in paper Appendix E.2
447,binoculars,Two parallel telescopes are joined by a central hinge and viewed through paired eyepieces.,A focus wheel between the barrels sharpens distant objects for both eyes.,Large objective lenses face forward from a compact handheld optical device.,Rubber-coated tubes hang from a neck strap during birdwatching or sightseeing.,The barrels pivot closer or farther apart to match the viewer's eye spacing.,A person raises the twin-lensed instrument to scan wildlife or a faraway landscape.,user_supplemented,Not provided by the authors; supplemented from the public prompt in paper Appendix E.2
448,birdhouse,"A small shelter for birds, often mounted on a pole or tree.",Provides a safe place for birds to nest and raise their young.,"Usually made of wood, it can be designed to attract specific bird species.","A decorative element in gardens, offering a home for local wildlife.",Birdhouses are often crafted with ventilation holes for airflow and nesting.,Commonly used in yards to attract birds for observation and study.,author_provided,Provided by the authors
449,boathouse,A waterside building shelters small craft through large doors opening directly onto a lake.,The structure stands on pilings or at the shoreline with ramps descending into the water.,Broad bays beneath a pitched roof contain moored vessels and lifting equipment.,Weathered wooden walls reflect in calm water beside a dock.,An open central slip lets a vessel enter under cover without being removed from the water.,This garage-like lakeside structure often has a deck or living space above.,user_supplemented,Not provided by the authors; supplemented from the public prompt in paper Appendix E.2
450,bobsleigh,A streamlined winter racing sled has a low enclosed body and two long steel runners.,Two or four helmeted athletes sit in line inside a narrow aerodynamic shell.,The front pair of handles and steering ropes control the vehicle down an icy track.,Brightly painted fiberglass curves form a bullet-shaped nose above polished blades.,Team members push the heavy sled before jumping into the open cockpit.,Its elongated low profile is designed for extreme speed through banked frozen turns.,user_supplemented,Not provided by the authors; supplemented from the public prompt in paper Appendix E.2
451,bolo tie,A type of necktie consisting of a cord with decorative clasp.,"Common in western fashion, it ties with a small decorative slide.",Traditionally worn in cowboy culture as part of a western outfit.,"Made from leather or fabric cords, it has a metal clasp or tip.","Distinct from regular ties due to its relaxed, casual style.",A fashionable accessory often seen in cowboy and southwestern American attire.,author_provided,Provided by the authors
452,poke bonnet,A close-fitting historical bonnet has a projecting brim and ribbons tied beneath the chin.,The stiff brim extends forward around the face like the rim of a bucket.,Gathered fabric forms a rounded crown at the back while concealing the hair and ears.,Long ties descend from each side and meet in a bow at the neck.,"Decorative lace, flowers, or pleated trim may edge the exaggerated face-framing visor.",The nineteenth-century women's headwear creates a deep tunnel around the wearer's profile.,user_supplemented,Not provided by the authors; supplemented from the public prompt in paper Appendix E.2
453,bookcase,A tall shelving unit holds rows of upright books across several horizontal levels.,Its rectangular wooden frame has open-front compartments and a solid back panel.,Adjustable shelves span between two vertical side boards from floor to near ceiling.,Volumes of varying height create colorful spines across the storage furniture.,Some examples include lower cabinet doors or glass-fronted upper sections.,"The freestanding unit organizes printed volumes in a home, office, or library.",user_supplemented,Not provided by the authors; supplemented from the public prompt in paper Appendix E.2
454,bookstore,A retail store specializing in selling books and related items.,"Often arranged by genre, making it easy to browse different topics.","Can carry new and secondhand books, as well as magazines and stationery.",A hub for literature enthusiasts to discover new releases and authors.,It provides a quiet space for reading and enjoying literary works.,Many bookstores also host events such as book signings and readings.,author_provided,Provided by the authors
455,bottle cap,A small circular metal disk seals the mouth of a beverage container.,Its corrugated edge grips the glass rim while a colored logo covers the flat top.,The crimped steel closure bends when removed with a lever-style opener.,A thin sealing liner sits beneath the ridged crown to prevent leaks.,Loose examples appear as brightly printed disks with fluted perimeter teeth.,The disposable closure is pressed tightly over a narrow glass neck.,user_supplemented,Not provided by the authors; supplemented from the public prompt in paper Appendix E.2
456,hunting bow,"A long-range weapon used for shooting arrows, typically made of wood, fiberglass, or carbon fiber.","Hunting bows are designed to be used for archery, often for hunting game animals.","They have a string attached to flexible limbs, allowing for the potential to shoot arrows with high force.","Bows come in different types, with compound and recurve bows being the most popular for hunting.","The archer draws the bowstring back to create tension, releasing it to launch the arrow.","Scientific name: N/A, a traditional weapon used in hunting, requiring skill and precision to use effectively.",author_provided,Provided by the authors
457,bow tie,A narrow strip of fabric is knotted symmetrically at the front of a shirt collar.,Two triangular wings spread horizontally from a compact central knot.,The formal accessory wraps around the neck and fastens behind it.,Black satin versions commonly accompany a tuxedo and pleated white shirt.,Pre-tied examples maintain a crisp butterfly shape with adjustable neck straps.,Its short horizontal silhouette contrasts with the long hanging ends of an ordinary necktie.,user_supplemented,Not provided by the authors; supplemented from the public prompt in paper Appendix E.2
458,brass memorial plaque,"A polished rectangular metal plate bears engraved names, dates, or commemorative wording.",Raised gold-colored letters appear against a darkened metallic background.,"Screws at the corners attach the inscribed marker to stone, wood, or a wall.",The durable alloy surface records a person or historical event for public remembrance.,Decorative borders and institutional emblems frame formal text on the flat panel.,Weathered green patina may develop around the edges of an outdoor dedication marker.,user_supplemented,Not provided by the authors; supplemented from the public prompt in paper Appendix E.2
459,bra,A women's undergarment has two shaped cups joined by a narrow center bridge.,Adjustable shoulder straps connect the front cups to a fastening band around the back.,Elastic fabric supports the chest beneath clothing while hooks close at the rear.,Some versions include underwire arcs along the lower edge of each cup.,"Lace, satin, cotton, or seamless molded material forms the paired upper-body garment.","The symmetrical structure combines a chest band, cup sections, and slender straps.",user_supplemented,Not provided by the authors; supplemented from the public prompt in paper Appendix E.2
460,breakwater,A structure built to prevent coastal erosion by absorbing wave energy.,"Made from concrete or rocks, often seen along shorelines or harbors.",Designed to shield the land from high waves and storm surges.,"A key part of coastal protection, especially in areas with high tides.",Serves to reduce the impact of waves on nearby beaches and structures.,Commonly used in marine engineering to protect the shoreline.,author_provided,Provided by the authors
461,breastplate,A rigid metal armor piece curves over the chest and upper torso.,Its sculpted surface may imitate pectoral muscles while a central ridge strengthens the plate.,Leather straps and buckles secure the front shell to a matching back section.,The polished steel or bronze torso covering extends from collarbone to waist.,Arm and neck openings interrupt the single broad protective plate.,This historical defensive shell is worn over padding by soldiers or ceremonial guards.,user_supplemented,Not provided by the authors; supplemented from the public prompt in paper Appendix E.2
462,broom,"A long handle ends in a fan of stiff straw, twigs, or synthetic bristles.",The bundled sweeping fibers spread outward from a narrow binding near the shaft.,A person angles the cleaning tool toward the floor to gather dust and debris.,Traditional versions use golden straw tied tightly around a wooden pole.,Modern angled bristles form a flat edge for reaching corners.,The simple household implement stands upright with its broad brush resting on the ground.,user_supplemented,Not provided by the authors; supplemented from the public prompt in paper Appendix E.2
463,bucket,"A cylindrical container used for carrying liquids, sand, or other materials.","Typically features a handle, often made from plastic or metal.","Used in various tasks such as cleaning, gardening, or carrying water.",Can hold both liquids and solids depending on the purpose.,A common household or construction tool for handling materials.,"Found in multiple sizes, often used in industries and homes alike.",author_provided,Provided by the authors
464,buckle,A metal frame with a movable tongue fastens the end of a strap.,A prong pivots across the central opening and enters one of several belt holes.,The polished rectangular or oval fitting sits at the front of a waistband.,Leather loops around a crossbar while the free end passes through the frame.,"Decorative versions feature engraved silver, brass, or jeweled surfaces.",The clasp tightens clothing or equipment by securing an adjustable perforated band.,user_supplemented,Not provided by the authors; supplemented from the public prompt in paper Appendix E.2
465,bulletproof vest,A sleeveless armored garment covers the torso with overlapping ballistic fabric panels.,"Thick padded sections protect the chest, abdomen, and back while leaving the arms free.",Wide shoulder straps and side fasteners adjust the heavy protective body covering.,"Black, navy, tan, or camouflage fabric encloses layers designed to stop projectiles.",Tactical versions carry rows of webbing and pouches across the front.,The rigid-looking torso armor is worn by police or soldiers over a uniform.,user_supplemented,Not provided by the authors; supplemented from the public prompt in paper Appendix E.2
466,high-speed train,A sleek rail vehicle has an extremely long pointed nose and a smooth aerodynamic body.,Its low-profile cars form a continuous streamlined set beneath overhead electrical wires.,Dark panoramic windows run in a narrow band along white or brightly colored sides.,The tapered front resembles an aircraft fuselage and minimizes drag at very rapid speeds.,Multiple articulated passenger cars travel on dedicated rails through urban and rural landscapes.,"A flush exterior, covered wheel areas, and sloping windshield distinguish this modern express.",user_supplemented,Not provided by the authors; supplemented from the public prompt in paper Appendix E.2
467,butcher shop,"A retail store that specializes in selling raw meat, poultry, and sometimes seafood.","Butcher shops offer a range of cuts, often custom-prepared to suit customer preferences.","These shops may also sell cured meats, sausages, and specialty meat products.",The butcher is responsible for cutting and preparing meat products for sale.,"Butcher shops are common in both urban and rural areas, often providing higher-quality meats.","Scientific name: N/A, a place focused on meat retail and preparation.",author_provided,Provided by the authors
468,taxicab,A compact passenger car carries an illuminated roof sign and commercial markings on its doors.,A meter sits near the dashboard while a driver transports paying passengers.,"The vehicle is often painted a distinctive municipal color such as yellow, black, or cream.",A checkered stripe or company logo identifies the licensed street-hail service.,The rear passenger doors and spacious back seat receive frequent short-term occupants.,It waits at curbside ranks or moves through city traffic with its rooftop light visible.,user_supplemented,Not provided by the authors; supplemented from the public prompt in paper Appendix E.2
469,cauldron,"A large black metal pot has a rounded belly, open top, and arched carrying handle.",Three short legs support the heavy vessel above a hearth or outdoor fire.,Its wide rim narrows toward a deep bowl traditionally used for boiling mixtures.,Steam rises from the cast-iron container while flames surround its soot-darkened base.,Small loop handles or a single bail allow the hot pot to be suspended.,The deep old-fashioned cooking vessel has a witch-associated silhouette with a bulging body.,user_supplemented,Not provided by the authors; supplemented from the public prompt in paper Appendix E.2
470,candle,A wax object with a wick that burns to provide light or fragrance.,"When lit, it releases light and often a pleasant scent.","Commonly used for creating ambiance, rituals, or special occasions.","Available in various shapes, sizes, and scents for decoration.",Usually placed in holders to avoid wax spills while burning.,"Often made from beeswax, paraffin, or soy, depending on the brand.",author_provided,Provided by the authors
471,cannon,A heavy artillery weapon has a long iron tube mounted on two large wooden wheels.,The thick barrel narrows toward an open circular muzzle and rests in a sturdy carriage.,A small ignition hole near the closed rear end fires an explosive charge.,"It points from a fortress wall, ship deck, or battlefield toward a distant target.",Wooden spokes and an axle allow crews to reposition the massive metal weapon.,Smoke erupts from the muzzle after the spherical projectile is launched.,user_supplemented,Not provided by the authors; supplemented from the public prompt in paper Appendix E.2
472,canoe,A narrow lightweight boat has pointed ends and an open top for kneeling or seated paddlers.,A single-bladed paddle propels the slim hull through lakes and rivers.,Raised gunwales run along both sides above internal crossbars and bench seats.,Traditional versions use bark stretched over a wooden frame while modern hulls use molded material.,Its symmetrical shallow body can be carried overland by one or two people.,The paddler faces forward and alternates strokes along the sides without fixed oarlocks.,user_supplemented,Not provided by the authors; supplemented from the public prompt in paper Appendix E.2
473,can opener,A handheld kitchen tool uses a cutting wheel and geared handles to remove a tin lid.,Two arms clamp around a container rim while a knob turns a toothed circular blade.,The sharp wheel travels around the edge and separates the metal top.,"A manual version combines a crank, serrated feed gear, and bottle-opening notch.",Electric models hold the container upright beneath a motorized cutting head.,The compact utensil rests beside sealed food tins in a kitchen drawer.,user_supplemented,Not provided by the authors; supplemented from the public prompt in paper Appendix E.2
474,cardigan,A knitted upper-body garment opens fully down the front and fastens with buttons.,Long sleeves and a ribbed hem frame a soft collarless sweater.,A V-shaped or rounded neckline descends toward a vertical row of closures.,The front panels can be worn open over a shirt or joined against cold weather.,"Wool, cotton, or synthetic yarn forms cable, rib, or plain knit textures.",Pockets may sit near the lower front of this versatile button-front layer.,user_supplemented,Not provided by the authors; supplemented from the public prompt in paper Appendix E.2
475,car mirror,A reflective device mounted on vehicles to provide visibility for the driver.,Used for rearview and side observation to monitor blind spots while driving.,"Made of glass or reflective materials, essential for safe driving.",Typically installed inside the car and on both sides of the vehicle.,Helps drivers adjust their position while parking or reversing.,A crucial element of automotive safety and navigation.,author_provided,Provided by the authors
476,carousel,A rotating amusement ride carries decorated horses rising and falling around a central pole.,A circular platform turns beneath a brightly lit canopy trimmed with mirrors and painted panels.,Rows of carved animals attach to brass poles while riders sit in saddles.,Music plays as the ornate fairground attraction revolves at a gentle pace.,Colored bulbs outline the scalloped roof and the edges of the spinning deck.,The round ride presents repeated mounts circling an elaborate stationary center.,user_supplemented,Not provided by the authors; supplemented from the public prompt in paper Appendix E.2
477,tool kit,A portable hard case opened to reveal fitted compartments filled with hand implements.,"Wrenches, pliers, screwdrivers, and sockets are arranged together inside a handled container.",The hinged case often has molded recesses that keep every repair implement in a designated position.,A compact collection of maintenance equipment travels in a metal or plastic carrying case.,Rows of shiny sockets and bits sit beside gripping and striking implements beneath a closable lid.,The organized case equips a mechanic to perform varied repairs without carrying separate containers.,user_supplemented,Not provided by the authors; supplemented from the public prompt in paper Appendix E.2
478,cardboard box / carton,A lightweight brown paperboard container with four folding flaps meeting across the top.,Corrugated edges reveal a wavy inner layer sandwiched between flat sheets.,Tape commonly seals the central seam of this rectangular shipping container.,"Printed handling symbols, labels, and barcodes appear on the plain tan outer surfaces.",The collapsible packaging opens into a hollow cube or rectangular prism for storing goods.,Creased fold lines and interlocking bottom panels allow the paper-based container to be assembled flat.,user_supplemented,Not provided by the authors; supplemented from the public prompt in paper Appendix E.2
479,car wheel,A circular vehicle component combining a rubber tire with a metal rim and central hub.,Radial spokes or stamped openings connect the outer rim to several lug holes around the center.,A dark treaded ring surrounds a silver alloy disc mounted beneath a fender.,The round assembly rotates around an axle and supports a road vehicle at each corner.,Five exposed lug nuts often fasten the hub while patterned tread contacts the pavement.,"Decorative spokes, a valve stem, and a thick black outer tire define this familiar automotive part.",user_supplemented,Not provided by the authors; supplemented from the public prompt in paper Appendix E.2
480,automated teller machine,"A freestanding electronic kiosk with a screen, numeric keypad, card slot, and cash dispenser.","Bank customers face a recessed display above illuminated openings for cards, receipts, and currency.",The secure machine is often built into a wall and labeled with financial network logos.,A metal privacy shield may surround the keypad beneath instructions shown on the digital screen.,"Its front panel combines a card reader, receipt printer, deposit opening, and guarded money slot.",This self-service banking terminal commonly stands in a brightly lit vestibule or sidewalk enclosure.,user_supplemented,Not provided by the authors; supplemented from the public prompt in paper Appendix E.2
481,cassette,A small rectangular plastic cartridge containing two miniature reels of magnetic tape.,"Two circular spool windows are visible through the flat housing, joined by exposed brown ribbon along one edge.",A paper label covers the center while square holes and guide rollers line the underside.,The palm-sized analog recording medium has a thicker side where the tape passes an open pressure pad.,Users turn the toothed hubs to wind sound-bearing ribbon from one spool to the other.,Its symmetrical plastic shell commonly bears side markings for recorded music or spoken audio.,user_supplemented,Not provided by the authors; supplemented from the public prompt in paper Appendix E.2
482,cassette player,A portable audio device with a hinged rectangular door sized for a magnetic tape cartridge.,"Mechanical buttons marked play, stop, rewind, and fast-forward line the top or front panel.",A clear window reveals two turning reels while sound emerges from a built-in speaker or headphones.,"The older music device may include a carrying handle, radio tuner, and one or two tape bays.",Pressing a large eject button opens the front compartment for inserting analog media.,A row of chunky controls and twin spool symbols distinguish it from modern digital audio equipment.,user_supplemented,Not provided by the authors; supplemented from the public prompt in paper Appendix E.2
483,castle,"A monumental fortified residence with stone walls, towers, battlements, and a guarded gateway.",Crenellated parapets crown high masonry ramparts surrounding courtyards and halls.,A drawbridge may cross a moat beneath an arched entrance flanked by defensive turrets.,Tall keep walls and narrow arrow slits rise above a hill or medieval town.,"Conical tower roofs, flags, and thick enclosing walls create a storybook royal stronghold silhouette.",The imposing complex combines a noble residence with visible defenses such as gatehouses and corner towers.,user_supplemented,Not provided by the authors; supplemented from the public prompt in paper Appendix E.2
484,catamaran,A sailboat or motor vessel formed from two parallel hulls joined by a wide deck.,The twin narrow floats leave an open tunnel beneath the central platform as the craft skims over water.,A triangular sail may rise from the bridge connecting two evenly spaced hulls.,Its broad stable stance allows passengers to sit on a trampoline-like deck between the sides.,"Viewed head-on, the vessel has two separate bows rather than one central pointed prow.",This multihull craft offers a wide deck and shallow draft for coastal sailing or fast ferry service.,user_supplemented,Not provided by the authors; supplemented from the public prompt in paper Appendix E.2
485,CD player,A compact electronic music device with a circular disc tray and playback controls on its face.,"A small screen displays track numbers and elapsed time beside play, pause, and skip buttons.",The hinged lid or sliding drawer accepts a shiny optical audio disc.,Portable versions are round and flat with a clear clasped cover and a headphone socket.,Home stereo versions form a rectangular black component with a disc-sized loading tray.,The laser-based audio unit often bears familiar triangular play and double-arrow track symbols.,user_supplemented,Not provided by the authors; supplemented from the public prompt in paper Appendix E.2
486,cello,A large bowed string instrument held upright between the seated player's knees.,"Its warm wooden body has curved bouts, two f-shaped sound holes, and four strings running to a scroll.",A metal endpin supports the instrument on the floor while a long bow draws across its strings.,The deep reddish-brown body is larger than a violin but smaller than an upright bass.,A black fingerboard extends from the pegbox down across the upper portion of the resonant body.,The musician sits behind the hourglass-shaped instrument with its slender neck rising above one shoulder.,user_supplemented,Not provided by the authors; supplemented from the public prompt in paper Appendix E.2
487,mobile phone,"A portable device for communication, internet access, and entertainment.",Features a touchscreen for interaction and various applications.,"Used for calling, texting, browsing, gaming, and capturing photos.","Often includes cameras, GPS, and a variety of smart functions.",A ubiquitous device found in most people's pockets or bags.,Enables access to digital services and social media on the go.,author_provided,Provided by the authors
488,chain,"A flexible length made of interlocking metal links, each loop passing through the next.","Repeated oval steel loops form a strong line used for pulling, securing, or suspending heavy objects.",The metallic linked strand may hang in a catenary curve between posts or wrap around an anchor point.,Each welded ring rotates freely against neighboring rings while resisting tension along the full length.,A heavy gray series of connected loops often ends in a hook or padlocking point.,"Rust, galvanized shine, or black coating may cover the repeating linked metal structure.",user_supplemented,Not provided by the authors; supplemented from the public prompt in paper Appendix E.2
489,chain-link fence,A see-through boundary woven from galvanized wires into repeating diamond-shaped openings.,Metal strands zigzag diagonally and interlock between round steel posts.,"The mesh barrier commonly surrounds sports courts, playgrounds, yards, and industrial lots.",A tubular top rail supports flexible silver wire fabric stretched close to the ground.,Twisted wire ends form a regular lattice that permits visibility while blocking passage.,Gates use the same diamond mesh framed inside rectangular metal tubing.,user_supplemented,Not provided by the authors; supplemented from the public prompt in paper Appendix E.2
490,chain mail,A protective garment woven from thousands of small interlocking metal rings.,"The flexible silver mesh drapes like fabric across the torso, arms, and sometimes a hood.",Rows of riveted circular links form a dense pattern designed to resist edged weapons.,A medieval warrior may wear the heavy metallic shirt beneath a surcoat or helmet.,The surface shimmers with overlapping loops while bending freely at elbows and shoulders.,This armor resembles a long tunic or hood constructed entirely from connected steel rings.,user_supplemented,Not provided by the authors; supplemented from the public prompt in paper Appendix E.2
491,chainsaw,A powered cutting implement with a toothed loop racing around a long flat guide bar.,Two handles surround a bulky motor housing behind an elongated metal blade.,Sharp linked teeth circle the bar and throw sawdust while cutting logs or branches.,The operator grips a top handle and rear trigger as the engine drives the moving cutter.,"An orange, red, or green body sits behind a narrow protruding bar with a pointed rounded tip.",Protective guards separate the user's hands from the fast-moving toothed loop.,user_supplemented,Not provided by the authors; supplemented from the public prompt in paper Appendix E.2
492,storage chest,"A large rectangular wooden container with a hinged lid used for blankets, valuables, or household goods.","Its deep boxlike body may have metal corner straps, side handles, and a front latch.",The top lifts upward to expose one broad undivided compartment rather than shelves or drawers.,Carved panels or iron fittings decorate the heavy furniture piece often placed at the foot of a bed.,A lockable front clasp secures the contents beneath a flat or slightly domed lid.,The low wide cabinet doubles as a bench while concealing stored items inside.,user_supplemented,Not provided by the authors; supplemented from the public prompt in paper Appendix E.2
493,chiffonier,A tall narrow piece of bedroom furniture with stacked drawers and an upper compartment.,Its upright wooden case is slimmer than a broad dresser and may include a small mirrored or shelved section.,Multiple shallow drawers rise vertically beneath doors or decorative carved panels.,"The elegant cabinet often has curved legs, ornate handles, and a corniced top.",Clothing and linens are stored in a high chest whose French-derived form emphasizes vertical proportions.,A column of pull-out drawers creates a slender furniture silhouette suited to limited floor space.,user_supplemented,Not provided by the authors; supplemented from the public prompt in paper Appendix E.2
494,bell or wind chime,A suspended decorative object with hollow metal tubes or small bells that sound when moved by air.,Several hanging rods dangle from a circular support around a central swinging clapper.,A flat wind-catching sail at the bottom moves the striker against resonant pieces.,"The ornament hangs from porches, trees, or eaves and produces gentle tones in a breeze.","Metal, bamboo, glass, or shell elements are arranged vertically on cords beneath a top hook.",Its visible hanging clapper and cluster of resonators distinguish it from a stationary household gong.,user_supplemented,Not provided by the authors; supplemented from the public prompt in paper Appendix E.2
495,china cabinet,"A glazed wooden display cabinet filled with neatly arranged porcelain plates, cups, and serving pieces.",Glass-paneled doors reveal shelves of decorative tableware above enclosed drawers or cupboards.,The tall dining-room furniture often has a polished wood frame and an ornate corniced top.,Grooved shelves hold plates upright so patterned surfaces face outward through the transparent front.,A hutch-like upper display section sits above a solid storage base with handles and doors.,Delicate ceramics remain visible but protected behind framed glass panels.,user_supplemented,Not provided by the authors; supplemented from the public prompt in paper Appendix E.2
496,Christmas stocking,A festive bag or sock traditionally hung for holiday gifts and treats.,"Often made of fabric like felt or wool, with seasonal designs.","Filled with small presents, candy, or surprises for children.",Personalized with names or festive symbols for holiday spirit.,Commonly placed by the fireplace for Santa to deliver gifts.,A holiday tradition used to add excitement to Christmas morning.,author_provided,Provided by the authors
497,church,A building used for Christian religious worship and gatherings.,"Often characterized by steeples, stained-glass windows, and pews for seating.","Houses ceremonies such as services, weddings, and baptisms.",A place where communities gather for spiritual reflection and prayer.,"Has religious artifacts, including crosses or icons, to signify its function.","Varies in size, from small chapels to large cathedrals.",author_provided,Provided by the authors
498,movie theater,"A public entertainment building marked by poster cases, a ticket booth, and a glowing marquee.",Large illuminated letters advertise current films above several glass entrance doors.,"Inside, rows of upholstered seats face a broad projection screen in a dark auditorium.",A concession counter displays popcorn and drinks beneath bright menu boards in the lobby.,"Red curtains, aisle lights, and tiered seating create a familiar film-viewing hall.",Exterior one-sheet posters and showtimes surround the entrance where audiences queue for tickets.,user_supplemented,Not provided by the authors; supplemented from the public prompt in paper Appendix E.2
499,cleaver,A broad heavy kitchen blade with a rectangular profile and a short sturdy handle.,The thick steel cutting edge extends almost straight beneath a blunt squared-off upper corner.,A circular hanging hole often appears near the front of the tall blade.,Cooks use the weight of this wide implement to split bones and chop large cuts of meat.,The hand grips a dark handle behind a massive polished metal rectangle.,"Unlike a tapered chef's knife, this butcher's implement maintains nearly equal blade depth from heel to tip.",user_supplemented,Not provided by the authors; supplemented from the public prompt in paper Appendix E.2
500,cliff dwelling,Rooms and facades carved directly into a steep rock wall or sheltered beneath an overhang.,Rectangular doors and windows puncture pale stone high above a canyon floor.,Ladders or narrow paths connect multistory masonry structures tucked into natural caves.,Adobe-colored walls blend almost seamlessly with the surrounding sandstone face.,Ancient settlement remains occupy alcoves protected by a towering vertical cliff.,Small chambers and terraces appear stacked within a broad recessed cavity in the rock.,user_supplemented,Not provided by the authors; supplemented from the public prompt in paper Appendix E.2
501,cloak,A loose sleeveless outer garment that hangs from the shoulders and fastens at the neck.,The broad fabric drapes over the back and arms without separate sleeves.,A hood may rise from the collar above a sweeping hem that reaches the knees or floor.,The wearer can wrap the flowing material around the body like a wearable blanket.,"Heavy wool, velvet, or weatherproof cloth forms a dramatic triangular silhouette from neck to hem.",A clasp or tie at the throat secures this cape-like covering over other clothing.,user_supplemented,Not provided by the authors; supplemented from the public prompt in paper Appendix E.2
502,clogs,A rigid slip-on shoe carved from wood or made with a thick wooden sole.,The rounded closed toe and open heel allow the foot to slide in without laces.,Traditional versions are shaped from a single block and often painted with floral designs.,Modern work versions combine a leather upper with a chunky pale timber base.,The hard sole produces a distinctive knocking sound while walking and may turn upward at the toe.,This sturdy footwear is strongly associated with Dutch dress and protective occupational use.,user_supplemented,Not provided by the authors; supplemented from the public prompt in paper Appendix E.2
503,cocktail shaker,A two-piece metal vessel sealed together and shaken to mix chilled beverages.,"Its polished silver body is tall and tapered, with a fitted cap and built-in strainer.",Condensation beads across the cylindrical container as a bartender holds it between both hands.,Some versions pair a stainless-steel cup with a clear mixing glass that nests inside.,A removable lid covers ice and liquid while a small top cap allows controlled pouring.,The bar implement has a smooth reflective surface and no side handle or spout.,user_supplemented,Not provided by the authors; supplemented from the public prompt in paper Appendix E.2
504,coffee mug,"A small, handle-equipped cup used for drinking hot beverages like coffee or tea.","Made from ceramic or porcelain, designed for daily use and comfort.",Has a sturdy handle to prevent burns while holding hot liquids.,Usually holds between 8 to 16 ounces of liquid for consumption.,"Commonly seen in kitchens, offices, and coffee shops around the world.","Available in various designs, including custom prints and slogans.",author_provided,Provided by the authors
505,coffeemaker,A countertop appliance that drips heated water through ground beans into a glass carafe.,A water reservoir and hinged filter basket sit above a warming plate.,The transparent handled pot fills with dark brewed liquid beneath a small anti-drip opening.,Buttons and a digital clock appear on the front of the upright black or silver housing.,A paper or mesh filter nests inside the upper compartment beneath a lift-up lid.,Steam rises as the machine delivers repeated drops into a bulbous heatproof jug.,user_supplemented,Not provided by the authors; supplemented from the public prompt in paper Appendix E.2
506,spiral or coil,A line or strip wound repeatedly around a central axis to form concentric loops or a helix.,The shape curves inward in successively smaller turns like a spring viewed from one end.,A tightly wound metal form expands and compresses along its cylindrical length.,"Rope, wire, or tubing may be arranged in neat circular loops stacked upon one another.",The continuous curve circles a center without closing into separate rings.,"Its repeated winding pattern appears in springs, rolled cables, shells, and curled decorations.",user_supplemented,Not provided by the authors; supplemented from the public prompt in paper Appendix E.2
507,combination lock,A security device opened by entering a sequence of numbers or symbols rather than using a key.,Several rotating numbered dials align beneath an indicator line on a compact metal body.,School-locker versions have a circular face turned clockwise and counterclockwise to chosen values.,A U-shaped shackle releases only after the correct code has been selected.,The front may show a keypad of digits or multiple small wheels marked zero through nine.,Its visible dial mechanism distinguishes this reusable locking device from ordinary keyed hardware.,user_supplemented,Not provided by the authors; supplemented from the public prompt in paper Appendix E.2
508,computer keyboard,"A rectangular array of labeled keys used to type letters, numbers, and commands into a desktop device.","Rows of square buttons include alphabetic characters, a long blank bar, arrows, and function controls.",A cable or wireless connection links the low-profile input board to a monitor and processor.,The familiar QWERTY arrangement spreads across a flat plastic base placed before a screen.,A separate numeric pad may occupy the right side beside navigation and directional keys.,Fingertips press spring-loaded caps to enter text and shortcuts into digital software.,user_supplemented,Not provided by the authors; supplemented from the public prompt in paper Appendix E.2
509,candy store,"A brightly colored retail interior filled with jars, bins, and shelves of sweets.","Glass display cases present chocolates, gummies, lollipops, and wrapped treats in vivid colors.",Striped awnings and playful signage often decorate the entrance to this confectionery retailer.,Rows of transparent containers reveal candies sorted by shape and hue for purchase by weight.,Customers browse baskets of packaged sugar treats beneath whimsical pastel decorations.,The checkout counter is surrounded by towers of chocolate bars and multicolored loose confections.,user_supplemented,Not provided by the authors; supplemented from the public prompt in paper Appendix E.2
510,container ship,An enormous commercial vessel stacked high with multicolored rectangular freight units.,Rows of standardized steel boxes cover the broad deck from bow to stern.,A tall white bridge and accommodation tower rise near the rear above a dark massive hull.,Port gantry cranes load and unload the grid of cargo units at specialized terminals.,"The ship's immense flat deck resembles a moving wall of red, blue, and orange rectangles.",A bulbous bow cuts through ocean water while thousands of sealed freight modules travel overseas.,user_supplemented,Not provided by the authors; supplemented from the public prompt in paper Appendix E.2
511,convertible,A passenger automobile with a fabric or rigid roof that folds away to expose the cabin.,The open-top body shows two or four seats beneath an unobstructed view of the sky.,A folded soft roof stacks behind the rear seats while side windows remain frameless.,The windshield stands alone above a low sporty body when the retractable top is down.,This road vehicle can alternate between an enclosed cabin and an open-air driving configuration.,A compact folded roof mechanism and visible interior distinguish it from a permanently closed coupe.,user_supplemented,Not provided by the authors; supplemented from the public prompt in paper Appendix E.2
512,corkscrew,A handheld implement with a pointed metal helix that twists into a bottle stopper.,"A crossbar, lever arms, or folding handle provides force to pull the plug from a narrow neck.",The central steel worm resembles a small sharpened spring beneath a grip.,Waiter's versions fold a tiny knife and hinged bottle-rest into a slim pocket tool.,Winged versions raise two side levers as the screw descends into the stopper.,The user rotates the handle before lifting the embedded spiral and attached plug upward.,user_supplemented,Not provided by the authors; supplemented from the public prompt in paper Appendix E.2
513,cornet,A compact brass wind instrument with three valves and a tightly curved tube ending in a flared bell.,Its conical bore produces a mellow tone from a body shorter and more tightly wrapped than a trumpet.,The musician presses three piston buttons while blowing through a small cup-shaped mouthpiece.,Polished golden tubing loops around itself between the leadpipe and forward-facing bell.,The rounded body fits close to the player's hands without the long straight profile of larger brass instruments.,A gently expanding tube and warm curved silhouette distinguish this traditional band instrument.,user_supplemented,Not provided by the authors; supplemented from the public prompt in paper Appendix E.2
514,cowboy boot,"A tall leather riding shoe with a pointed toe, angled heel, and decorative stitched shaft.",The upper rises to mid-calf and often has pull tabs at both sides of the opening.,A curved underslung heel is shaped to sit securely in a stirrup.,"Embossed patterns, contrasting leather inlays, and a scalloped top decorate the shaft.",The toe may be sharply pointed or rounded beneath a vamp crossed by ornate seams.,This Western footwear pairs a high protective shaft with a narrow raised heel.,user_supplemented,Not provided by the authors; supplemented from the public prompt in paper Appendix E.2
515,cowboy hat,"A wide-brimmed hat with a high crown, traditionally worn by cowboys and ranchers.","Made of felt or straw, designed for sun protection and style.",Commonly associated with western fashion and outdoor activities.,Features a wide brim to shield from sun and rain in the field.,"A staple of western and cowboy attire, often with a decorative band.",Used for both practical purposes and as a fashion statement.,author_provided,Provided by the authors
516,cradle,"A small rocking bed for a newborn, mounted on curved runners or suspended within a frame.",The shallow oval or rectangular basket has high sides and gently swings when pushed.,Wooden spindles or woven wicker surround a soft mattress sized for a very young baby.,Curved supports beneath the bed allow a caregiver to rock it back and forth.,A canopy may arch above the compact sleeping basket beside a parent's bed.,The enclosed infant furniture is smaller than a crib and designed specifically for soothing motion.,user_supplemented,Not provided by the authors; supplemented from the public prompt in paper Appendix E.2
517,construction crane,A towering construction machine with a long horizontal or angled boom used to lift heavy loads.,A cable and hook hang from a lattice arm high above a building site.,Tower versions rise from a vertical mast with a counterweighted jib rotating at the top.,Mobile versions mount the lifting boom on wheels or crawler tracks beside an operator cab.,The skeletal metal arm reaches over unfinished buildings while suspended materials swing below.,Counterweights balance distant cargo as the tall machine pivots around its central support.,user_supplemented,Not provided by the authors; supplemented from the public prompt in paper Appendix E.2
518,crash helmet,"A rigid protective head covering with a hard outer shell, thick padding, and a fastened chin strap.",The rounded aerodynamic shell may include a clear visor across the face.,Motorcyclists and racing drivers wear this reinforced equipment to absorb impacts.,Vent openings and bold graphics appear across a smooth full-face or open-face design.,Interior foam surrounds the skull while an extended lower section can guard the jaw.,The helmet fits closely around the head and secures beneath the chin with a buckle.,user_supplemented,Not provided by the authors; supplemented from the public prompt in paper Appendix E.2
519,crate,"A large, sturdy container often used for transporting goods or animals.","Commonly made of wood, plastic, or metal, crates have slats for ventilation and strength.",Used in shipping industries to safely store and transport products over long distances.,"Crates are also used for pet transportation, particularly for airlines or moving vehicles.","They come in various sizes, designed for specific types of cargo or animals.","Scientific name: N/A, a transport container widely used in logistics and shipping industries.",author_provided,Provided by the authors
520,infant bed,A small enclosed sleeping enclosure for a baby with tall slatted sides on all four edges.,A firm rectangular mattress sits low inside a wooden or metal frame to prevent climbing out.,Vertical rails surround the sleeping surface while leaving the child visible from outside.,The mattress height may be adjustable as the young occupant grows and begins to stand.,A fitted sheet covers the compact bed beneath smooth rounded corner posts.,"Unlike a rocking newborn basket, this nursery furniture is stationary and roomy enough for an older baby.",user_supplemented,Not provided by the authors; supplemented from the public prompt in paper Appendix E.2
521,Crock Pot,An electric countertop cooking vessel with a removable ceramic insert and a heavy glass lid.,"The oval glazed pot sits inside a metal heating base with low, high, and warm settings.",Food simmers gently for hours beneath a transparent cover without direct stovetop heat.,Two side handles support a deep stoneware bowl nested in a branded outer housing.,A simple front dial or digital timer controls prolonged low-temperature cooking.,"The appliance is commonly filled with stew, soup, or braised meat and left unattended on a counter.",user_supplemented,Not provided by the authors; supplemented from the public prompt in paper Appendix E.2
522,croquet ball,A brightly colored hard ball with shallow decorative grooves used in a lawn game with hoops.,Players strike the palm-sized wooden or composite sphere using long-handled mallets.,Several differently colored balls rest on short grass near narrow wire wickets.,The solid sphere is heavier than a tennis ball and lacks dimples or stitched seams.,"Traditional versions show red, blue, yellow, or black paint and may be made from dense wood.",Its purpose is to roll through a sequence of small ground arches after precise mallet strokes.,user_supplemented,Not provided by the authors; supplemented from the public prompt in paper Appendix E.2
523,crutch,A long support pole fits beneath the armpit and reaches the ground beside an injured person's leg.,Its padded top rests against the upper body while a lower handgrip helps transfer weight away from one foot.,Two wooden or metal shafts narrow toward a rubber-tipped base in this walking aid.,A pair is commonly used after a broken ankle or leg surgery to move without bearing full weight.,Height-adjustment holes and bolts allow the frame to match the user's arm and body length.,The familiar mobility device forms a tall narrow triangle between underarm pad handle and nonslip foot.,user_supplemented,Not provided by the authors; supplemented from the public prompt in paper Appendix E.2
524,cuirass,A rigid piece of armor curves around the chest and back to protect a warrior's torso.,Its sculpted metal surface may imitate pectoral muscles or carry embossed heraldic decoration.,Shoulder straps and side fastenings join front and rear plates around the upper body.,Polished bronze or steel forms a sleeveless shell worn above a padded garment.,The defensive covering extends from collarbone to waist while leaving arms and legs free.,Ancient soldiers and ceremonial guards are often shown wearing this fitted breast-and-back plate.,user_supplemented,Not provided by the authors; supplemented from the public prompt in paper Appendix E.2
525,dam,A massive barrier spans a river valley and holds a large reservoir on its upstream side.,Water may spill over a stepped concrete face or pass through controlled gates near the crest.,The structure forms a high wall between rocky slopes with a lake backed up behind it.,Hydroelectric versions include intake towers penstocks and a powerhouse near the base.,An arched concrete wall uses the surrounding canyon to resist tremendous water pressure.,Roads or walkways sometimes cross the narrow top above a steep downstream face.,user_supplemented,Not provided by the authors; supplemented from the public prompt in paper Appendix E.2
526,desk,"A flat work surface, often with drawers, used for writing, studying, or office work.","Usually made of wood, metal, or other durable materials.","Often found in homes, schools, and offices as a workspace.",Designed with compartments for organizing supplies and documents.,"Can be used for various tasks such as reading, typing, or drawing.",A central piece of furniture in professional and academic environments.,author_provided,Provided by the authors
527,desktop computer,A stationary personal computing setup combines a separate monitor keyboard mouse and tower case.,The main system unit sits on or beneath a desk connected by cables to a large display.,A full-size keyboard and pointing device lie in front of the screen rather than folding into a portable body.,Cooling vents drive bays and power buttons appear on the rectangular computer chassis.,Speakers webcam and other peripherals may surround the monitor in a home or office workspace.,Unlike a laptop this machine remains assembled from several components at a fixed workstation.,user_supplemented,Not provided by the authors; supplemented from the public prompt in paper Appendix E.2
528,rotary dial telephone,An old-fashioned wired handset rests in a cradle above a circular numbered dialing plate.,A finger enters one of ten holes and turns the disk clockwise before it springs back.,The heavy base connects to a coiled cord and often contains mechanical bells.,Numbers and letters surround the center of the rotating face beneath a clear plastic ring.,The curved receiver has an earpiece and mouthpiece at opposite ends.,This vintage communication device commonly appears in black Bakelite or brightly colored mid-century plastic.,user_supplemented,Not provided by the authors; supplemented from the public prompt in paper Appendix E.2
529,diaper,A soft absorbent garment wraps around a baby's waist and fastens at both hips.,Elastic edges fit around the legs while a padded central layer catches bodily waste.,Disposable versions have adhesive tabs colorful printed outer material and a moisture-resistant backing.,The unfolded item resembles an hourglass with wide front and rear panels.,Reusable cloth versions are secured with pins or covers beneath infant clothing.,Parents change this protective undergarment frequently and dispose of or wash it after use.,user_supplemented,Not provided by the authors; supplemented from the public prompt in paper Appendix E.2
530,digital clock,An electronic time display shows glowing numerals rather than moving hands on a circular face.,Hours and minutes appear as segmented digits separated by a blinking colon.,The rectangular bedside device may include alarm buttons snooze controls and red or green LEDs.,A black screen contrasts strongly with illuminated numbers readable in darkness.,Some versions sit on a nightstand while others are built into appliances or mounted on walls.,The current time is conveyed directly as numerical characters such as 08:45.,user_supplemented,Not provided by the authors; supplemented from the public prompt in paper Appendix E.2
531,digital watch,A timepiece that displays the time using electronic digits rather than hands.,Typically features a digital display for easy reading of the time.,"Often includes additional features like alarms, stopwatches, or heart rate monitoring.",Commonly powered by batteries or solar energy for continuous operation.,Smaller and more compact than traditional analog watches for convenience.,Ideal for those who prefer clear and precise time readings at a glance.,author_provided,Provided by the authors
532,dining table,A large flat surface used for eating meals in dining rooms or kitchens.,"Usually made of wood, metal, or glass, designed for family gatherings.",Typically accompanied by chairs to seat multiple people during meals.,Serves as a central gathering place for meals and social interactions.,"Commonly placed in kitchens, dining rooms, or other eating areas.",Comes in various sizes and shapes to accommodate different spaces.,author_provided,Provided by the authors
533,dishcloth,"A soft cloth used for cleaning dishes, surfaces, and kitchenware.",Usually made from cotton or microfiber for absorbency and durability.,"Often used for wiping down counters, plates, and utensils after washing.","Easily washable and reusable, designed to withstand frequent cleaning tasks.",Commonly found in kitchens as part of daily cleaning routines.,Can be used in both wet and dry cleaning tasks.,author_provided,Provided by the authors
534,dishwasher,An appliance used for cleaning dishes and kitchenware automatically.,Efficiently washes and dries dishes with minimal human effort required.,"Uses water, detergent, and heat to clean and sanitize items.",Commonly found in kitchens for households and commercial settings.,"Available in various sizes, often designed to fit under countertops.",Helps save time and labor while ensuring hygienic dish cleaning.,author_provided,Provided by the authors
535,disc brake,A type of brake system that uses friction to stop a vehicle's wheels.,Consists of a rotating disc and caliper that applies pressure to slow down.,"Commonly found on modern vehicles like cars, bikes, and motorcycles.",Offers better heat dissipation and more efficient stopping power compared to drum brakes.,Requires periodic maintenance to ensure proper performance and safety.,Used for both performance and everyday vehicles to improve braking efficiency.,author_provided,Provided by the authors
536,dock,A platform projects from the shoreline over water so boats can tie alongside it.,Wooden planks or concrete decking form a narrow walkway supported by pilings.,Mooring cleats ropes and bumpers line the edges beside vessels at rest.,People walk out from land to board a boat or load cargo at this waterside structure.,Marina versions branch into multiple floating fingers arranged between rows of moored craft.,The level landing surface rises just above a lake river or harbor and may move with the tide.,user_supplemented,Not provided by the authors; supplemented from the public prompt in paper Appendix E.2
537,dog sled,A low narrow sleigh is pulled across snow by a team of harnessed dogs.,Long parallel runners slide beneath a wooden or metal frame carrying a driver and supplies.,The musher stands on rear footboards and grips a curved handlebar behind the cargo bed.,Several canines run in pairs ahead along a central towline with a leader at the front.,The lightweight vehicle has no wheels and travels over Arctic trails and frozen terrain.,A fabric basket or lashings hold gear between the runners while the team stretches far ahead.,user_supplemented,Not provided by the authors; supplemented from the public prompt in paper Appendix E.2
538,dome,A rounded architectural roof curves outward in every direction above a circular or polygonal base.,Its hemispherical form often crowns a cathedral capitol observatory or monumental hall.,Ribs may divide the exterior into repeated segments converging at a lantern or finial.,From inside the ceiling forms a vast concave vault without ordinary flat planes.,Copper stone glass or painted masonry can cover the prominent curved shell.,The skyline feature resembles the upper half of a sphere resting above a building.,user_supplemented,Not provided by the authors; supplemented from the public prompt in paper Appendix E.2
539,doormat,A flat coarse mat lies directly outside or inside an entrance for wiping dirt from shoes.,Its rectangular surface may be made of coir rubber woven fiber or textured synthetic material.,Words such as WELCOME often appear across the center beneath the doorstep.,Raised ridges or stiff bristles scrape mud from footwear before a person enters.,The low floor covering spans roughly the width of a doorway and stays in place under foot traffic.,Decorative patterns and a nonslip backing combine a greeting with a practical cleaning surface.,user_supplemented,Not provided by the authors; supplemented from the public prompt in paper Appendix E.2
540,drilling rig,A large machine used for boring holes into the earth's surface to extract resources.,"Commonly used in oil, gas, and water drilling operations to reach deep subterranean layers.","Equipped with rotating drills, it can bore deep into rock formations for resource extraction.",Drilling rigs can be mobile or stationary depending on the type of drilling operation.,"These rigs are crucial for industries that rely on underground resources, such as mining.","Scientific name: N/A, used in petroleum, mining, and construction industries.",author_provided,Provided by the authors
541,drum,A hollow cylindrical musical instrument has a taut membrane stretched across one or both open ends.,A player strikes the skin with sticks mallets or hands to produce rhythmic beats.,Metal hoops lugs and tension rods secure the head around a wooden or metal shell.,The round body may rest on a stand hang from a shoulder strap or sit between the performer's knees.,A complete kit places several differently sized examples around cymbals and foot pedals.,Vibration of the stretched circular surface creates a resonant percussive sound from the chamber below.,user_supplemented,Not provided by the authors; supplemented from the public prompt in paper Appendix E.2
542,drumstick,A stick used to play percussion instruments like drums or drum kits.,"Typically made from wood, plastic, or metal, designed for durability and grip.",Varies in thickness and length to produce different sound qualities.,"Commonly used in musical performances, particularly in rock, jazz, or orchestras.","Can also refer to a meat portion, often from poultry, like chicken.",Used by drummers to create rhythm and beats in music.,author_provided,Provided by the authors
543,dumbbell,A short metal handle connects two equal heavy weights for one-handed strength exercises.,Round plates or hexagonal blocks sit at both ends of a knurled central grip.,Pairs commonly lie beside a gym bench or rack in graduated sizes.,The compact free weight is lifted for curls presses rows and many other movements.,Rubber-coated versions have flat-sided heads that resist rolling across the floor.,Unlike a long two-handed bar this exercise tool fits completely within a single hand's reach.,user_supplemented,Not provided by the authors; supplemented from the public prompt in paper Appendix E.2
544,Dutch oven,A heavy thick-walled cooking pot has two short side handles and a tightly fitting lid.,Traditional versions are made from seasoned cast iron and can sit directly over coals.,The lid may have a raised rim to hold hot embers above food cooking inside.,Enameled models use colorful glossy coatings over a round deep vessel.,Its excellent heat retention suits slow braising baking stews and campfire meals.,The squat lidded form moves from stovetop to oven and is often too heavy for a single long handle.,user_supplemented,Not provided by the authors; supplemented from the public prompt in paper Appendix E.2
545,electric fan,An electrically powered appliance spins several blades behind a protective wire cage to move air.,Its circular head may tilt and oscillate from side to side on a stand or tabletop base.,A central hub holds three or more broad angled blades driven by a rear motor.,Buttons or a rotary switch select speed while a power cord connects to an outlet.,Floor models rise on an adjustable pole whereas box versions fill a square frame.,The rapidly rotating blades create a cooling breeze without lowering the room's actual temperature.,user_supplemented,Not provided by the authors; supplemented from the public prompt in paper Appendix E.2
546,electric guitar,A solid-bodied string instrument connects to an amplifier through a cable and electronic pickups.,Six strings run from tuning pegs along a fretted neck to a bridge mounted on the body.,Knobs and a selector switch control volume and tone from magnetic sensors beneath the strings.,The player may use a pick while a shoulder strap supports the often brightly finished body.,Its sculpted shape commonly includes one or two cutaways for access to higher frets.,Unlike a hollow acoustic model this musical instrument relies on electrical amplification for its characteristic sound.,user_supplemented,Not provided by the authors; supplemented from the public prompt in paper Appendix E.2
547,electric locomotive,A rail vehicle draws power from overhead wires or a third rail rather than carrying a diesel engine.,Pantographs rise from the roof to contact catenary cables above the tracks.,The heavy streamlined engine pulls passenger coaches or cargo wagons behind it.,Large powered wheel assemblies sit beneath a body fitted with vents windows and headlights.,It produces no exhaust plume while operating beneath an extensive network of poles and wires.,Modern examples have angular aerodynamic noses whereas older ones resemble boxy engines with roof equipment.,user_supplemented,Not provided by the authors; supplemented from the public prompt in paper Appendix E.2
548,entertainment center,A large piece of living-room furniture houses a television and related audio-video equipment.,Shelves cabinets and drawers surround a broad central opening sized for a screen.,Wooden doors may conceal electronics while lower compartments store discs consoles and cables.,The tall wall unit combines display space with organized media storage in one structure.,Speakers decorative objects and books often occupy side shelves around the television.,Its substantial cabinet framework forms the visual focus of a home viewing area.,user_supplemented,Not provided by the authors; supplemented from the public prompt in paper Appendix E.2
549,envelope,"A flat, often rectangular container used for enclosing letters, documents, or other small items.",Envelopes are usually made of paper or lightweight cardboard and come in various sizes.,"They are commonly used for mailing, offering protection to documents and ensuring privacy.",Envelopes often have an adhesive flap that can be sealed to secure the contents.,"Modern envelopes come in many colors and designs, and some are self-sealing for convenience.","Scientific name: N/A, a common item in postal services for communication and document protection.",author_provided,Provided by the authors
550,espresso machine,A countertop appliance forces hot water under high pressure through finely ground coffee.,A metal portafilter locks into a brew head above a small cup and drip tray.,Buttons gauges and indicator lights control extraction while a side steam wand froths milk.,Commercial versions have multiple group heads and rows of cups warming on top.,A rich dark concentrated drink flows in two thin streams beneath the machine.,The stainless housing combines a water reservoir pump boiler and milk-steaming nozzle.,user_supplemented,Not provided by the authors; supplemented from the public prompt in paper Appendix E.2
551,face powder,A cosmetic compact contains finely milled pigment applied to the cheeks or entire face.,The small hinged case opens to reveal a mirror and a round pressed cake beside a soft puff.,Loose versions come in a jar with a perforated sifter beneath a screw-on lid.,A brush picks up beige tan or translucent particles from the smooth dry surface.,The product reduces shine and evens complexion after foundation is applied.,Fine pale dust may scatter around the decorative compact on a dressing table.,user_supplemented,Not provided by the authors; supplemented from the public prompt in paper Appendix E.2
552,feather boa,A long fluffy fashion accessory is made from many soft plumes attached around a cord.,It drapes loosely over the shoulders and coils around the neck like a colorful airy scarf.,Bright pink white red or black wisps create a voluminous theatrical outline.,The lightweight strands flutter with movement and are associated with cabaret costumes and parties.,Individual vanes overlap densely along a flexible rope-shaped core.,A performer may hold both trailing ends while the soft ornamental wrap frames formal clothing.,user_supplemented,Not provided by the authors; supplemented from the public prompt in paper Appendix E.2
553,filing cabinet,A tall metal office cabinet contains several deep horizontal drawers for hanging documents.,Each drawer has a label holder and recessed pull centered on its front panel.,The rectangular storage unit commonly appears in gray beige or black beside a desk.,Drawers slide fully outward on rails to expose folders arranged front to back.,A small lock near the top can secure confidential paperwork inside all compartments.,Rows of identical units organize paper records in offices archives and administrative rooms.,user_supplemented,Not provided by the authors; supplemented from the public prompt in paper Appendix E.2
554,fireboat,A specialized emergency vessel carries water cannons and pumps for fighting fires from a harbor.,Powerful monitors on its deck shoot high arcs of water toward burning ships or waterfront buildings.,The brightly colored working boat has a wheelhouse hoses and rescue equipment above a sturdy hull.,Multiple spray nozzles can create a dramatic curtain of water around the moving craft.,Red paint warning lights and official markings identify its public-safety role.,It approaches incidents from the water where ordinary land vehicles cannot reach.,user_supplemented,Not provided by the authors; supplemented from the public prompt in paper Appendix E.2
555,fire truck,A large red emergency vehicle carries ladders hoses pumps and flashing warning lights.,White or chrome compartments line the sides beneath equipment mounted on the roof.,A crew cab sits ahead of a long body filled with tools for extinguishing blazes and performing rescues.,Some versions support an enormous telescoping aerial ladder on a rotating base.,Reflective striping and a loud siren make the vehicle conspicuous as it travels through traffic.,Firefighters deploy thick hoses from side connections near the rear wheels at an incident.,user_supplemented,Not provided by the authors; supplemented from the public prompt in paper Appendix E.2
556,fire screen,A protective barrier placed in front of a fireplace to prevent sparks from escaping.,"Typically made of metal or mesh, fire screens serve as both a functional and decorative item.","They are often used in living rooms, adding an aesthetic element while offering safety near open flames.","Fire screens come in various shapes, including folding, single-panel, or ornate designs.",They are essential for preventing fire hazards in homes with open hearths or fireplaces.,"Scientific name: N/A, a safety feature commonly used around fireplaces to block flying embers.",author_provided,Provided by the authors
557,flagpole,"A tall, vertical structure used to display flags in public spaces or private properties.","Flagpoles are usually made of metal or wood, designed to be durable and withstand outdoor elements.",They can range in height from small residential poles to towering monuments in public spaces.,"Often found in front of government buildings, schools, and sports stadiums, they hold flags at the top.",Flagpoles may include mechanisms like pulleys or telescoping features for raising and lowering flags.,"Scientific name: N/A, a vertical post used for the display of flags, associated with patriotism or identity.",author_provided,Provided by the authors
558,flute,A woodwind instrument that produces sound by blowing across an opening.,"Typically made from metal or wood, with finger holes or keys to adjust pitch.","Commonly used in orchestras, bands, and solo performances across various music genres.","Can produce both soft, melodic sounds and bright, piercing tones.","Has a slender, tube-like shape and is played by holding it sideways.","Known for its light, airy sound that can be both soothing and lively.",author_provided,Provided by the authors
559,folding chair,"A portable, lightweight chair that can be folded flat for easy storage and transport.","Folding chairs are commonly used for events, camping, or any situation requiring temporary seating.",These chairs typically have a simple design with metal or plastic frames and fabric seats.,"They are convenient for quick setups in venues like classrooms, conferences, or outdoor spaces.","When folded, they are compact, making them easy to store and transport.","Scientific name: N/A, a versatile piece of furniture used in many social or outdoor settings.",author_provided,Provided by the authors
560,football helmet,A protective headgear worn by players in American football to prevent head injuries.,Football helmets are made from durable materials like polycarbonate and include padding for comfort.,"They are designed to absorb impacts, ensuring player safety during tackles and collisions.",The helmets also feature face masks for facial protection and improved visibility on the field.,Modern helmets are equipped with advanced technology to monitor impacts and improve safety standards.,"Scientific name: N/A, essential equipment for player protection in American football games.",author_provided,Provided by the authors
561,forklift,A compact industrial vehicle lifts pallets using two long horizontal forks projecting from the front.,A vertical mast raises and lowers the carriage while the operator sits beneath an overhead safety guard.,The machine has small solid tires a rear counterweight and tight steering for warehouse aisles.,Hydraulic cylinders tilt the tall lifting frame to stabilize stacked cargo.,Its twin steel prongs slide beneath loads before elevating them onto shelves or trucks.,Yellow orange or red examples commonly move boxes through warehouses factories and loading yards.,user_supplemented,Not provided by the authors; supplemented from the public prompt in paper Appendix E.2
562,fountain,Water jets rise or cascade decoratively from a basin in a plaza garden or pool.,A central sculpture may be surrounded by streams arching upward and splashing back below.,Pumps recirculate clear water through nozzles that produce sprays curtains or bubbling columns.,Stone tiers allow water to spill progressively from a small upper bowl into larger lower basins.,At night colored lights often illuminate the moving water against a public square.,The ornamental installation combines a reservoir plumbing and continuous animated spray.,user_supplemented,Not provided by the authors; supplemented from the public prompt in paper Appendix E.2
563,fountain pen,An elegant refillable writing instrument uses a metal nib split by a narrow slit to deliver liquid ink.,A cap covers the pointed gold or steel tip when the tool is not in use.,Ink flows from an internal reservoir through a ribbed feed beneath the nib onto paper.,The barrel may be lacquered resin or metal with decorative trim and a pocket clip.,Unlike a rolling-tip pen it produces lines through direct contact between a flexible nib and the page.,Calligraphic strokes vary subtly in width as the writer moves the tapered point.,user_supplemented,Not provided by the authors; supplemented from the public prompt in paper Appendix E.2
564,four-poster bed,A bed with four vertical posts at each corner supporting a frame.,Often includes a canopy or curtains to add privacy and decoration.,"Known for its elegant and traditional design, often found in luxury bedrooms.","Originally designed for warmth and privacy, now used for aesthetic appeal.","Made from wood or metal, available in various styles and finishes.",Common in vintage or classic home decor.,author_provided,Provided by the authors
565,freight car,A rail wagon carries bulk goods containers or merchandise rather than passengers.,Heavy wheel trucks support a long rectangular body coupled between other cargo vehicles.,It may take the form of an enclosed box open hopper flat platform refrigerated unit or cylindrical tank.,Sliding side doors or exposed loads distinguish it from windowed passenger coaches.,Rows of these rugged cars form long trains behind a powerful engine.,Reporting marks ladders and weathered steel surfaces cover the utilitarian body used in rail transport.,user_supplemented,Not provided by the authors; supplemented from the public prompt in paper Appendix E.2
566,French horn,A coiled brass wind instrument has a wide flared bell and several rotary valves operated by the left hand.,Its long tubing wraps into a compact circular body held with the bell pointing backward.,The musician buzzes into a small funnel-shaped mouthpiece while the right hand rests inside the bell.,Three or four levers alter the air path through the intricate golden coils.,The rounded form often sits in the center of an orchestral brass section.,A mellow tone emerges from an instrument resembling a polished labyrinth of tubing around a large bell.,user_supplemented,Not provided by the authors; supplemented from the public prompt in paper Appendix E.2
567,frying pan,A shallow round cooking vessel has a flat base low sloping sides and one long handle.,Its broad heated surface browns sautés or sears food on a stovetop.,Cast iron stainless steel copper or nonstick coating may form the circular pan.,Some versions add a short helper grip opposite the main handle for lifting heavier contents.,Eggs vegetables or meat cook directly against the open interior without a tall enclosing wall.,The utensil's long handle lets a cook toss ingredients while keeping a hand away from heat.,user_supplemented,Not provided by the authors; supplemented from the public prompt in paper Appendix E.2
568,fur coat,"A coat made from the fur of animals, designed for warmth and luxury.","Typically made from mink, fox, or rabbit fur, providing a soft texture.",Often associated with high fashion and cold-weather attire.,Used for special occasions or as a status symbol due to its expense.,"Provides excellent insulation, ideal for protecting against harsh winter climates.",Controversial in modern fashion due to ethical concerns surrounding animal welfare.,author_provided,Provided by the authors
569,garbage truck,A large vehicle used for collecting and transporting waste materials.,Equipped with hydraulic systems to lift and dump bins into the truck's compartment.,"Operates in residential, commercial, and industrial areas to collect garbage.","Typically loud and bulky, designed for efficiency and capacity in waste management.",Often seen with a crew of workers who assist in waste collection.,A crucial part of urban sanitation and waste disposal systems.,author_provided,Provided by the authors
570,gas mask or respirator,A protective face covering seals around the eyes nose and mouth while filtering hazardous air.,Round filter canisters attach near the cheeks or at the front beneath clear viewing lenses.,Elastic straps stretch around the head to hold a rubber mask tightly against the skin.,Military versions often have two circular eyepieces and a flexible corrugated breathing hose.,Industrial models may cover only nose and mouth with replaceable cartridges on both sides.,The equipment gives the wearer a distinctive sealed insectlike face in smoke chemicals or contaminated environments.,user_supplemented,Not provided by the authors; supplemented from the public prompt in paper Appendix E.2
571,gas pump,A tall roadside dispenser supplies fuel through a flexible hose ending in a handheld nozzle.,A digital display shows price volume and payment instructions above grade-selection buttons.,The nozzle rests in a holster on the machine until inserted into a vehicle's filler opening.,Bright brand colors and octane labels cover the rectangular unit beneath a service-station canopy.,A card reader keypad and receipt slot allow drivers to pay beside their cars.,Black hoses loop from one or both sides of the cabinet near protective bollards.,user_supplemented,Not provided by the authors; supplemented from the public prompt in paper Appendix E.2
572,goblet,A drinking vessel has a bowl-shaped cup raised above a flat base by a slender stem.,Glass metal or ceramic forms the decorative container used for wine water or ceremonial drinks.,The wide rim may be plain engraved or jeweled above an ornate supporting shaft.,Its footed silhouette resembles a chalice and allows the drinker to hold it without warming the bowl.,Antique examples may have gold surfaces embossed patterns and a heavy circular base.,The elevated cup is commonly placed at formal tables or shown as a trophy-like vessel.,user_supplemented,Not provided by the authors; supplemented from the public prompt in paper Appendix E.2
573,go-kart,A tiny open racing vehicle has four wheels a low frame and no enclosed bodywork.,The driver sits inches above the ground with hands on a small steering wheel and feet extended toward pedals.,A compact engine mounts behind or beside the seat within an exposed tubular chassis.,Wide slick tires and a rear axle provide quick acceleration around a paved circuit.,Protective bumpers surround the low nose while a helmeted rider remains fully visible.,The lightweight recreational machine resembles a miniature single-seat race car without doors or roof.,user_supplemented,Not provided by the authors; supplemented from the public prompt in paper Appendix E.2
574,golf ball,"A small, spherical ball used in the sport of golf.",Covered in dimples to reduce air resistance and enhance flight distance.,"Made from rubber and plastic, designed for durability and precision in play.","Weighs approximately 45 grams, with a standard diameter of 42.67mm.","Used to strike with a club, aiming to reach holes in as few strokes as possible.",Varies in design for professional or recreational golf play.,author_provided,Provided by the authors
575,golf cart,A small low-speed vehicle carries players and equipment across landscaped fairways.,Two or four seats sit beneath a simple roof on a compact four-wheeled chassis.,An open rear rack holds upright bags filled with clubs.,The quiet electric or gasoline-powered machine has no doors and only a small windshield.,Wide turf-friendly tires travel along paths between holes without damaging grass.,Resort and community versions may add extra rear-facing seats while retaining the lightweight canopy.,user_supplemented,Not provided by the authors; supplemented from the public prompt in paper Appendix E.2
576,gondola,A long narrow flat-bottomed boat is propelled through Venetian canals by a standing rower.,Its glossy black hull curves upward into distinctive metal ornaments at bow and stern.,The operator uses a single long oar from an elevated position near the rear.,Passenger seats cushions and decorative trim occupy the open center beneath bridges and old buildings.,The vessel's asymmetrical shape allows it to travel straight despite being rowed from only one side.,It glides silently through confined waterways rather than using a motor or sail.,user_supplemented,Not provided by the authors; supplemented from the public prompt in paper Appendix E.2
577,gong,A large circular metal disc hangs vertically from a frame and is struck with a padded mallet.,Its broad bronze surface has a raised central boss surrounded by hammered rings.,The suspended percussion instrument vibrates visibly after impact and produces a deep spreading crash.,Cords support the rim inside a sturdy wooden or metal stand.,Orchestral and ceremonial versions range from small dark discs to enormous polished circles.,The player swings a soft-headed beater against the center to unleash a long resonant tone.,user_supplemented,Not provided by the authors; supplemented from the public prompt in paper Appendix E.2
578,gown,A long formal dress extends from the shoulders to the floor in a flowing one-piece silhouette.,Luxurious satin lace chiffon or velvet may form a fitted bodice above a sweeping skirt.,Evening versions often include a train low neckline or elaborate beadwork.,The garment is associated with weddings balls ceremonies and other elegant occasions.,Sleeves may be absent narrow or dramatically full while the skirt remains ankle- or floor-length.,A wearer commonly pairs this refined dress with jewelry and formal shoes.,user_supplemented,Not provided by the authors; supplemented from the public prompt in paper Appendix E.2
579,grand piano,"A large, grand-scale musical instrument with black and white keys.",Produces sound by striking strings with hammers when keys are pressed.,"Known for its rich, resonant tones and wide range of notes.",Commonly used in classical music performances and grand concert halls.,"Has a distinctive curved shape, often with polished wooden finishes.","Requires significant space and skill to play effectively, often an instrument of virtuosity.",author_provided,Provided by the authors
580,greenhouse,A structure made of glass or plastic designed for growing plants in controlled environments.,Used to maintain temperature and humidity for optimal plant growth.,"Commonly found in botanical gardens, farms, and research facilities.","Provides protection from pests, extreme weather, and promotes year-round cultivation.",Has transparent walls and roofs to allow sunlight for photosynthesis.,Typically contains shelves or tables for organized plant growth.,author_provided,Provided by the authors
581,radiator grille,A patterned metal opening spans the front of a vehicle to admit cooling air toward the engine.,Horizontal bars honeycomb mesh or vertical slats sit between the headlights above the bumper.,Chrome trim and a central manufacturer emblem often make this panel a defining facial feature of a car.,The perforated structure protects cooling components while allowing airflow through the nose.,Truck versions may be tall and rectangular whereas sports cars use low wide openings.,Its repeated slots form a decorative yet functional screen at the foremost part of an automobile.,user_supplemented,Not provided by the authors; supplemented from the public prompt in paper Appendix E.2
582,grocery store,A retail shop has aisles of packaged food produce refrigerated goods and household necessities.,Shopping carts move between tall shelves while price labels line every display edge.,Fresh fruits and vegetables fill open bins near bakery meat and dairy departments.,Checkout lanes with conveyor belts scanners and cash registers stand near the exit.,Refrigerated cases hold milk frozen items and drinks beneath bright overhead lighting.,Customers select everyday provisions from many organized aisles before paying at the front.,user_supplemented,Not provided by the authors; supplemented from the public prompt in paper Appendix E.2
583,guillotine,A tall wooden execution frame suspends a heavy angled blade above an upright sliding track.,Two parallel posts support a crossbeam and a sharp triangular metal cutter.,A circular neck opening sits between hinged boards at the base of the imposing structure.,Ropes and a release mechanism allow the raised blade to drop rapidly downward.,The historical device often stands on a platform before a waiting woven basket.,"Its stark silhouette combines a vertical scaffold, diagonal blade, and restraining wooden collar.",user_supplemented,Not provided by the authors; supplemented from the public prompt in paper Appendix E.2
584,hair clip,A small spring-loaded accessory grips strands of hair between decorative jaws.,Two hinged arms close around a lock using interlocking teeth and a metal spring.,"The ornament may be a simple metal pin, plastic claw, or jeweled barrette.",A curved clasp secures an arranged hairstyle at the back or side of the head.,Rows of narrow teeth gather loose strands beneath a colorful outer shell.,"The compact grooming fastener often features flowers, beads, or a polished bow.",user_supplemented,Not provided by the authors; supplemented from the public prompt in paper Appendix E.2
585,hair spray,A pressurized aerosol can dispenses a fine mist that stiffens a finished hairstyle.,A small nozzle atop a tall cylindrical container releases a cloud when pressed.,The product label commonly shows styled locks and promises strong or flexible hold.,A removable plastic cap covers the spray button above a metallic can.,The mist settles invisibly over arranged strands to resist humidity and movement.,Salon shelves display slim cans of this styling product beside combs and brushes.,user_supplemented,Not provided by the authors; supplemented from the public prompt in paper Appendix E.2
586,half-track,An armored vehicle combines steerable front wheels with continuous caterpillar tracks at the rear.,Its hybrid undercarriage places rubber tires ahead of linked metal treads.,A boxy military body carries troops or equipment across rough ground.,The rear track assembly wraps around several small road wheels beneath angular armor.,A short hood and enclosed cabin rise before an open or covered cargo compartment.,This wartime transport blends trucklike steering with tanklike traction.,user_supplemented,Not provided by the authors; supplemented from the public prompt in paper Appendix E.2
587,hammer,"A hand tool with a heavy head, used for driving nails or breaking objects.",Typically made of metal with a wooden or fiberglass handle for durability.,"Used in construction, carpentry, and other tasks requiring forceful impact.",The head is often flat and weighted for efficient pounding or striking.,Available in various sizes and weights for different types of work.,A common tool found in most toolkits for both professionals and DIY enthusiasts.,author_provided,Provided by the authors
588,hamper,"A container used for storing or transporting laundry, often made of wicker or fabric.","Hamper designs range from simple baskets to stylish, lined containers, providing organized storage solutions.",They are often equipped with a lid or cover to keep laundry hidden from view or scent.,"In addition to laundry, hampers can also serve for storing household items or toys.","Hamper sizes vary, and they are commonly found in bedrooms or bathrooms for convenience.","Scientific name: N/A, a practical household item used for organizing and storing clothing or laundry.",author_provided,Provided by the authors
589,hair dryer,A handheld electrical appliance blows warm air through a tapered nozzle.,Its pistol-shaped body has a rear intake grille and controls along the handle.,A coiled heating element and fan sit inside a compact plastic housing.,The power cord descends from the grip while concentrated airflow exits the front barrel.,Interchangeable diffusers or narrow concentrators attach to the circular outlet.,A person aims the warm stream at wet hair while styling it with a brush.,user_supplemented,Not provided by the authors; supplemented from the public prompt in paper Appendix E.2
590,hand-held computer,"A small, portable electronic device designed for computing tasks on the go.","Hand-held computers often feature touch screens, compact keyboards, and Wi-Fi connectivity for convenience.",These devices serve as a bridge between smartphones and full-sized laptops for personal and business use.,"They are equipped with software for web browsing, productivity, and multimedia tasks.",Examples of hand-held computers include personal digital assistants (PDAs) and early smartphones.,"Scientific name: N/A, a compact computing device designed for mobility and versatility.",author_provided,Provided by the authors
591,handkerchief,A small square of soft cloth is carried in a pocket for wiping the nose or face.,Its neatly hemmed edges may surround embroidered initials or a decorative printed border.,The thin cotton or linen fabric folds into a compact rectangle.,Formal versions show lace edging and delicate floral needlework.,A person holds the reusable cloth near the face or tucks it into a breast pocket.,The lightweight personal textile replaces disposable facial tissue.,user_supplemented,Not provided by the authors; supplemented from the public prompt in paper Appendix E.2
592,hard disk drive,A rectangular metal data-storage unit contains rapidly spinning magnetic platters.,Its sealed silver housing has a printed label above a circuit board on the underside.,Power and data connectors line one short edge of the rigid internal computer component.,Removing the cover reveals stacked reflective disks and a pivoting actuator arm.,Standard versions fit into desktop bays or smaller notebook enclosures.,The block-shaped electronic device stores files through a moving read-write head.,user_supplemented,Not provided by the authors; supplemented from the public prompt in paper Appendix E.2
593,harmonica,"A small, handheld musical instrument that produces sound through air passing through reeds.","Typically used in blues, folk, and rock music, known for its distinctive sound and portability.",Played by placing the lips over holes and drawing or exhaling air to produce different notes.,"Harmonicas can vary in keys, with chromatic versions offering a wider range of notes.","The instrument has a unique design, with metal reeds housed in a rectangular chamber.","Scientific name: N/A, a popular portable wind instrument with a rich history in folk music.",author_provided,Provided by the authors
594,harp,A stringed musical instrument played by plucking the strings with fingers.,"Usually consists of a large, triangular frame with multiple strings of varying lengths.","Known for its delicate, resonant sound, often used in orchestras and solo performances.",Has both pedal and lever mechanisms to adjust pitch and tone.,"A highly decorative instrument, often associated with classical and medieval music.","Requires skill and precision, with both hands and feet involved in playing.",author_provided,Provided by the authors
595,combine harvester,A huge self-propelled farm machine cuts crops and separates grain in one pass.,A very wide toothed header spans the front beneath an elevated glass cabin.,Large deep-tread wheels support a bulky body with an unloading auger folded along one side.,The rotating front reel guides standing wheat into the cutting mechanism.,A long pipe swings outward to transfer harvested grain into a neighboring trailer.,Dust rises behind the massive machine as it crosses a golden field.,user_supplemented,Not provided by the authors; supplemented from the public prompt in paper Appendix E.2
596,hatchet,A compact one-handed chopping tool has a short handle and a heavy metal head.,One side of the head forms a sharp wedge while the opposite side is flat like a hammer.,The wooden or composite grip is sized for splitting kindling and trimming branches.,Its blade is broader near the cutting edge and curves toward the short shaft.,A leather sheath may cover the sharpened edge when the tool is carried.,The small camp implement resembles a shortened axe suited to close work.,user_supplemented,Not provided by the authors; supplemented from the public prompt in paper Appendix E.2
597,holster,A shaped pouch worn on a belt securely carries a handgun at the hip.,"Leather, nylon, or molded polymer wraps closely around the weapon's outline.",A retaining strap crosses the grip while the barrel points downward.,Belt loops or a paddle mount attach the carrier to the wearer's waist.,The open upper edge permits quick access while shielding the trigger area.,Police and outdoor users wear this fitted side case beside other equipment.,user_supplemented,Not provided by the authors; supplemented from the public prompt in paper Appendix E.2
598,home theater,A room centers on a large screen surrounded by multiple speakers and reclining seats.,A projector casts a cinematic image while blackout curtains darken the walls.,"Front, center, side, and rear audio cabinets create an immersive surround arrangement.",Tiered upholstered chairs face a television mounted above an equipment console.,Acoustic wall panels and dim aisle lights give the private room a miniature cinema atmosphere.,"Remote controls operate an amplifier, media player, display, and subwoofer from the seating area.",user_supplemented,Not provided by the authors; supplemented from the public prompt in paper Appendix E.2
599,honeycomb,A repeating array of tightly packed hexagonal wax cells forms a golden sheet.,"Bees crawl across six-sided compartments filled with nectar, pollen, or capped brood.",The geometric structure hangs vertically inside a hive frame.,Translucent amber liquid glistens within open wax chambers.,Pale wax lids seal some cells while others remain empty and sharply outlined.,The remarkably regular lattice maximizes storage with shared walls between every chamber.,user_supplemented,Not provided by the authors; supplemented from the public prompt in paper Appendix E.2
600,hook,"A curved metal implement has a pointed end for catching, hanging, or pulling objects.",Its J-shaped profile bends back toward a straight shank or eyelet.,Some examples screw into walls while others hang from rope or chain.,A sharpened barb near the tip prevents a captured object from slipping free.,"The simple hardware fitting supports tools, coats, cables, or suspended loads.",A circular eye at the upper end may connect the curved piece to a line.,user_supplemented,Not provided by the authors; supplemented from the public prompt in paper Appendix E.2
601,hoop skirt,A structured garment worn beneath dresses to create volume and shape.,Typically made from fabric and reinforced with rings or hoops.,"Commonly used in historical fashion, particularly in Victorian and Regency periods.","Helps achieve a wide, flared silhouette for formal or ceremonial wear.","Can be worn for both comfort and style, often seen in wedding dresses.","Designed to provide support to skirts and dresses, making them stand out.",author_provided,Provided by the authors
602,gymnastic horizontal bar,A single elevated rail spans between two upright supports above a padded floor.,An athlete grips the smooth steel pole with both hands and swings beneath it.,Tension cables anchor the tall vertical posts while adjustable clamps set the rail height.,The long round apparatus flexes slightly during giant circles and release moves.,Gymnastic chalk marks appear where hands repeatedly grasp the horizontal metal surface.,Only one narrow overhead rail distinguishes the men's event from paired parallel equipment.,user_supplemented,Not provided by the authors; supplemented from the public prompt in paper Appendix E.2
603,horse-drawn vehicle,A wheeled carriage is pulled by one or more harnessed horses along a road.,Long wooden shafts or a central pole connect the animals to the passenger body.,"Large spoked wheels support an open buggy, covered coach, or utilitarian cart.",A driver sits high at the front holding reins that extend to the animals' bridles.,Leather harnesses transfer pulling force from the team to the axle-mounted conveyance.,"The pre-motor transport may carry people, hay, or goods behind trotting animals.",user_supplemented,Not provided by the authors; supplemented from the public prompt in paper Appendix E.2
604,hourglass,"A device for measuring time, consisting of two glass bulbs connected by a narrow neck.","Uses sand to mark the passage of time, often used for decorative purposes.","The sand flows from the top bulb to the bottom one, indicating time intervals.","Commonly used in games or as a symbol of time, often seen in antique decor.","A unique, vintage alternative to modern clocks or timers.","Can be used for short durations, typically measuring seconds or minutes.",author_provided,Provided by the authors
605,iPod,A slim pocket-sized digital music player has a small screen above a circular click wheel.,A white front panel and polished metal back form a flat rectangular device.,"The round control combines menu, play, forward, and reverse symbols around a center button.",Earbud wires connect through a small socket along the upper edge.,Album and song lists appear on the compact color or monochrome display.,The iconic portable player stores a large music library without physical discs.,user_supplemented,Not provided by the authors; supplemented from the public prompt in paper Appendix E.2
606,clothes iron,A handheld appliance has a flat heated soleplate and an arched grip above its body.,A pointed triangular front glides between buttons and seams on fabric.,Temperature controls and steam vents regulate heat and moisture while removing wrinkles.,The electrical cord exits behind a plastic water reservoir and handle.,Its smooth metal underside presses clothing laid across a padded board.,A burst button releases vapor through small holes in the polished base.,user_supplemented,Not provided by the authors; supplemented from the public prompt in paper Appendix E.2
607,carved pumpkin,A hollow orange squash is cut with triangular eyes and a glowing face.,A jagged mouth and nose are removed from the thick rind above a candle inside.,The stem remains on top as a lid lifts away for access to the empty interior.,Warm light shines through the cut openings during autumn celebrations.,Some examples show elaborate silhouettes instead of a simple grinning expression.,The ribbed round fruit sits on a doorstep as a seasonal lantern.,user_supplemented,Not provided by the authors; supplemented from the public prompt in paper Appendix E.2
608,jeans,"A type of durable trousers made from denim fabric, commonly worn for casual purposes.","Jeans are characterized by their sturdy construction, typically with five pockets and a button fly.","Often blue in color, jeans are a staple in fashion, available in various cuts and styles.",They are versatile and can be paired with casual or semi-formal attire for different occasions.,"The denim fabric is known for its durability, making jeans a long-lasting wardrobe essential.","Scientific name: N/A, a ubiquitous and timeless item of clothing worn by people worldwide.",author_provided,Provided by the authors
609,jeep,"A rugged, off-road vehicle designed for tough terrain and outdoor adventures.","Typically, jeeps have high ground clearance, four-wheel drive, and a boxy, utilitarian design.",They are often associated with military use but have evolved into civilian adventure vehicles.,"Known for their versatility, jeeps are popular for outdoor sports like camping and off-roading.","With a robust frame and durable tires, jeeps can handle challenging road conditions easily.","Scientific name: N/A, a tough, off-road vehicle brand widely recognized for adventure and exploration.",author_provided,Provided by the authors
610,T-shirt,"A casual short-sleeved garment has a simple torso, round neck opening, and no front closure.",Its body and sleeves form a broad letter-like silhouette when laid flat.,"Soft knitted cotton commonly carries printed graphics, logos, or plain colors.",The pull-on top falls from the shoulders to the waist with a crew or V neckline.,Short sleeves end around the upper arm while a hem runs straight across the bottom.,This everyday unisex shirt is often paired with jeans or athletic clothing.,user_supplemented,Not provided by the authors; supplemented from the public prompt in paper Appendix E.2
611,jigsaw puzzle,An image is divided into many irregular interlocking cardboard pieces for assembly.,Each small component has tabs and blanks designed to fit only neighboring shapes.,Loose colorful fragments spread beside a partially completed picture on a table.,A finished rectangular scene emerges as curved projections join matching recesses.,Straight-edged pieces form the border before interior details are filled in.,The boxed pastime challenges a person to reconstruct a printed scene from scattered parts.,user_supplemented,Not provided by the authors; supplemented from the public prompt in paper Appendix E.2
612,rickshaw,A small two-wheeled passenger carriage is pulled or pedaled by a person.,A covered seat for one or two riders sits behind long shafts held by a runner.,"In cycle versions, a driver pedals at the front beneath a fabric canopy.",Large spoked wheels flank a narrow lightweight body used on crowded Asian streets.,The passenger compartment may have a folding hood and raised footwell.,This human-powered street transport has no enclosed engine compartment.,user_supplemented,Not provided by the authors; supplemented from the public prompt in paper Appendix E.2
613,joystick,"A control device used in video games or machinery, consisting of a stick for directional input.","Joysticks are often used for precise movements in video games, drones, or other machines.","They allow for easy manipulation of movement, often with additional buttons for action commands.","Modern joysticks can be connected to computers, gaming consoles, or specialized industrial equipment.","Joysticks can vary in size, from handheld to larger setups in flight simulators or arcade machines.","Scientific name: N/A, a popular input device for controlling motion in games and mechanical systems.",author_provided,Provided by the authors
614,kimono,A traditional Japanese robe wraps left over right and is secured by a broad sash.,Long wide sleeves hang in rectangular panels beside a straight floor-length body.,"Silk fabric often displays cranes, blossoms, waves, or intricate seasonal patterns.",The wide belt forms a structured bow or layered fold at the back.,The T-shaped garment has a flat collar running continuously down both front edges.,Wearers pair the flowing robe with white socks and thong-style sandals.,user_supplemented,Not provided by the authors; supplemented from the public prompt in paper Appendix E.2
615,knee pad,A thick protective pad straps over the front of the leg joint between thigh and shin.,Foam or hard plastic forms a rounded shield held by elastic bands behind the leg.,"Skaters, cyclists, and construction workers wear paired guards during falls or kneeling.",A cupped shell permits bending while covering the vulnerable bony front.,Black fabric sleeves may incorporate dense cushioning directly over the joint.,"The compact safety gear shows scuffs from contact with floors, pavement, or ramps.",user_supplemented,Not provided by the authors; supplemented from the public prompt in paper Appendix E.2
616,knot,A rope crosses over and through itself to create a tightened loop or binding.,Interwoven strands form a compact central tangle with free ends emerging in different directions.,A loop passes around another section and cinches securely under tension.,Sailors use distinct arrangements of rope to join lines or fasten them to posts.,"The twisted fibers bend into recognizable overhand, figure-eight, or bow-shaped configurations.",Pulling the ends compresses the intertwined structure rather than straightening it.,user_supplemented,Not provided by the authors; supplemented from the public prompt in paper Appendix E.2
617,lab coat,A knee-length white professional garment buttons down the front over ordinary clothing.,"Long sleeves, notched lapels, and large patch pockets suit clinical or scientific work.","Pens, gloves, or small instruments protrude from the roomy lower pockets.",The clean pale overgarment protects the wearer from splashes in a medical or research setting.,A name badge may attach above the chest pocket beside an institutional emblem.,Its crisp collar and front closure resemble a lightweight white overcoat.,user_supplemented,Not provided by the authors; supplemented from the public prompt in paper Appendix E.2
618,ladle,A deep round-bowled utensil sits at the end of a very long handle.,"Its large cup transfers soup, stew, sauce, or punch from a pot to a serving bowl.",A curved end or hanging hole allows the kitchen implement to rest near cookware.,"Stainless steel, wood, or heat-resistant plastic forms the one-piece server.",The handle remains above hot liquid while the hemispherical scoop submerges below.,A pouring lip may interrupt one side of the capacious bowl.,user_supplemented,Not provided by the authors; supplemented from the public prompt in paper Appendix E.2
619,lampshade,A decorative covering surrounds a lamp bulb and softens or directs its light.,Its tapered fabric or paper sides form a truncated cone around an internal wire frame.,The narrow upper opening attaches near the socket while a wider rim spreads below.,"Pleats, patterns, or fringe decorate the translucent covering on a table lamp.",The shade blocks direct glare and casts a warm pool of illumination downward.,Drum-shaped versions use parallel circular rings joined by vertical supports.,user_supplemented,Not provided by the authors; supplemented from the public prompt in paper Appendix E.2
620,laptop computer,A portable folding computer has a screen hinged above a keyboard and touch-sensitive pad.,The thin clamshell opens to an angled display while its lower half rests on a desk or lap.,"Keys, palm rests, and a trackpad occupy the flat base above internal electronics.",A rechargeable battery permits use without a fixed power connection.,"Ports line the sides for charging, video, audio, and removable devices.",Closing the lid protects the display and creates a compact rectangular slab for carrying.,user_supplemented,Not provided by the authors; supplemented from the public prompt in paper Appendix E.2
621,lawn mower,A powered garden machine cuts grass with a rotating blade beneath a low deck.,A person pushes a wheeled body using a long U-shaped handle from behind.,Engine or battery housing sits above four wheels while clipped grass enters a rear bag.,Self-propelled versions roll in straight passes across a lawn and leave even stripes.,A height lever adjusts how closely the hidden blade trims vegetation.,Riding models add a seat and steering wheel above a wider cutting platform.,user_supplemented,Not provided by the authors; supplemented from the public prompt in paper Appendix E.2
622,lens cap,A round protective cover snaps over the front of a camera optic.,Two spring-loaded tabs are pinched inward to release the black plastic disk.,"The circular piece shields exposed glass from fingerprints, dust, and scratches.",A brand name or diameter marking appears on its otherwise plain face.,A short tether may attach the removable cover to the camera body.,The flat disk matches the threaded rim of a specific photographic optic.,user_supplemented,Not provided by the authors; supplemented from the public prompt in paper Appendix E.2
623,letter opener,A slender desk implement has a narrow blade designed to slit sealed envelopes.,Its dull-edged metal or ivory-like shaft tapers to a pointed rounded tip.,An ornamental handle balances the flat blade for controlled movement under paper flaps.,The tool lies beside correspondence and stationery rather than kitchen utensils.,Decorative examples resemble miniature swords with engraved handles.,Sliding the smooth tip beneath an envelope seam opens it without tearing the contents.,user_supplemented,Not provided by the authors; supplemented from the public prompt in paper Appendix E.2
624,library,"A collection of books, journals, and digital media for reading and research.",Often has organized sections for different genres or subjects of study.,"Provides a quiet space for learning, reading, and studying.",Public or private institutions where people access books and resources.,Usually equipped with computers and study rooms for research.,"A center for knowledge and information, sometimes with online resources.",author_provided,Provided by the authors
625,lifeboat,A rigid orange rescue craft hangs from davits along the side of a larger ship.,Its enclosed or open hull carries emergency passengers away from a vessel in distress.,"White canopies, flotation compartments, and safety rails line the compact seaworthy boat.",A gravity-launched version rests high in an angled cradle ready to slide into the water.,"Emergency supplies, oars, and a small motor are stored within the brightly visible hull.",The craft is built for rapid evacuation rather than ordinary recreation or transport.,user_supplemented,Not provided by the authors; supplemented from the public prompt in paper Appendix E.2
626,lighter,A pocket-sized device produces a small flame from a metal top.,A thumb wheel strikes a spark above a fuel reservoir and adjustable wick.,Disposable versions have a colorful plastic body and a push lever near the nozzle.,A hinged metal case may flip open before the user rotates a serrated wheel.,"The compact ignition tool lights candles, campfires, or smoking materials.",A blue base appears beneath the yellow flame when fuel gas emerges.,user_supplemented,Not provided by the authors; supplemented from the public prompt in paper Appendix E.2
627,limousine,An exceptionally long luxury car has an extended body and multiple side windows.,A uniformed driver sits far ahead of a spacious rear passenger compartment.,The stretched wheelbase may place several doors between the front and rear axles.,"Tinted glass, polished trim, and glossy paint emphasize formal transportation.","Passengers enter a plush interior with facing seats, entertainment, and a privacy divider.","The elongated vehicle commonly arrives at weddings, premieres, or airport pickups.",user_supplemented,Not provided by the authors; supplemented from the public prompt in paper Appendix E.2
628,ocean liner,A gigantic passenger ship has many stacked decks rising above a long ocean-going hull.,Rows of cabin windows and lifeboats line its white superstructure from bow to stern.,Funnels tower above promenade decks while the pointed bow cuts through open sea.,The vessel carries travelers on scheduled long-distance routes rather than hauling freight.,"Ballrooms, dining rooms, and cabins occupy an imposing floating multistory structure.",Its deep hull and streamlined profile are built for reliable transoceanic passage.,user_supplemented,Not provided by the authors; supplemented from the public prompt in paper Appendix E.2
629,lipstick,"A cosmetic product used to color the lips, typically in a tube or stick form.","Comes in a wide range of colors and finishes, from matte to glossy.",Commonly applied to enhance facial appearance or match fashion.,"Made from a mixture of waxes, oils, and pigments.","Found in beauty kits, cosmetic stores, and for personal use.",A popular accessory for personal grooming and enhancing one's style.,author_provided,Provided by the authors
630,slip-on shoe,A low casual shoe has no laces or buckles and opens widely at the top.,The wearer slides a foot directly beneath a tongue or elastic side gussets.,"Loafers, canvas deck shoes, and flat elastic-sided footwear share this easy-entry construction.",A continuous upper wraps the foot above a flexible sole without visible fastening hardware.,The heel collar is firm enough to hold the foot despite the broad opening.,Its simple uncluttered silhouette suits quick dressing and everyday wear.,user_supplemented,Not provided by the authors; supplemented from the public prompt in paper Appendix E.2
631,lotion,A creamy skincare liquid is dispensed from a pump bottle or squeeze tube.,"The opaque white emulsion spreads smoothly across hands, face, or body.","A label describes moisturizing, soothing, or sun-protective properties on the container.",The viscous product forms a glossy dollop that is thinner than an ointment.,A flip-top cap controls the small opening of a portable plastic bottle.,It is rubbed into dry skin until the pale cream disappears.,user_supplemented,Not provided by the authors; supplemented from the public prompt in paper Appendix E.2
632,music speaker,An electronic device designed to produce sound for listening to music or audio.,"Usually connected to audio sources via Bluetooth, wired, or Wi-Fi connections.","Can vary in size, from portable models to large, stationary systems.","Produces clear and rich sound, available in a variety of audio setups.","Commonly used in homes, parties, or concerts for entertainment purposes.",Can come with multiple channels for surround sound or stereo effects.,author_provided,Provided by the authors
633,loupe magnifying glass,A small high-powered optical viewer is held close to one eye for detailed inspection.,A short cylindrical body contains a convex lens within a folding or fixed frame.,"Jewelers use the compact magnifier to examine gemstones, watch parts, and hallmarks.",The user squints through the enlarged glass while bringing an object within a few centimeters.,Some versions fold into a protective metal housing with a tiny handle.,The single-eye instrument reveals surface scratches and fine details invisible at normal scale.,user_supplemented,Not provided by the authors; supplemented from the public prompt in paper Appendix E.2
634,sawmill,An industrial facility cuts raw logs into boards using large powered machinery.,Stacks of timber surround a long shed containing conveyors and circular blades.,Freshly cut planks emerge in parallel lengths while piles of wood chips gather below.,Debarked trunks move along rollers toward a noisy enclosed cutting line.,"Tall stacks, cranes, and log yards occupy the grounds beside forested areas.",Sawdust hangs in the air around workers sorting dimensional lumber.,user_supplemented,Not provided by the authors; supplemented from the public prompt in paper Appendix E.2
635,magnetic compass,A handheld navigation instrument has a circular dial with a freely pivoting needle.,The colored pointer aligns with north above a printed ring of cardinal directions.,A transparent face encloses degree markings from zero through a full circle.,"A rectangular baseplate may include a rotating bezel, ruler, and sighting arrow.",The device rests flat in a palm while its pointer responds to Earth's field.,Hikers orient a map by matching the floating indicator with the marked northern direction.,user_supplemented,Not provided by the authors; supplemented from the public prompt in paper Appendix E.2
636,messenger bag,A rectangular shoulder-carried case with a long adjustable strap crossing the wearer's chest.,"Its wide flap folds over a flat main compartment sized for documents, books, or a laptop.","Buckles, magnetic snaps, or hook-and-loop patches secure the front beneath an overhanging lid.",Canvas or leather construction gives this urban carryall a low horizontal profile against the hip.,Several organizer pockets sit beneath the flap while the strap rests on the opposite shoulder.,The practical satchel resembles a courier's mail pouch and leaves both hands free while walking or cycling.,user_supplemented,Not provided by the authors; supplemented from the public prompt in paper Appendix E.2
637,mailbox,"A receptacle for posted letters mounted beside a road, on a wall, or through a front door.","Rural versions have a curved metal roof, hinged front door, and raised red signal flag.",A narrow labeled slot accepts envelopes into a locked rectangular box at a residence or public corner.,The container may stand atop a wooden post with a small handle on its front panel.,Public versions are painted bright blue or red and have a pull-down opening beneath a collection schedule.,Its weatherproof enclosure keeps delivered correspondence dry until the recipient retrieves it.,user_supplemented,Not provided by the authors; supplemented from the public prompt in paper Appendix E.2
638,tights,"A close-fitting garment that covers the waist, hips, and both legs down to the feet.","Thin stretchy fabric forms two continuous leg tubes beneath dresses, skirts, or dancewear.",The opaque or sheer material follows the body's contours without separate socks or visible fasteners.,An elastic waistband holds the seamless legwear high around the torso.,"Colors range from skin-toned and black to vivid patterned designs, often with reinforced toes.",This fitted hosiery combines a brief-shaped upper section with long enclosed legs.,user_supplemented,Not provided by the authors; supplemented from the public prompt in paper Appendix E.2
639,one-piece bathing suit,A single fitted swim garment covering the torso and joining the upper and lower sections continuously.,Shoulder straps support a stretchy fabric body that leaves the arms and most of the legs bare.,The front and back may be plain athletic panels or feature a scooped neckline and decorative cutouts.,Chlorine-resistant material hugs the waist without the separate top and bottom of a bikini.,Racing versions have high-cut leg openings and crossed straps across an open back.,This streamlined pool garment extends from the chest to the hips as one connected piece.,user_supplemented,Not provided by the authors; supplemented from the public prompt in paper Appendix E.2
640,manhole cover,A heavy round metal lid set flush into a street or sidewalk above an underground access shaft.,Raised geometric patterns provide traction across the cast-iron surface.,"Letters identifying sewer, water, or utility service are embossed around the central disc.",A small lifting notch appears near the edge of the dark circular plate.,The massive removable street fitting rests inside a matching metal rim and can support passing vehicles.,"Concentric rings, grids, or municipal emblems decorate its rusted black-gray top.",user_supplemented,Not provided by the authors; supplemented from the public prompt in paper Appendix E.2
641,maraca,A handheld Latin American percussion instrument formed from a hollow gourd with a short handle.,Seeds or beads rattle inside a brightly painted oval chamber when the musician shakes it.,The bulbous body narrows sharply into a wooden grip held in one hand.,Pairs of these colorful shakers provide a crisp rhythmic sound in dance music.,Decorative stripes or floral patterns often cover the spherical dried-shell surface.,Rapid wrist movements send the internal pellets striking repeatedly against the hollow wall.,user_supplemented,Not provided by the authors; supplemented from the public prompt in paper Appendix E.2
642,marimba,A large wooden percussion instrument with rows of tuned bars arranged like an oversized keyboard.,Players strike rosewood slabs with yarn-headed mallets while resonator tubes hang beneath each note.,The long frame stands on legs and often includes wheels for moving across a concert stage.,Dark and light bars form chromatic rows above vertical metal pipes of different lengths.,Its warm mellow tones come from graduated wooden keys rather than stretched membranes or strings.,Two or four performers may stand behind the broad instrument holding multiple mallets in each hand.,user_supplemented,Not provided by the authors; supplemented from the public prompt in paper Appendix E.2
643,mask,"A covering worn over the face for protection, disguise, or decoration.","Often used during rituals, performances, or as part of costumes.","Can be made from materials like cloth, plastic, or metal.",Used to conceal one's identity or add dramatic effect to attire.,"Found in cultural events, Halloween, or theatrical performances.","Protective versions, such as face masks, are used for health and safety purposes.",author_provided,Provided by the authors
644,matchstick,A slender wooden splint with a small bulb of combustible material coating one end.,The colored chemical head ignites when rubbed against a rough striking surface.,Several identical sticks lie inside a small cardboard tray with an abrasive strip along the side.,A brief flame burns from the tip before traveling down the thin pale shaft.,"The head may be red, green, or dark brown and is noticeably thicker than the wooden stem.",This disposable fire-starting implement is pinched between two fingers and dragged sharply across a prepared surface.,user_supplemented,Not provided by the authors; supplemented from the public prompt in paper Appendix E.2
645,maypole,A tall decorated pole surrounded by dancers holding long multicolored ribbons.,Bright streamers descend from a floral crown at the top and become braided around the shaft during a spring festival.,Participants circle in opposite directions while weaving fabric strips into a colorful lattice.,The upright ceremonial mast often stands on a village green beneath wreaths and greenery.,Its festive ribbons radiate outward like spokes as children dance around the base.,Flowers and leafy garlands adorn the summit of this traditional European seasonal pole.,user_supplemented,Not provided by the authors; supplemented from the public prompt in paper Appendix E.2
646,maze,A network of branching passages designed to confuse anyone trying to reach the exit or center.,Tall hedge walls form intricate corridors viewed from above as a geometric puzzle.,"Dead ends and repeated turns create a complex route through corn, stone, wood, or printed lines.",Visitors disappear between dense green barriers while searching for the one continuous path.,"The plan often consists of nested rectangles, spirals, or symmetric branching corridors.",An aerial view reveals a puzzle-like pattern with a single entrance and many misleading alternatives.,user_supplemented,Not provided by the authors; supplemented from the public prompt in paper Appendix E.2
647,measuring cup,A handled kitchen vessel marked with graduated volume lines for portioning liquids or dry ingredients.,Transparent glass or plastic versions have a pouring spout and printed ounce or milliliter scales.,A cylindrical or conical container sits flat while a side handle keeps fingers away from hot contents.,"Nested metal versions come in standardized sizes such as one quarter, one half, and one full unit.",The cook fills the marked vessel until the ingredient reaches the required horizontal line.,Its visible calibration marks distinguish this pouring container from an ordinary drinking mug.,user_supplemented,Not provided by the authors; supplemented from the public prompt in paper Appendix E.2
648,medicine cabinet,A shallow wall-mounted bathroom cupboard with a mirrored door and shelves for health supplies.,"Opening the reflective front reveals bottles, bandages, and toiletries arranged on narrow interior ledges.",The compact rectangular cabinet commonly hangs above a sink at eye level.,A small handle or recessed edge allows the mirror panel to swing outward on side hinges.,Some versions are inset into the wall so only the framed reflective surface remains visible.,Its shelves are sized for pill containers and grooming products rather than clothing or dishes.,user_supplemented,Not provided by the authors; supplemented from the public prompt in paper Appendix E.2
649,megalith,An enormous prehistoric stone standing alone or arranged with others in a ceremonial structure.,The rough weathered slab may rise vertically from the ground or lie across upright supports.,"Ancient builders moved the massive uncut rock to create circles, tombs, and monumental alignments.",Lichen covers a towering gray block whose size greatly exceeds ordinary masonry.,Several giant stones may form a doorway-like trilithon beneath an open sky.,The object's imposing scale and deliberate placement distinguish it from a naturally scattered boulder.,user_supplemented,Not provided by the authors; supplemented from the public prompt in paper Appendix E.2
650,microphone,A handheld or stand-mounted device with a perforated metal grille that converts sound into an electrical signal.,A singer holds the cylindrical handle close to the mouth while speaking into a rounded mesh head.,Studio versions use a large suspended capsule inside an elastic shock mount and pop screen.,A cable plugs into the base of the dark or silver body beneath an on-off switch.,"The device sits on a vertical stand before performers, lecturers, or broadcast hosts.",Its rounded pickup head and tapered grip form a familiar audio-recording silhouette.,user_supplemented,Not provided by the authors; supplemented from the public prompt in paper Appendix E.2
651,microwave oven,"A countertop kitchen appliance with a dark windowed door, control panel, and rotating glass plate inside.",Food heats rapidly inside a metal cavity after the user enters time on a numeric keypad.,A side-hinged door opens with a large handle or push button beside a digital clock display.,The rectangular machine sits above a counter and contains a perforated viewing screen across its front.,"Preset buttons for popcorn, defrosting, and reheating surround a glowing timer.",An internal light reveals a dish turning slowly while electromagnetic energy warms its contents.,user_supplemented,Not provided by the authors; supplemented from the public prompt in paper Appendix E.2
652,military uniform,"A standardized service outfit displaying rank insignia, medals, patches, and a matching cap.",Camouflage fabric or a formal dark jacket identifies a member of an armed force.,Shiny buttons align down the front while ribbons and badges sit neatly above the chest pocket.,"Combat versions combine patterned fatigues with sturdy boots, a belt, and protective headgear.","Ceremonial versions include pressed trousers, epaulettes, and a peaked hat in coordinated colors.",The regulated clothing emphasizes unit identity and hierarchy through visible emblems and stripes.,user_supplemented,Not provided by the authors; supplemented from the public prompt in paper Appendix E.2
653,milk can,"A tall cylindrical metal container with a narrow neck, fitted lid, and two side handles.",The silver or white vessel once transported dairy liquid from farms before modern tankers.,Its broad rounded body tapers abruptly near the top into a smaller capped opening.,A rolled rim and stout carrying grips flank the shoulders of the upright container.,Weathered galvanized examples often stand beside barns or serve as rustic decorations.,The sealed metal churn-like vessel is larger and more elongated than an ordinary kitchen jug.,user_supplemented,Not provided by the authors; supplemented from the public prompt in paper Appendix E.2
654,minibus,"A small passenger bus with a boxy high roof, multiple side windows, and a short overall body.",Rows of seats are visible through large rectangular panes behind a sliding or folding entry door.,The vehicle carries more people than a van but fewer than a full-length city coach.,A compact front engine section and tall cabin make it common for shuttle and community transport.,"Its sides may display hotel, airport, school, or tour-service lettering.",Paired rear wheels or a wide wheelbase support several passenger rows beneath one raised roof.,user_supplemented,Not provided by the authors; supplemented from the public prompt in paper Appendix E.2
655,miniskirt,A very short skirt whose hem ends high above the knees.,The garment wraps closely or flares outward from a waistband around the hips.,"Denim, leather, plaid wool, or pleated fabric forms a compact lower-body silhouette.",It leaves most of the thighs exposed and is often paired with boots or fitted hosiery.,A zipper or row of buttons may fasten the tiny A-line or straight-cut garment.,Its defining visual feature is the unusually high hem compared with conventional skirts.,user_supplemented,Not provided by the authors; supplemented from the public prompt in paper Appendix E.2
656,minivan,"A compact family van with a high roof, short hood, sliding side doors, and three rows of seats.",Its enclosed passenger body is lower and more streamlined than a commercial shuttle bus.,Large side windows and a rear liftgate surround a practical cabin designed for families.,The side door slides backward along an exterior track to open a wide entry beside the second row.,A broad windshield slopes toward a modest front engine compartment above small road wheels.,The vehicle combines car-like controls with a tall spacious body for carrying several passengers and luggage.,user_supplemented,Not provided by the authors; supplemented from the public prompt in paper Appendix E.2
657,missile,"A long self-propelled projectile with a pointed nose, fins, and cylindrical body.",The weapon may hang beneath an aircraft wing or launch from a ground platform in a trail of flame.,Small stabilizing surfaces surround the tail behind a smooth metal fuselage.,Military markings and warning bands appear along the narrow rocket-like casing.,"Some versions travel through the air under guidance toward distant targets, while others stand vertically in launch tubes.",The streamlined body combines a warhead at the front with propulsion and control surfaces toward the rear.,user_supplemented,Not provided by the authors; supplemented from the public prompt in paper Appendix E.2
658,mitten,A warm hand covering with one shared compartment for four fingers and a separate thumb.,The soft knitted shape lacks individual finger sleeves except for the short side projection.,A ribbed cuff fits around the wrist beneath a rounded pouch for the hand.,Pairs often connect by a cord threaded through children's coat sleeves.,"Wool, fleece, or insulated waterproof material forms a bulbous cold-weather silhouette.",The wearer gains warmth by keeping the fingers together inside one enclosed section.,user_supplemented,Not provided by the authors; supplemented from the public prompt in paper Appendix E.2
659,mixing bowl,"A broad deep kitchen vessel used to combine ingredients with a spoon, whisk, or electric beater.",Its circular rim widens above a rounded base without a long handle or pouring spout.,"Stainless steel, glass, ceramic, or plastic forms a lightweight open container sized for stirring.",Several examples often nest inside one another in graduated sizes.,"Batter, dough, salad, or whipped ingredients fill the curved interior while the vessel rests on a counter.",The high sloping sides reduce splashing as ingredients are folded or beaten together.,user_supplemented,Not provided by the authors; supplemented from the public prompt in paper Appendix E.2
660,mobile home,A prefabricated residence built on a transportable chassis and installed at a semi-permanent site.,"The long rectangular building has domestic windows, siding, a pitched roof, and steps to the front door.",Wheels or supporting blocks may remain visible beneath skirting around the base.,Its narrow width allows the complete dwelling to travel by road on a trailer frame.,Several similar units often line a residential park with small porches and yards.,"Despite resembling a conventional house, the elongated structure is manufactured elsewhere and delivered largely complete.",user_supplemented,Not provided by the authors; supplemented from the public prompt in paper Appendix E.2
661,ford model t,"An early twentieth-century automobile with a tall upright body, narrow wheels, and black paint.",Its simple boxlike cabin sits high above spoked tires and exposed running boards.,Round brass or black headlamps flank a flat radiator beneath an upright windshield.,A folding fabric roof covers bench seats while large separate fenders arch over each wheel.,The pioneering mass-produced vehicle has a hand-cranked appearance and minimal decorative trim.,"Its vertical hood, thin wooden-spoked wheels, and squared rear create a classic antique silhouette.",user_supplemented,Not provided by the authors; supplemented from the public prompt in paper Appendix E.2
662,modem,A compact networking device with indicator lights that connects digital equipment to a communication line.,"Rows of tiny LEDs labeled power, online, send, and receive glow across a rectangular box.","Coaxial, telephone, or data cables plug into ports along the rear panel.",The electronic unit converts signals so a home computer or router can access an external network.,"Older versions may include a handset cradle or audible dialing speaker, while modern ones stand upright beside a router.",Vent slots and status symbols cover the plain black or white enclosure near a wall outlet.,user_supplemented,Not provided by the authors; supplemented from the public prompt in paper Appendix E.2
663,monastery,"A secluded religious complex containing cloisters, chapels, cells, and communal buildings for monastic life.",Stone walls surround a quiet central courtyard lined by covered arched walkways.,A church tower rises above austere residential wings in a remote valley or mountainside.,Rows of simple windows and red-tiled roofs enclose gardens where a religious community works and prays.,"The historic compound may include fortified outer walls, libraries, refectories, and dormitories.","Its architecture emphasizes isolation, symmetry, and a peaceful enclosed quadrangle.",user_supplemented,Not provided by the authors; supplemented from the public prompt in paper Appendix E.2
664,monitor,A flat electronic display standing on a desk and showing visual output from a computer.,A rectangular illuminated screen sits inside a narrow black bezel above a supporting base.,Cables connect rear video ports to a nearby processor while buttons line the lower edge.,Older versions have a bulky deep-backed cathode-ray enclosure rather than a thin panel.,"Windows, icons, text, or images fill the wide landscape-oriented surface.",The viewing device is larger than a tablet and normally remains upright beside a keyboard.,user_supplemented,Not provided by the authors; supplemented from the public prompt in paper Appendix E.2
665,moped,A lightweight two-wheeled motor vehicle with a step-through frame and bicycle-like pedals.,Its small engine sits low near the rear wheel beneath a narrow single or double seat.,"Slim tires, a headlamp, and upright handlebars create a less enclosed silhouette than a scooter.",The rider may pedal to start the engine before traveling at modest road speeds.,A compact fuel tank or plastic side covers occupy the space between the seat and footrests.,This economical powered cycle is lighter and slower than a conventional motorcycle.,user_supplemented,Not provided by the authors; supplemented from the public prompt in paper Appendix E.2
666,mortar and pestle,A two-piece kitchen implement consisting of a heavy bowl and a thick club-shaped grinder.,The user presses and rotates the blunt handheld tool against ingredients inside the rounded vessel.,"Stone, ceramic, or wood surfaces crush spices, herbs, and seeds into paste or powder.",The compact bowl has thick walls and a rough interior without a handle.,One matching rod rests diagonally inside the deep cup when the grinding set is not in use.,Repeated pounding in the durable vessel breaks down food or laboratory material by hand.,user_supplemented,Not provided by the authors; supplemented from the public prompt in paper Appendix E.2
667,graduation cap,A square academic headpiece with a flat horizontal board and a tassel hanging from one corner.,The black fabric cap sits snugly on the crown beneath a rigid diamond-shaped top.,A silk cord and pendant may be moved from one side to the other during a commencement ceremony.,Graduates wear the distinctive headwear with long robes while receiving diplomas.,The stiff upper board resembles a thin square balanced above a close-fitting skullcap.,Colored tassels or small year charms contrast with the otherwise dark ceremonial hat.,user_supplemented,Not provided by the authors; supplemented from the public prompt in paper Appendix E.2
668,mosque,"An Islamic place of worship identified by a central dome, slender minarets, and arched entrances.",One or more tall towers rise beside a large prayer hall capped with a crescent finial.,Geometric tilework and calligraphy decorate courtyards without figurative religious images.,Worshippers enter a broad carpeted interior oriented toward a decorated niche in one wall.,Multiple smaller domes may cascade around a main cupola above pale stone walls.,The building's skyline combines soaring prayer-call towers with rounded roofs and pointed arches.,user_supplemented,Not provided by the authors; supplemented from the public prompt in paper Appendix E.2
669,mosquito net,A fine mesh canopy suspended around a bed to keep biting insects away from a sleeping person.,Translucent white netting drapes from the ceiling and tucks beneath a mattress on all sides.,The fabric contains openings small enough to block pests while allowing air circulation.,A conical or rectangular hanging enclosure surrounds bedding in tropical rooms or camps.,Travel versions hang from a single central loop and spread over a cot like a gauzy tent.,The lightweight protective curtain is closed completely at night with no gaps near the floor.,user_supplemented,Not provided by the authors; supplemented from the public prompt in paper Appendix E.2
670,vespa,"A classic Italian motor scooter with a rounded metal body, step-through frame, and enclosed engine.",Its front leg shield curves upward beneath a single circular headlamp and upright handlebars.,Small wheels sit under smooth bulbous fenders while a padded bench seat extends toward the rear.,The rider rests both feet on a flat floorboard rather than straddling an exposed fuel tank.,A wasp-waisted side profile and pastel painted shell create a recognizable mid-century urban silhouette.,The rear engine is hidden inside one rounded side cowl opposite a matching storage panel.,user_supplemented,Not provided by the authors; supplemented from the public prompt in paper Appendix E.2
671,mountain bike,"A bicycle designed for rough terrains, with thick tires and sturdy frames.",Typically features shock absorbers for comfort and control over rocky surfaces.,Built to withstand outdoor conditions like dirt paths and steep hills.,Used for off-road cycling and extreme sports.,Has a wide gear range for tackling diverse terrain.,"Popular for recreational biking, exercise, and competitive events.",author_provided,Provided by the authors
672,tent,A portable fabric shelter supported by poles and anchored to the ground with stakes and ropes.,Sloping waterproof walls meet at a ridge or dome above a zippered entrance.,Campers sleep inside the lightweight enclosure while a rainfly sheds water over mesh ventilation panels.,Bright nylon material stretches across flexible arched rods to form a low freestanding structure.,Traditional versions use triangular end walls and a central ridgepole above a rectangular floor.,Guy lines pull the temporary outdoor shelter taut against wind at campsites or expeditions.,user_supplemented,Not provided by the authors; supplemented from the public prompt in paper Appendix E.2
673,computer mouse,A small hand-operated pointing device with two buttons and a scrolling wheel on top.,Its curved palm-sized shell slides across a desk to move an arrow on a digital screen.,An optical sensor glows underneath while a cable or wireless receiver links it to a computer.,The index and middle fingers rest over separate click panels divided by a central wheel.,Ergonomic versions have a thumb rest and extra side buttons beneath a gently domed back.,"Unlike the small rodent sharing its name, this plastic input device has no fur, whiskers, or flexible tail.",user_supplemented,Not provided by the authors; supplemented from the public prompt in paper Appendix E.2
674,mousetrap,A spring-loaded trapping device with a trigger plate and snapping metal bar mounted on a small base.,Food bait rests on a central pedal intended to release the powerful wire mechanism.,Traditional versions use a rectangular wooden board beneath a tightly coiled spring.,The armed trap holds a bent metal striker back until a small animal touches the trigger.,Plastic tunnel and humane cage variants also sit along walls where household rodents travel.,A piece of cheese is often depicted beneath the raised snapping bar in familiar illustrations.,user_supplemented,Not provided by the authors; supplemented from the public prompt in paper Appendix E.2
675,moving van,A large enclosed delivery vehicle with a tall rectangular cargo body used to transport household belongings.,Its box-shaped rear compartment rises above a cab and may display rental or relocation-company graphics.,A roll-up door or hydraulic loading ramp opens at the back for furniture and cartons.,The long flat sides form a blank billboard-like surface behind the driver's cabin.,"Unlike a passenger vehicle, it has few or no windows along the broad cargo section.",Workers load sofas and stacked containers through the rear of this road-going household transport vehicle.,user_supplemented,Not provided by the authors; supplemented from the public prompt in paper Appendix E.2
676,muzzle,A restraint fitted over an animal's snout to prevent biting or unwanted eating.,Leather straps or a wire basket encircle the jaws while buckling behind the head.,The protective device allows limited panting but blocks the mouth from opening widely.,"A dog wears the cage-like covering across its nose during training, grooming, or veterinary care.","Soft fabric versions wrap closely around the jaw, while rigid versions project around the face.",Multiple straps connect the snout enclosure to a collar or band behind the ears.,user_supplemented,Not provided by the authors; supplemented from the public prompt in paper Appendix E.2
677,metal nail,A slender pointed steel fastener driven into wood with a hammer.,Its flat circular head sits at one end of a straight rigid shaft tapering to a sharp tip.,Several shiny or rusted spikes may be scattered beside boards at a construction site.,Repeated hammer blows sink the pointed fastener until its head lies flush with the surface.,"The simple hardware has no threads, unlike a screw, and relies on friction along its smooth shank.",Sizes range from tiny finishing pins with nearly invisible heads to thick structural spikes.,user_supplemented,Not provided by the authors; supplemented from the public prompt in paper Appendix E.2
678,neck brace,A rigid medical collar wraps around the throat to keep the head and cervical spine from moving.,Molded foam or plastic rises from the shoulders to support the jaw and back of the skull.,Hook-and-loop straps fasten the padded device snugly behind or beside the patient's neck.,An opening at the front may expose the throat beneath a contoured chin rest.,Emergency responders place this supportive ring on injured people before transport.,Its tall white or beige structure holds the wearer's head upright above the upper torso.,user_supplemented,Not provided by the authors; supplemented from the public prompt in paper Appendix E.2
679,necklace,A decorative chain or strand of beads hangs around the neck and rests across the chest.,A clasp joins the two ends behind the wearer while a pendant may dangle from the center.,Gold silver pearls gemstones or colorful beads form this piece of personal jewelry.,Its length ranges from a close-fitting collar to a long loop over clothing.,Repeated links or threaded ornaments curve naturally around the base of the throat.,The accessory frames the neckline and often provides a single sparkling focal point.,user_supplemented,Not provided by the authors; supplemented from the public prompt in paper Appendix E.2
680,baby pacifier,A small soothing device for an infant has a soft rubber nipple attached to a broad safety shield.,A ring or handle projects from the outer side while the teat rests inside the child's mouth.,The curved plastic guard prevents the entire object from being swallowed.,Bright colors cartoon motifs and ventilation holes commonly decorate the face plate.,Parents offer this object to calm a crying child without feeding.,Its compact form combines a bulb-shaped silicone mouthpiece with a flat disk outside the lips.,user_supplemented,Not provided by the authors; supplemented from the public prompt in paper Appendix E.2
681,notebook computer,"A portable computer designed for mobile use, typically with a compact design.","Features an integrated keyboard, screen, and battery for convenience.","Widely used for work, study, or entertainment due to its portability.",Can run most modern software and connect to the internet.,"Commonly used by students, professionals, and travelers.","Smaller and lighter than traditional desktop computers, ideal for on-the-go use.",author_provided,Provided by the authors
682,obelisk,A tall four-sided stone monument tapers gradually upward to a small pyramid-shaped point.,Its narrow shaft rises vertically from a broad square base and may bear carved inscriptions.,Ancient examples are single pieces of stone covered in hieroglyphs on all faces.,Modern memorials use the same slender pointed form to dominate a city skyline.,The structure has straight edges and flat sides rather than a rounded column.,Its distinctive geometry resembles an extremely elongated pyramid ending in a sharp cap.,user_supplemented,Not provided by the authors; supplemented from the public prompt in paper Appendix E.2
683,oboe,A slender black woodwind instrument has silver keys and a flared bell at its lower end.,The musician blows through two thin reeds bound together at the narrow upper joint.,A conical bore gives the instrument a penetrating nasal tone in orchestral music.,Complex keywork runs almost the entire length of its dark wooden body.,It is held vertically in front of the player with both hands covering closely spaced mechanisms.,The small exposed double reed distinguishes it from a clarinet's single-reed mouthpiece.,user_supplemented,Not provided by the authors; supplemented from the public prompt in paper Appendix E.2
684,ocarina,A small handheld vessel flute has a rounded hollow body and several finger holes.,The player blows into a projecting mouthpiece while covering holes across the clay or ceramic shell.,Its compact oval or sweet-potato shape lacks the long tube of most wind instruments.,Glazed surfaces may be blue brown white or elaborately painted with folk designs.,Different finger combinations change pitch as air resonates inside the enclosed chamber.,This ancient whistle-like instrument often fits entirely between two cupped hands.,user_supplemented,Not provided by the authors; supplemented from the public prompt in paper Appendix E.2
685,odometer,A dashboard gauge records the total distance a vehicle has traveled.,Rows of small numbered drums or a digital display show accumulated miles or kilometers.,It usually sits within the speedometer cluster near a resettable trip counter.,Mechanical versions advance interlocking digits visible through a narrow rectangular window.,The reading continually increases as the wheels turn and is used to track vehicle wear.,A six-digit mileage value appears behind clear plastic in the instrument panel.,user_supplemented,Not provided by the authors; supplemented from the public prompt in paper Appendix E.2
686,oil filter,A cylindrical engine component removes contaminants from lubricating fluid as it circulates.,The common spin-on version resembles a short painted metal can with a threaded opening underneath.,Multiple small inlet holes surround a central threaded outlet on its circular base plate.,Pleated filter media is hidden inside the sealed housing beneath a domed shell.,Mechanics unscrew and replace this part during routine vehicle service.,White blue orange or black canisters often bear printed automotive branding and specifications.,user_supplemented,Not provided by the authors; supplemented from the public prompt in paper Appendix E.2
687,pipe organ,A monumental keyboard instrument sends air through ranks of vertical tubes to produce music.,Dozens or thousands of metal and wooden pipes rise in symmetrical tiers above a church console.,The seated musician plays several stacked keyboards while operating pedals with both feet.,Stops arranged beside the manuals select different pipe families and tone colors.,An ornate case frames towering silver tubes along a cathedral wall or concert hall stage.,Its immense architecture makes the musical mechanism appear built into the surrounding building.,user_supplemented,Not provided by the authors; supplemented from the public prompt in paper Appendix E.2
688,oscilloscope,An electronic test instrument displays changing voltage as a luminous waveform on a gridded screen.,Knobs for time scale amplitude and trigger settings fill the front panel beside input connectors.,A probe cable clips to a circuit and sends its signal to the rectangular display.,Older models use a green trace on a deep cathode-ray tube while modern ones have color screens.,Sine waves pulses and noisy lines appear against evenly spaced measurement divisions.,The benchtop device resembles a compact monitor surrounded by many calibration controls.,user_supplemented,Not provided by the authors; supplemented from the public prompt in paper Appendix E.2
689,overskirt,An additional outer layer of fabric is worn over the lower portion of a dress or another skirt.,It may open at the front to reveal a contrasting underskirt beneath draped side panels.,Historical versions gather at the waist and form bustles ruffles or sweeping trains.,The decorative garment adds volume texture and color without serving as the innermost layer.,Ties or a waistband hold the separate piece above the hips and existing clothing.,Its raised or parted front often frames elaborate fabric visible underneath.,user_supplemented,Not provided by the authors; supplemented from the public prompt in paper Appendix E.2
690,bullock cart,A simple two-wheeled wooden vehicle is pulled by a pair of oxen yoked side by side.,Large spoked wheels support a flat bed used to carry people crops or rural goods.,A long central pole extends forward from the axle to the animals' wooden yoke.,The slow traditional conveyance travels along dirt roads in agricultural regions.,Bundles sacks or passengers sit on the open platform beneath an optional fabric canopy.,The sturdy horned draft animals and rustic wagon form a familiar village transport scene.,user_supplemented,Not provided by the authors; supplemented from the public prompt in paper Appendix E.2
691,oxygen mask,A clear or colored breathing cup covers the nose and mouth and connects to a supply tube.,An elastic strap holds the soft plastic medical device against the patient's face.,Small side vents release exhaled air while gas enters through a fitting below the chin.,Hospital versions may include an attached reservoir bag that inflates beneath the face.,The transparent shell lets caregivers see the lips while supplemental gas flows from a cylinder.,Pilots and emergency patients wear this respiratory equipment when ordinary air is insufficient.,user_supplemented,Not provided by the authors; supplemented from the public prompt in paper Appendix E.2
692,product packet / packaging,A small sealed wrapper or sachet encloses a single retail item or measured portion of food.,Printed branding ingredients and product imagery cover a flexible plastic foil or paper exterior.,Crimped seams close the top bottom and sides around the contents.,Tear notches allow the consumer to open the lightweight container without tools.,Examples include snack bags condiment sachets and blistered goods hanging in store displays.,The disposable exterior protects and advertises its contents before purchase and use.,user_supplemented,Not provided by the authors; supplemented from the public prompt in paper Appendix E.2
693,paddle,A tool with a flat surface used to propel or steer in water activities.,"Commonly used in kayaking, canoeing, or rowing for navigation.","Made from wood, plastic, or fiberglass, with a handle for grip.",Used to push against the water to move forward or change direction.,"Typically has two blades, one on each end of the shaft.",An essential item in many water sports and recreational boating activities.,author_provided,Provided by the authors
694,paddle wheel,A large wheel carries a ring of broad flat blades that push against water as it rotates.,Steam-powered riverboats often mount one at the stern or a pair on both sides of the hull.,Each rectangular board enters the water in sequence beneath a circular framework of spokes.,The churning mechanism throws foam behind the vessel and provides forward propulsion.,Historic examples may be enclosed by decorative semicircular housings above the waterline.,Its rotating array resembles a giant spoked drum edged with many wooden paddles.,user_supplemented,Not provided by the authors; supplemented from the public prompt in paper Appendix E.2
695,padlock,A portable metal lock has a curved U-shaped shackle that snaps into a compact body.,A small keyhole or row of combination dials controls release of the hardened steel loop.,The shackle passes through a chain gate latch locker hasp or suitcase zipper.,Brass and laminated-steel versions fit in one hand and resist unauthorized opening.,When unlocked one end of the arch lifts or pivots free from the rectangular base.,Its self-contained form secures objects without being permanently attached to a door.,user_supplemented,Not provided by the authors; supplemented from the public prompt in paper Appendix E.2
696,paintbrush,A handheld tool has a bundle of bristles fixed by a metal ferrule to a wooden or plastic handle.,Its tip may be flat round pointed or fan-shaped for applying pigment to a surface.,Wet color coats the fine hairs before being spread across canvas paper walls or trim.,Artists hold small delicate versions while decorators use wide brushes for broad coverage.,Dried streaks often stain the ferrule and handle after repeated use.,The flexible bristle head creates visible strokes as the tool moves through liquid color.,user_supplemented,Not provided by the authors; supplemented from the public prompt in paper Appendix E.2
697,pajamas,A loose two-piece sleeping outfit consists of a soft buttoned top and matching trousers.,Comfortable cotton flannel or silk fabric may carry stripes checks or playful printed patterns.,The shirt commonly has a collar breast pocket and contrast piping along the edges.,An elastic or drawstring waistband holds the relaxed pants during nighttime wear.,Children's versions may instead form a one-piece suit with enclosed feet.,The casual indoor clothing is associated with bedtime and mornings at home.,user_supplemented,Not provided by the authors; supplemented from the public prompt in paper Appendix E.2
698,palace,A vast ornate residence contains grand halls ceremonial rooms and elaborate architectural decoration.,Long symmetrical facades may feature columns balconies domes and rows of tall windows.,Formal gardens fountains gates and courtyards surround the home of royalty or a head of state.,Gilded ceilings chandeliers marble staircases and richly furnished chambers fill the interior.,Guards and tourists often stand before an imposing entrance at the end of a broad approach.,The immense luxurious complex is far larger and more formal than an ordinary mansion.,user_supplemented,Not provided by the authors; supplemented from the public prompt in paper Appendix E.2
699,pan flute,A set of hollow tubes of graduated lengths is bound together side by side as a wind instrument.,The player blows across the open top edge of one pipe at a time to produce different notes.,Bamboo reeds form a flat or gently curved row descending from long to short.,Cord or decorative bands hold the parallel cylinders in a compact raftlike arrangement.,The instrument is moved laterally across the lips while both hands support its lower edge.,Its stepped profile is strongly associated with Andean and ancient pastoral music.,user_supplemented,Not provided by the authors; supplemented from the public prompt in paper Appendix E.2
700,paper towel,A disposable absorbent sheet tears from a perforated roll for wiping spills and surfaces.,The white paper is thicker and more textured than bathroom tissue and often embossed with patterns.,A cardboard tube supports many rectangular sheets wound into a kitchen-sized cylinder.,The material soaks up water grease and cleaning liquid before being discarded.,Individual squares hang from a wall holder or stand upright on a countertop spindle.,Perforation lines allow one broad sheet to separate cleanly from the remaining roll.,user_supplemented,Not provided by the authors; supplemented from the public prompt in paper Appendix E.2
701,parachute,A broad fabric canopy opens above a descending person to slow a fall through the air.,Numerous suspension lines connect the curved inflated cloth to a harness around the body.,The open canopy forms a bright circular or rectangular wing high above the jumper.,A packed version fits into a compact container worn on the back before deployment.,Skydivers steer by pulling toggles while air fills cells along the leading edge.,The lifesaving device transforms from a small bundle into a vast drag-producing surface overhead.,user_supplemented,Not provided by the authors; supplemented from the public prompt in paper Appendix E.2
702,parallel bars,Two horizontal wooden or fiberglass rails run side by side on four upright supports for gymnastics.,An athlete swings handstands and travels between the matching bars with arms bearing body weight.,The long rails are set at equal height and spaced slightly wider than the performer's shoulders.,Metal legs and tension braces stabilize the elevated apparatus above thick landing mats.,Chalk marks cover the smooth oval hand surfaces used for grips and releases.,The symmetrical equipment forms a narrow corridor in which male gymnasts perform strength and flight skills.,user_supplemented,Not provided by the authors; supplemented from the public prompt in paper Appendix E.2
703,park bench,A long outdoor seat with a backrest stands beside a path amid grass and trees.,Wooden slats stretch horizontally across cast-iron or concrete supports for several people.,Armrests may divide the public seating while legs are anchored to pavement or soil.,Walkers rest on it facing a garden pond playground or scenic view.,Weathered paint and memorial plaques often appear on its boards after years outdoors.,The fixed communal seat is designed for parks plazas and other open public spaces.,user_supplemented,Not provided by the authors; supplemented from the public prompt in paper Appendix E.2
704,parking meter,A curbside machine collects payment for leaving a vehicle in a marked street space.,A coin slot card reader or buttons sit beneath a display showing remaining time.,Traditional versions have a small rounded metal head mounted on a single waist-high pole.,A driver inserts money and turns a knob to move a pointer across a timed dial.,Modern stations print receipts or accept license-plate numbers on a digital keypad.,Rows of these devices stand along urban sidewalks beside parked cars.,user_supplemented,Not provided by the authors; supplemented from the public prompt in paper Appendix E.2
705,railroad car,A wheeled railway vehicle carries passengers or cargo while coupled into a train.,Its steel body rides on two multiwheel bogies and connects to neighboring units at both ends.,Passenger versions have repeated windows doors and rows of seats along a long narrow interior.,Cargo variants may instead use solid walls sliding doors tanks or open platforms.,A locomotive pulls a linked sequence of these vehicles along parallel steel tracks.,Couplers buffers and underframe equipment remain visible beneath the elongated rectangular body.,user_supplemented,Not provided by the authors; supplemented from the public prompt in paper Appendix E.2
706,patio,A paved outdoor living area adjoins a house and holds chairs tables and planters.,Stone pavers brick concrete or tile form a level surface open to the sky.,Sliding doors commonly connect this space to an interior kitchen or living room.,An umbrella or pergola provides shade above furniture used for dining and relaxation.,Garden beds and low walls border the hard-surfaced terrace in a private yard.,Unlike a raised wooden deck this ground-level area is typically built from masonry.,user_supplemented,Not provided by the authors; supplemented from the public prompt in paper Appendix E.2
707,payphone,A public coin-operated telephone is housed in a booth or mounted in a sturdy outdoor enclosure.,A corded handset hangs beside a keypad coin slot and instructions for placing calls.,The metal unit may include a hood for privacy and a small shelf beneath the controls.,Coins or a calling card activate service before the user dials a number.,Older street versions stand inside glass cabins while later ones attach directly to walls.,Its vandal-resistant construction and dangling receiver distinguish it from a household phone.,user_supplemented,Not provided by the authors; supplemented from the public prompt in paper Appendix E.2
708,pedestal,A raised base supports and displays a statue vase column or other important object.,Its broad foot narrows through a shaft before widening into a flat top platform.,Stone marble wood or metal may form the freestanding architectural support.,Museum sculptures stand above eye level on simple white rectangular blocks of this kind.,Ornate versions include molded edges carvings and stepped layers between floor and artwork.,The object placed above becomes visually prominent because of this solid elevated foundation.,user_supplemented,Not provided by the authors; supplemented from the public prompt in paper Appendix E.2
709,pencil case,"A container used to hold writing instruments, such as pencils, pens, and erasers.","Typically made of fabric, plastic, or leather, with a zip or flap closure.",Used by students and professionals to organize stationery.,"Can vary in size and design, often compact for easy storage.",Commonly carried in backpacks or desks for easy access to tools.,Helps keep writing materials organized and prevent loss or damage.,author_provided,Provided by the authors
710,pencil sharpener,A compact tool shaves wood from a writing pencil to expose a pointed graphite core.,A small metal blade is screwed diagonally across a conical opening in a plastic or metal body.,Twisting the pencil produces curled shavings that may collect in an attached transparent container.,Desktop versions use a hand crank or electric motor and have a round insertion hole on the front.,The conical cutting chamber shapes both wood casing and dark center into a fine tip.,School supplies often include brightly colored handheld examples small enough for a pocket.,user_supplemented,Not provided by the authors; supplemented from the public prompt in paper Appendix E.2
711,perfume,"A fragrant liquid mixture used to create a pleasant smell, often worn on the skin.","Perfume is made from essential oils, alcohol, and water, and comes in a variety of scents.","It is commonly used for personal hygiene, enhancing a person's scent to make them more appealing.",The concentration of fragrance oils determines the strength and longevity of the scent.,"Perfumes are often categorized by their notes: top, middle, and base, for a layered aroma.","Scientific name: N/A, a product designed for scent enhancement, derived from natural and synthetic sources.",author_provided,Provided by the authors
712,Petri dish,A shallow transparent circular laboratory plate has a flat bottom and a slightly larger loose-fitting lid.,Microorganisms grow as visible colonies on a thin layer of gel inside the sterile dish.,Clear glass or plastic allows researchers to inspect samples without opening the cover.,Several plates may be stacked upside down and labeled around their edges with marker.,The round container is only a few centimeters high despite its broad diameter.,Culture medium fills the lower half beneath a removable transparent top in biology laboratories.,user_supplemented,Not provided by the authors; supplemented from the public prompt in paper Appendix E.2
713,photocopier,A large office machine reproduces documents placed on a glass scanning bed beneath a hinged lid.,Paper drawers fill the lower cabinet while finished sheets emerge into a side output tray.,A control panel with buttons and a display selects quantity size color and duplex settings.,The bulky device commonly combines scanning printing and document-feeding functions.,An automatic feeder pulls a stack of originals across the top one page at a time.,Schools and offices place this waist-high machine near supplies of white printer paper.,user_supplemented,Not provided by the authors; supplemented from the public prompt in paper Appendix E.2
714,plectrum,A small flat piece of plastic is held between thumb and forefinger to pluck stringed instruments.,Its rounded triangular shape tapers toward one point used to strike strings.,Different thicknesses and flexible materials change the attack and tone of each note.,Bright colors logos and printed gauge values often decorate its two broad faces.,Players commonly wedge this tiny accessory beneath strings or drop it inside an acoustic sound hole.,The object is much smaller than the hand and replaces direct contact by fingernails.,user_supplemented,Not provided by the authors; supplemented from the public prompt in paper Appendix E.2
715,Pickelhaube,A dark leather or metal military helmet has a tall pointed spike rising from its crown.,A polished front plate bears an eagle crest or other heraldic emblem above the visor.,A linked chin chain hangs beneath side rosettes while a small brim projects over the eyes.,The rigid headgear is associated with nineteenth-century Prussian and German uniforms.,Brass fittings contrast with a glossy black domed shell and prominent finial.,Its unmistakable spear-like top distinguishes this ceremonial helmet from rounded combat headwear.,user_supplemented,Not provided by the authors; supplemented from the public prompt in paper Appendix E.2
716,picket fence,"A traditional wooden fence consisting of evenly spaced vertical boards, often with pointed tops.",Picket fences are commonly used in suburban or rural settings to enclose gardens or yards.,"These fences are aesthetically pleasing, offering a classic, quaint look for homes and properties.","They are usually low in height, allowing for visibility while still providing boundaries.","Picket fences are often painted white, though other colors are also used for decoration.","Scientific name: N/A, a symbol of American suburbia and rural life.",author_provided,Provided by the authors
717,pickup truck,A light utility vehicle has an enclosed front cab and an open cargo bed behind it.,The rear box has low rigid sides and a hinged tailgate for loading equipment.,Two or four doors sit ahead of a separate bed that may carry tools furniture or loose materials.,A high-riding chassis large tires and optional four-wheel drive suit work sites and rural roads.,The passenger cabin ends abruptly before the exposed rectangular carrying area.,Commercial examples range from compact models to heavy-duty vehicles with extended cabs and dual rear wheels.,user_supplemented,Not provided by the authors; supplemented from the public prompt in paper Appendix E.2
718,pier,A long platform extends from land out over a body of water on rows of pilings.,People walk above waves to fish sightsee or reach boats at the outer end.,Wood planks railings lamps and shelters may line the narrow elevated structure.,Unlike a simple floating marina platform this construction can project far into the sea.,Supporting columns remain visible beneath the deck as surf passes between them.,Amusement buildings or a small pavilion sometimes occupy its widened seaward tip.,user_supplemented,Not provided by the authors; supplemented from the public prompt in paper Appendix E.2
719,piggy bank,A hollow coin container is shaped like a small round pig with a slot cut into its back.,Four stubby legs a curled tail pointed ears and a snout form the familiar ceramic figure.,Coins rattle inside after being inserted through the narrow opening on top.,A removable stopper underneath allows savings to be retrieved without breaking the body.,Bright glazed colors or painted flowers decorate this child's money-saving object.,The plump animal-shaped vessel symbolizes thrift and often sits on a bedroom shelf.,user_supplemented,Not provided by the authors; supplemented from the public prompt in paper Appendix E.2
720,pill bottle,A small cylindrical plastic container holds tablets or capsules beneath a child-resistant cap.,An amber translucent body protects medicine from light while a white label lists dosage and patient details.,The lid must often be pushed downward while twisting to open.,Pharmacy branding and warning stickers wrap around the orange prescription container.,White or colored medication can be seen loosely collected through its clear sides.,The palm-sized vessel stands upright in a bathroom cabinet beside other medical supplies.,user_supplemented,Not provided by the authors; supplemented from the public prompt in paper Appendix E.2
721,pillow,A soft stuffed cushion supports the head during sleep on a bed.,Its rectangular fabric case bulges gently around feathers foam or synthetic filling.,One end of the removable cover may open beneath an overlapping flap or zipper.,Several examples are stacked against a headboard above sheets and blankets.,Decorative versions add embroidery tassels or bright patterns to sofas and chairs.,Pressure leaves temporary dents in the yielding padded surface before it regains shape.,user_supplemented,Not provided by the authors; supplemented from the public prompt in paper Appendix E.2
722,ping-pong ball,A very light white sphere bounces rapidly across a table during a paddle sport.,Its smooth hollow plastic shell has a diameter of about four centimeters.,Players strike it over a low net using small rubber-faced rackets.,Older versions may show a visible equatorial seam and printed star ratings.,The tiny ball produces a sharp clicking sound each time it contacts the table.,Compared with most sports balls it is exceptionally small weightless and easily dented.,user_supplemented,Not provided by the authors; supplemented from the public prompt in paper Appendix E.2
723,pinwheel,A colorful paper or plastic rotor has folded triangular vanes around a central pin.,The lightweight toy spins rapidly when held in the wind or blown by a child.,Four or more bright blades spiral outward from an axle at the end of a thin stick.,Each corner of a square sheet bends toward the center to form a rotating flower shape.,Metallic foil vanes flash as the small wind-driven wheel turns.,"The handheld spinner often decorates gardens, parties, or children's parades.",user_supplemented,Not provided by the authors; supplemented from the public prompt in paper Appendix E.2
724,pirate ship,A large ship used by pirates for sailing the seas and engaging in raids.,"Typically features tall masts, sails, and often a black flag with skull symbols.","Used for adventurous travel, often associated with historical piracy.","Equipped with cannons, ropes, and other tools for seafaring and combat.",A symbol of rebellion and freedom in pirate lore and history.,"Often depicted in stories, films, and books about pirates and treasure.",author_provided,Provided by the authors
725,drink pitcher,"A container used for holding and pouring liquids, often with a handle and spout.","Drink pitchers are typically made of glass, plastic, or ceramic, designed for ease of use.","Commonly used to serve beverages like water, iced tea, or punch at gatherings and meals.","The spout helps pour liquids without spilling, making it practical for table service.","They vary in size, with larger pitchers used for group servings and smaller ones for personal use.","Scientific name: N/A, a practical household item designed to serve beverages efficiently.",author_provided,Provided by the authors
726,block plane,A hand tool used in woodworking to smooth or trim wood surfaces.,Has a flat base with a sharp blade used for shaving wood.,Commonly used to smooth rough edges or finish fine details.,"Typically smaller than other types of planes, easy to maneuver.",Operates by pushing or pulling the tool along the wood grain.,"An essential tool for carpenters and woodworkers, especially for precision work.",author_provided,Provided by the authors
727,planetarium,A domed theater projects stars and planets across the inside of its curved ceiling.,Rows of reclining seats face upward toward a dark hemispherical screen.,A complex optical machine stands in the center and casts a simulated night sky.,"Constellations, galaxies, and orbital paths glow above an audience in a circular room.",The low exterior building is often topped by a large smooth silver or white dome.,Visitors watch astronomical presentations wrapped across a seamless overhead surface.,user_supplemented,Not provided by the authors; supplemented from the public prompt in paper Appendix E.2
728,plastic bag,A thin flexible carrier has two loop handles cut or attached above an open mouth.,The translucent lightweight sack crinkles and collapses around groceries or household items.,"Its glossy film may be white, clear, or printed with a store logo.",The disposable container hangs from a hand by stretched handles while contents bulge below.,Empty examples wrinkle into nearly flat sheets that move easily in the wind.,Heat-sealed seams join the bottom and sides of the synthetic shopping carrier.,user_supplemented,Not provided by the authors; supplemented from the public prompt in paper Appendix E.2
729,plate rack,A countertop or wall-mounted frame holds dishes upright in parallel slots.,Evenly spaced vertical dividers separate circular dinnerware so water can drain.,"Wood, wire, or molded plastic forms a rectangular organizer beside a sink.",Round ceramic dishes stand on edge rather than lying in a stack.,A lower tray catches drips beneath rows of drying kitchenware.,Some cabinets incorporate grooved shelves that display decorative dishes face forward.,user_supplemented,Not provided by the authors; supplemented from the public prompt in paper Appendix E.2
730,farm plow,A heavy agricultural implement turns and breaks soil using curved metal blades.,A tractor pulls the long frame across a field before seeds are planted.,One or more moldboards lift earth and roll it into parallel furrows.,A pointed share cuts below the surface while a curved plate flips the sliced soil.,Older versions attach to a harnessed animal and are guided by handles from behind.,Fresh dark ridges trail the earthworking tool in straight lines across farmland.,user_supplemented,Not provided by the authors; supplemented from the public prompt in paper Appendix E.2
731,plunger,A rubber suction cup sits at the end of a straight wooden or plastic handle.,The flexible bell is pressed over a drain and pumped to dislodge a blockage.,Its red or black hemispherical base collapses against porcelain and springs back.,Repeated vertical strokes force water and air through a clogged pipe.,A flange may extend beneath the cup for a tighter seal inside a toilet opening.,The simple bathroom tool combines a long shaft with a broad elastic dome.,user_supplemented,Not provided by the authors; supplemented from the public prompt in paper Appendix E.2
732,Polaroid camera,A boxy instant-film device ejects a square photograph moments after the shutter is pressed.,A large front lens sits above a slot that feeds out a white-bordered print.,The folding body may open into a distinctive angular shape with a flash unit on top.,A developing image slowly appears on the opaque card emerging from the front.,The retro device uses self-contained film packs rather than separate digital storage.,Its oversized viewfinder and rainbow-striped styling recall late twentieth-century snapshots.,user_supplemented,Not provided by the authors; supplemented from the public prompt in paper Appendix E.2
733,pole,A long slender vertical shaft stands upright with little change in width from end to end.,"The straight cylindrical support may carry a flag, sign, lamp, or overhead wire.","Wood, metal, or fiberglass forms the narrow column planted firmly in the ground.",Athletes may grip or clear the elongated rod during jumping events.,A smooth tubular member extends far higher than its small circular base.,This simple structural element supports objects aloft or marks a boundary.,user_supplemented,Not provided by the authors; supplemented from the public prompt in paper Appendix E.2
734,police van,A marked law-enforcement vehicle has a tall enclosed rear compartment and flashing roof lights.,Blue-and-yellow checks or official insignia cover the sides of the boxy transport.,Barred or darkened windows separate detainees in the secured rear cabin.,"A light bar and siren sit above white, blue, or black bodywork.",Side or rear doors open to bench seating behind a partition from the driver.,The large official transport combines emergency markings with a high-roof cargo-style body.,user_supplemented,Not provided by the authors; supplemented from the public prompt in paper Appendix E.2
735,poncho,A loose sleeveless outer garment drapes from the shoulders as one broad piece of fabric.,A central opening passes over the head while the sides hang freely without fitted sleeves.,Rainproof versions include a hood and extend over the arms and torso like a small cape.,Woven examples display colorful geometric patterns and fringe along the lower edge.,The rectangular covering creates a triangular silhouette when the arms are lowered.,Its roomy construction can shelter both a person and a backpack from rain.,user_supplemented,Not provided by the authors; supplemented from the public prompt in paper Appendix E.2
736,pool table,A large felt-covered gaming surface has six pockets around a raised wooden rim.,Colored numbered balls sit on green cloth while players aim with long tapered cues.,Four corner openings and two side openings catch balls driven across the rectangular bed.,The heavy slate surface stands waist-high on carved or sturdy legs.,A triangular frame arranges the balls before the opening break shot.,"Chalk, cue rests, and overhead lamps accompany this indoor precision game.",user_supplemented,Not provided by the authors; supplemented from the public prompt in paper Appendix E.2
737,soda bottle,A narrow container for carbonated drink has a threaded or crimped closure and printed label.,Clear or colored glass and molded polymer versions reveal dark or brightly tinted liquid.,The cylindrical body narrows through rounded shoulders to a small neck.,Bubbles cling to the inside while condensation forms on the chilled exterior.,A brand wrapper encircles the middle below a screw top or crown closure.,"Single-serving examples stand in vending machines, coolers, and restaurant displays.",user_supplemented,Not provided by the authors; supplemented from the public prompt in paper Appendix E.2
738,plant pot,"A container filled with soil supports a flower, herb, or small indoor tree.",Its open circular top widens above a narrower base with a drainage hole.,Terracotta versions have orange-brown tapered walls and a matching saucer underneath.,"Ceramic, metal, or molded containers line windowsills and garden paths.",Roots remain enclosed below the soil while stems rise from the central opening.,Decorative glazing or ribbed surfaces cover this portable gardening vessel.,user_supplemented,Not provided by the authors; supplemented from the public prompt in paper Appendix E.2
739,potter's wheel,A horizontal circular disk spins rapidly while a craftsperson shapes wet clay at its center.,A motorized or foot-powered rotating platform sits above a sturdy workbench base.,Both hands steady a rising vessel as the centered clay turns continuously.,A pedal controls speed while water and clay slip collect in a surrounding tray.,Concentric rings appear on bowls and vases formed over the revolving surface.,The low round platform enables symmetrical ceramic forms through controlled rotation.,user_supplemented,Not provided by the authors; supplemented from the public prompt in paper Appendix E.2
740,power drill,"A handheld motor tool rotates bits through wood, metal, or masonry.",A pistol grip supports a cylindrical chuck and a trigger beneath the housing.,Cordless versions attach to a rectangular rechargeable battery below the handle.,A spiral bit projects from the front while torque and speed rings encircle the nose.,The tool bores round holes or drives threaded fasteners with interchangeable attachments.,"Vent slots, directional controls, and a rubberized grip cover the compact powered body.",user_supplemented,Not provided by the authors; supplemented from the public prompt in paper Appendix E.2
741,prayer rug,"A small, decorative rug traditionally used by individuals during prayer in various cultures.","Prayer rugs are often adorned with intricate patterns, symbols, and a design that mimics a mihrab.","These rugs are typically made of wool, silk, or synthetic fibers, offering comfort and durability.","The design usually reflects a focus on spiritual practice, providing a dedicated space for prayer.","Common in Muslim households, prayer rugs offer a personal, sacred space for daily worship rituals.","Scientific name: N/A, a type of religious textile often used during Islamic prayer practices.",author_provided,Provided by the authors
742,printer,An electronic device that produces physical copies of digital documents or images.,Uses ink or toner to transfer text and images onto paper.,"Commonly used in offices, schools, and homes for document printing.","Available in various types, such as inkjet, laser, and 3D printers.",Often connected to computers or networks for print jobs.,"Used for producing reports, photographs, and other printed materials.",author_provided,Provided by the authors
743,prison,"A secure institutional complex is enclosed by high walls, fences, and guarded towers.",Rows of barred cell windows line austere concrete blocks inside a razor-wire perimeter.,Heavy steel gates control access through multiple fenced checkpoints.,Uniformed guards patrol elevated watch posts overlooking exercise yards.,Long corridors contain repeated locked doors and sparse individual cells.,The fortified compound is designed to confine people under constant supervision.,user_supplemented,Not provided by the authors; supplemented from the public prompt in paper Appendix E.2
744,missile,An object is hurled or fired toward a target and continues through the air without propelling itself.,"Examples range from bullets and artillery shells to arrows, darts, and thrown spears.",Its shape is usually compact and aerodynamic so momentum can carry it accurately over a distance.,"A pointed tip or dense leading end may be designed to penetrate, strike, or deliver an explosive charge.","Unlike a powered rocket, it receives its force at launch from a gun, bow, hand, or mechanical device.","The object may appear as a metal round, a finned shaft, or another piece of ammunition in flight.",user_supplemented,Not provided by the authors; supplemented from the public prompt in paper Appendix E.2
745,projector,An optical device casts enlarged images or video onto a distant screen.,A bright beam exits a front lens from a rectangular housing mounted on a table or ceiling.,"Ventilation slots and control buttons surround the lamp, mirrors, and imaging components.",Cables connect the unit to a computer while a focused rectangle appears on the wall.,A small adjustable foot tilts the body to align the displayed image.,Older versions feed transparent slides through a tray beside the powerful illumination source.,user_supplemented,Not provided by the authors; supplemented from the public prompt in paper Appendix E.2
746,hockey puck,A small flat black rubber disk slides across an ice rink.,Its dense cylindrical body has textured edges and two smooth circular faces.,Players strike the frozen dark object with curved sticks toward a guarded net.,The palm-sized projectile remains low to the surface rather than bouncing like a ball.,White logos may be printed on the top of the vulcanized rubber shape.,Scuff marks accumulate around its rim during fast contact with boards and blades.,user_supplemented,Not provided by the authors; supplemented from the public prompt in paper Appendix E.2
747,punching bag,A heavy cylindrical training sack hangs vertically from chains or stands on a weighted base.,"Leather, vinyl, or canvas encloses dense filling designed to absorb repeated strikes.",A boxer practices punches against the suspended body while it swings back and forth.,Reinforced straps connect the upper end to a ceiling-mounted swivel.,The elongated target may show numbered zones or brand markings on its surface.,Its human-torso height and firm padding support combat-sport conditioning.,user_supplemented,Not provided by the authors; supplemented from the public prompt in paper Appendix E.2
748,purse,A small fashion bag carries personal items and is held by handles or a shoulder strap.,A zipper or clasp closes the main compartment above an often structured base.,"Leather, fabric, or synthetic material forms a decorative accessory worn with clothing.","Inner pockets organize keys, money, cosmetics, and a phone.",Metal hardware and a removable strap attach near the upper corners.,The handheld container may be compact and formal or roomy with multiple compartments.,user_supplemented,Not provided by the authors; supplemented from the public prompt in paper Appendix E.2
749,quill,A long stiff feather has its hollow shaft cut to form a pointed writing nib.,The broad vane remains above the hand while the tapered tip dips into ink.,Split edges at the carved point channel dark liquid onto parchment.,A writer holds the elegant feather pen beside an inkwell on an old desk.,Goose feathers are commonly trimmed and hardened for historical handwriting.,The natural barbs create a soft plume behind the sharpened tubular shaft.,user_supplemented,Not provided by the authors; supplemented from the public prompt in paper Appendix E.2
750,quilt,A thick bed covering joins layers of fabric with visible stitched patterns.,Many colored patches form geometric blocks across the padded rectangular textile.,"Rows of needlework hold a decorative top, soft batting, and plain backing together.","The handmade cover drapes over a mattress with repeated stars, squares, or floral motifs.",Contrasting scraps create a mosaic bounded by fabric strips and an edge binding.,Closely spaced seams produce raised channels across the warm layered blanket.,user_supplemented,Not provided by the authors; supplemented from the public prompt in paper Appendix E.2
751,race car,"A high-performance vehicle designed for speed, agility, and endurance on racetracks.","Race cars are engineered for precision, with aerodynamics and specialized tires for maximum grip.","They are typically lightweight, with powerful engines and custom-built chassis for handling extreme conditions.","These vehicles often feature safety features like roll cages, fire suppression systems, and harnesses.","Race cars are used in competitive motorsport, such as Formula 1, NASCAR, and endurance racing.","Scientific name: N/A, a specialized car designed for racing events requiring speed and performance.",author_provided,Provided by the authors
752,racket,An oval or round frame strung with a grid of cords ends in a long handle.,Athletes swing the lightweight sports implement to strike a ball or feathered projectile.,Tightly tensioned strings cross at right angles inside a rigid rim.,"A wrapped grip covers the lower end of a graphite, metal, or wooden shaft.",The throat may be open or solid where the head joins the handle.,Its broad mesh face provides a resilient hitting surface for court games.,user_supplemented,Not provided by the authors; supplemented from the public prompt in paper Appendix E.2
753,radiator,A heating device used to warm a room or building by radiating heat from hot water or steam.,Radiators are typically made of metal and work by transferring heat through conduction and radiation.,"They are commonly found in homes, offices, and industrial buildings as part of central heating systems.","Older radiators were often cast iron, while modern versions are lighter and more energy-efficient.","Radiators can be adjusted to control room temperature, providing both comfort and energy savings.","Scientific name: N/A, part of heating systems in buildings and homes.",author_provided,Provided by the authors
754,radio,An electronic device used to transmit and receive sound signals over the airwaves.,"Radios work by tuning into specific frequencies, allowing users to listen to music, news, and talk shows.",They are powered by electricity or batteries and come in various sizes and designs.,"Many modern radios also include features like Bluetooth, digital signal processing, and AM/FM tuners.","Radios are used for communication, entertainment, and emergency broadcasts in many parts of the world.","Scientific name: N/A, an apparatus designed to receive and broadcast audio signals using radio waves.",author_provided,Provided by the authors
755,radio telescope,An enormous parabolic dish points toward the sky from a rotating support structure.,A receiver hangs near the focus above a vast bowl of metal mesh or panels.,Motors tilt and turn the concave antenna to track faint signals from space.,Multiple giant dishes may stand together across a remote desert observatory.,A latticework framework supports the bowl high above a circular rail.,The astronomical instrument collects long-wavelength emissions rather than visible light.,user_supplemented,Not provided by the authors; supplemented from the public prompt in paper Appendix E.2
756,rain barrel,A container used to collect and store rainwater for later use in gardening.,"Typically made of plastic or wood, placed under a downspout for rain collection.","Used for water conservation, providing an eco-friendly alternative to tap water.",Has a spout at the bottom for easy access to the stored water.,"Can vary in size, from small barrels to large storage systems.",Helps reduce water bills and supports sustainable landscaping practices.,author_provided,Provided by the authors
757,recreational vehicle,A large self-contained road vehicle combines a driver's cabin with living accommodations.,"Windows, roof vents, and an awning line the boxy mobile dwelling.","Inside are beds, a compact kitchen, seating, storage, and often a small bathroom.",The tall motorized body parks at campsites and connects to utility hookups.,Some versions tow behind a car while others have an integrated engine and windshield.,External compartments and bicycles may hang along the sides of the traveling home.,user_supplemented,Not provided by the authors; supplemented from the public prompt in paper Appendix E.2
758,fishing casting reel,A round spool mounted beside a fishing rod stores and retrieves line with a rotating handle.,A curved bail wire guides the filament onto a fixed spool during retrieval.,The angler flips the bail open before throwing the weighted line toward the water.,A drag knob controls resistance as a fish pulls line from the compact mechanism.,The metal or graphite housing hangs beneath the rod grip and contains internal gears.,Cranking the side handle turns a rotor around the spool in smooth loops.,user_supplemented,Not provided by the authors; supplemented from the public prompt in paper Appendix E.2
759,reflex camera,A type of camera that uses a mirror to reflect light into the viewfinder.,"Commonly known as a single-lens reflex (SLR) camera, allowing precise composition.",Popular among professional photographers for its ability to capture high-quality images.,Typically has interchangeable lenses for versatile shooting.,Allows photographers to see exactly what the lens sees through the viewfinder.,Known for its manual controls and high degree of customization.,author_provided,Provided by the authors
760,refrigerator,An appliance used to store food and beverages at low temperatures to preserve freshness.,Uses refrigeration technology to prevent spoilage of perishable items like dairy and meat.,Typically includes a freezer section for freezing food and ice storage.,"Found in kitchens, restaurants, and food storage facilities for daily use.","Available in various sizes, from compact to full-sized units.",An essential home appliance for maintaining food safety and convenience.,author_provided,Provided by the authors
761,remote control,"A device used to wirelessly control electronic appliances from a distance, often via infrared.","Commonly used to operate televisions, air conditioners, and other home electronics.","Typically powered by batteries, offering easy operation without needing to approach the device.","Has buttons for power, volume control, and other settings.",Can be programmed to control multiple devices through universal remote technology.,An indispensable gadget for convenience and comfort in home entertainment.,author_provided,Provided by the authors
762,restaurant,A place where food and drinks are prepared and served to customers for a fee.,"May offer dine-in or takeout services, with varying cuisines and dining experiences.",Can range from casual fast food to fine dining establishments.,Often has waitstaff to serve customers and provide menu recommendations.,"Typically includes seating, a kitchen, and a bar area for beverages.","An important part of the hospitality industry, providing meals and social spaces.",author_provided,Provided by the authors
763,revolver,"A type of firearm with a rotating cylinder, holding multiple rounds of ammunition.","Revolvers are typically known for their distinctive, rotating mechanism that holds and fires bullets.",They are commonly used for self-defense and sport shooting due to their compact size and reliability.,"The revolver's design allows for quick reloading, with the cylinder rotating after each shot.",This type of handgun is often chosen for its durability and ease of maintenance.,"Scientific name: N/A, a firearm with a rotating cylinder, popular in both law enforcement and civilian use.",author_provided,Provided by the authors
764,rifle,"A firearm designed for precision shooting, often used by military personnel.",It is a long-barrel weapon used for hitting distant targets.,Typically features rifled grooves inside the barrel for improved accuracy.,Commonly used for hunting and in competitive shooting sports.,"Can vary in caliber and size, depending on its intended use.",An essential tool for snipers and law enforcement in tactical situations.,author_provided,Provided by the authors
765,rocking chair,A wooden armchair moves back and forth on two curved runners beneath its legs.,A high slatted back and broad armrests support a seated person during gentle motion.,The arched rails contact the floor and extend beyond the front and rear feet.,Traditional examples have turned spindles joining the seat to the back and arms.,Pushing with the feet produces a soothing repeated sway.,Nurseries and porches commonly hold this familiar chair with crescent-shaped supports.,user_supplemented,Not provided by the authors; supplemented from the public prompt in paper Appendix E.2
766,rotisserie,Meat turns slowly on a horizontal spit in front of or above a heat source.,A motor rotates the skewer so the food cooks evenly on every side.,Forked clamps secure a whole chicken or roast along a long metal rod.,A glass-fronted oven may display several browned birds revolving in rows.,Juices drip into a tray beneath the turning food while the exterior becomes crisp.,Outdoor versions suspend the rotating shaft over coals using two upright supports.,user_supplemented,Not provided by the authors; supplemented from the public prompt in paper Appendix E.2
767,eraser,A small block of soft rubber removes graphite marks when rubbed across paper.,"The rectangular pink, white, or gray piece develops dark smudges and rounded corners with use.",Loose crumbs appear as friction lifts pencil material from the page.,Some versions attach to the end of a wooden pencil inside a metal ferrule.,The flexible stationery item corrects drawings and handwriting without cutting the sheet.,Novelty shapes and colors conceal the same slightly tacky mark-removing material.,user_supplemented,Not provided by the authors; supplemented from the public prompt in paper Appendix E.2
768,rugby ball,An elongated oval sports ball has pointed ends and a pebbled leather or synthetic surface.,Its four-panel shape is broader and rounder than an American gridiron projectile.,A short line of laces appears near the middle for grip during passes.,"Players carry, kick, or ground the brown, white, or brightly patterned object on grass.",Curved seams meet at each tapered tip around the inflated body.,The asymmetric spheroid bounces unpredictably when dropped onto its pointed end.,user_supplemented,Not provided by the authors; supplemented from the public prompt in paper Appendix E.2
769,ruler measuring stick,A long straight flat tool bears evenly spaced numeric graduations along one or both edges.,"Centimeter and inch marks run parallel across wood, metal, or transparent plastic.",One end begins at zero for comparing the length of objects laid beside it.,The narrow rectangular strip also guides a pencil in drawing straight lines.,Dark ticks vary in height to indicate units and subdivisions.,Classroom and workshop versions range from short desk lengths to yard-long forms.,user_supplemented,Not provided by the authors; supplemented from the public prompt in paper Appendix E.2
770,sneaker,A casual athletic shoe has a flexible rubber sole and laces across the upper.,"Canvas, mesh, leather, or synthetic panels surround the foot below a padded collar.","Textured tread and cushioning support running, training, or everyday walking.",Eyelets guide crossed laces over a central tongue.,A reinforced toe and branded side emblem decorate the low or ankle-high footwear.,The sporty silhouette contrasts with formal shoes through its soft upper and grippy sole.,user_supplemented,Not provided by the authors; supplemented from the public prompt in paper Appendix E.2
771,safe,A heavy reinforced box protects valuables behind a thick locked door.,"A combination dial, keypad, or keyhole controls strong internal bolts.","Fire-resistant steel walls surround shelves for documents, cash, and jewelry.",The massive rectangular container may be anchored to a floor or hidden inside a wall.,Turning the wheel or handle retracts multiple bars from the frame.,Bank and home versions resist forced entry with dense metal construction and concealed hinges.,user_supplemented,Not provided by the authors; supplemented from the public prompt in paper Appendix E.2
772,safety pin,A small metal pin with a clasp that closes to safely secure fabric or other materials.,Commonly used in sewing and crafting for fastening temporary or permanent closures.,"Has a spring mechanism to open and close securely, preventing accidental opening.",Widely used in emergency situations or for temporary repairs of torn clothing.,"Often stored in sewing kits, handbags, or drawers for easy access.",A versatile and essential tool for everyday use and in first aid kits.,author_provided,Provided by the authors
773,salt shaker,"A small container with holes at the top, used to dispense salt or seasonings.","Commonly made from glass or plastic, often with a metal lid.",Used to season food at the table or during cooking.,"Can also be used for other spices, such as pepper or sugar.","Typically found on dining tables, in kitchens, or in restaurants.",A simple and convenient item for enhancing the flavor of meals.,author_provided,Provided by the authors
774,sandal,An open warm-weather shoe secures the sole with straps across the foot.,Toes and much of the upper surface remain exposed above a flat or raised base.,A thong may pass between the first two toes and connect to side straps.,"Leather, rubber, woven fiber, or synthetic bands wrap around the ankle or heel.",The lightweight footwear suits beaches and hot climates through its ventilated construction.,Buckles or hook-and-loop fasteners adjust the sparse upper around the foot.,user_supplemented,Not provided by the authors; supplemented from the public prompt in paper Appendix E.2
775,sarong,"A traditional piece of cloth wrapped around the waist, often worn in tropical regions.",Worn by both men and women in various Southeast Asian cultures.,It is typically made of cotton or silk and can be brightly patterned.,"Commonly seen in beachwear, cultural events, and as a casual garment.",A versatile garment that can be draped in various styles for different occasions.,Also known as a lava-lava in some Pacific Island cultures.,author_provided,Provided by the authors
776,saxophone,"A brass wind instrument with a reed, used in jazz and classical music.",It is characterized by its curved shape and the distinctive sound it produces.,"Typically played with a mouthpiece and a metal body, it varies in size.","A key component of jazz ensembles, offering both melodic and improvisational roles.","Used in a variety of music genres, including rock and classical performances.","The saxophone family includes soprano, alto, tenor, and baritone variations.",author_provided,Provided by the authors
777,scabbard,A protective sheath for a sword or other bladed weapon.,"Typically made of leather, wood, or metal, designed to fit a specific weapon.",Used to prevent injury when carrying a sword and protect the blade from damage.,Often worn on a belt or attached to armor for easy access in battle.,"In some cultures, the design of the scabbard is ornamental and reflects status.",The scabbard may feature intricate engravings or decorations based on its region of origin.,author_provided,Provided by the authors
778,weighing scale,"A device reports weight using a platform, dial, sliding weights, or digital display.",A person or object rests on the flat surface while an indicator moves to a measured value.,Bathroom versions have a low square body with numbers visible through a small window.,Kitchen versions place a bowl above a calibrated spring mechanism.,A balance-beam form uses movable masses along graduated horizontal arms.,"The measuring instrument converts downward force into kilograms, pounds, or smaller units.",user_supplemented,Not provided by the authors; supplemented from the public prompt in paper Appendix E.2
779,school bus,A large vehicle designed to transport children to and from school in a safe manner.,Typically painted yellow with safety features like flashing lights and a stop sign.,"Has seating for multiple passengers, with safety belts in some models.",Operated by a trained driver and follows specific routes for student transportation.,Equipped with large windows for visibility and ventilation during the ride.,"A critical part of daily life for students, providing safe and reliable transport.",author_provided,Provided by the authors
780,schooner,A sailing vessel has two or more masts with the rear mast at least as tall as the forward one.,Fore-and-aft sails run along the length of a narrow wooden hull.,Triangular jibs stretch from the foremost mast toward the bowsprit.,The rig allows a modest crew to control multiple sails in coastal winds.,Tall spars and diagonal booms form a layered silhouette above the deck.,Historic examples carried cargo or fished along shorelines under several gaff-rigged sails.,user_supplemented,Not provided by the authors; supplemented from the public prompt in paper Appendix E.2
781,scoreboard,A board displaying scores is often used in sports events or games.,It tracks player or team points during competition.,"Usually includes sections for timing, team names, and scores.","Common in arenas, gyms, and stadiums for various types of games.",Operated manually or electronically to show real-time results.,An essential tool for keeping track of progress during sports events.,author_provided,Provided by the authors
782,CRT monitor,A display device using cathode ray tube technology to project images onto a screen.,Commonly used for older computer systems before flat-screen LCDs and LEDs became popular.,Relies on an electron gun to display images in pixels on the phosphorescent screen.,"Has a bulky, deep casing compared to modern flat-screen monitors.",Known for its high refresh rates and vivid color output in its time.,"Once a standard for personal computers, now replaced by more compact and efficient displays.",author_provided,Provided by the authors
783,screw,A threaded fastener used to join materials together by rotating into them.,"Made of metal, typically with a pointed end to aid insertion into surfaces.","Can vary in size and type, with common types like wood screws and machine screws.","Requires a screwdriver or drill to install, making it versatile for various applications.","Often used in construction, furniture assembly, and mechanical work.",A simple yet essential component in a wide range of mechanical and structural tasks.,author_provided,Provided by the authors
784,screwdriver,A hand tool has a shaped handle and a metal shaft ending in a flat or cross-shaped tip.,The tip fits a matching recess in a threaded fastener to turn it clockwise or counterclockwise.,A translucent or rubberized grip provides torque around the long straight shank.,Flat-blade and cross-point versions lie beside screws and small hardware.,Electricians may use an insulated handle to protect the hand near wiring.,The simple tool drives or removes threaded fasteners through wrist rotation.,user_supplemented,Not provided by the authors; supplemented from the public prompt in paper Appendix E.2
785,seat belt,A strong woven restraint crosses a vehicle occupant's lap or chest and locks into a clasp.,A metal tongue clicks into a release buckle beside the passenger.,The three-point arrangement runs from the shoulder to the opposite hip and across the waist.,Webbing retracts into the pillar when not in use and tightens during sudden motion.,A bright push button releases the latched strap after travel.,The fitted restraint limits forward movement during a collision or abrupt stop.,user_supplemented,Not provided by the authors; supplemented from the public prompt in paper Appendix E.2
786,sewing machine,A powered textile device joins fabric using an upper needle and lower thread mechanism.,A foot pedal controls speed while material advances beneath a presser foot.,"A handwheel, spool pin, tension dial, and stitch selector occupy the compact body.",The rapidly moving needle passes thread through cloth along straight or patterned seams.,A flat work surface surrounds the metal throat plate and toothed feed mechanism.,Vintage versions use a cast-iron body and treadle while modern units have electric motors.,user_supplemented,Not provided by the authors; supplemented from the public prompt in paper Appendix E.2
787,shield,A protective device used to block attacks commonly seen in medieval combat.,"Typically made of metal, wood, or composite materials.",It has a flat or curved surface and is held by a grip.,Often adorned with crests or symbols to represent families or groups.,Used in warfare to protect soldiers from projectiles and close combat.,"In modern use, shields are often part of law enforcement and military gear.",author_provided,Provided by the authors
788,shoe store,A retail location specializing in selling footwear for all occasions.,"Carries various types of shoes including formal, casual, and athletic wear.",Some stores also offer shoe repair and custom fitting services.,Customers can try on shoes to find the perfect fit and style.,Often offers a wide range of sizes and brands for different preferences.,A specialized store for those seeking a variety of footwear choices.,author_provided,Provided by the authors
789,shoji screen / room divider,A freestanding interior partition made from translucent paper panels set within a dark wooden lattice.,Rectangular grid frames divide a pale glowing surface into neat geometric sections.,Traditional Japanese rooms use these lightweight panels to separate spaces while admitting diffuse daylight.,"Some panels glide along floor tracks, while portable versions fold in hinged sections.",Thin timber strips cross cream-colored paper to create an elegant minimal barrier.,The semiopaque partition conceals occupants without forming a permanent solid wall.,user_supplemented,Not provided by the authors; supplemented from the public prompt in paper Appendix E.2
790,shopping basket,"A handheld open container used to carry groceries, with two hinged handles arching over the top.",Its plastic or wire sides have many holes and taper toward a flat rectangular base.,The portable store container nests inside identical examples near the entrance when empty.,A shopper carries food and small purchases in the crook of one arm rather than pushing wheels.,"Rigid red, blue, or gray slotted walls surround a shallow compartment sized for a few items.",Two handles meet above the contents and fold flat against the rim after checkout.,user_supplemented,Not provided by the authors; supplemented from the public prompt in paper Appendix E.2
791,shopping cart,A large wire grocery container mounted on four small swiveling wheels with a long push handle.,The deep metal basket sits above a lower rack and may include a folding child seat near the rear.,Customers roll this wheeled carrier through supermarket aisles while filling it with purchases.,A tubular frame supports a grid-sided container that nests into other units in a long row.,The front narrows slightly so one vehicle can slide inside the next near a store entrance.,Four caster wheels and a horizontal handle distinguish it from a handheld grocery carrier.,user_supplemented,Not provided by the authors; supplemented from the public prompt in paper Appendix E.2
792,shovel,"A tool with a broad blade is used for digging, lifting, or moving material.",Typically has a long handle and a flat or pointed blade.,"Commonly used in gardening, construction, and manual labor tasks.","Can be made from metal, plastic, or wood, depending on the purpose.","Used to scoop dirt, sand, snow, or other loose materials.",An essential tool for excavation and landscaping projects.,author_provided,Provided by the authors
793,shower cap,A waterproof cap worn over the hair to keep it dry during a shower or bath.,"Made from materials like rubber, plastic, or fabric with a waterproof lining.",Often used to protect styled hair or to keep hair out of the water.,Typically elasticized to fit various head sizes securely.,Convenient for protecting hair from moisture while washing or swimming.,An essential accessory for maintaining hair cleanliness and style.,author_provided,Provided by the authors
794,shower curtain,A waterproof sheet suspended from rings along a horizontal rod beside a bathtub or shower.,The flexible curtain hangs from ceiling height to near the floor to contain splashing water.,"Plastic, vinyl, or treated fabric may be clear, patterned, or brightly colored across one broad panel.",A row of reinforced holes or metal grommets lines the top edge beneath sliding hooks.,The material gathers into vertical folds when pulled to one end of the bathing enclosure.,A weighted lower hem keeps the wet barrier inside the tub while someone bathes.,user_supplemented,Not provided by the authors; supplemented from the public prompt in paper Appendix E.2
795,ski,"A long narrow board with an upturned front tip, attached to a stiff boot for traveling over snow.",A pair of smooth runners lies parallel beneath the rider as poles help with balance and propulsion.,Bindings mounted near the center secure winter boots above metal edges and a waxed base.,The slender equipment curves upward at one or both ends to glide over a snowy slope.,"Alpine versions are wider and shaped along the sides, while cross-country versions are especially thin and long.",Two matching boards carve parallel tracks down a mountain beneath a bundled athlete.,user_supplemented,Not provided by the authors; supplemented from the public prompt in paper Appendix E.2
796,balaclava ski mask,"A close-fitting mask made of wool or synthetic material, often worn for warmth in cold weather.","Commonly used by skiers, snowboarders, and military personnel, covering the head and neck.","The mask typically leaves openings for the eyes and mouth, offering protection from harsh winds.",Balaclavas are also worn for anonymity or protection in extreme weather conditions.,"They come in various styles, including full-face or open-faced versions.","Scientific name: N/A, used for warmth and protection in cold and extreme conditions.",author_provided,Provided by the authors
797,sleeping bag,An insulated cocoon-shaped bedding sack with a zipper running along one side.,"A camper crawls inside the padded fabric tube, leaving only the face exposed beneath a drawstring hood.",Quilted synthetic or down-filled panels trap warmth above a tent floor.,The portable bed rolls tightly into a cylindrical stuff sack for carrying in a backpack.,"Rectangular versions open flat like a blanket, while mummy-shaped versions taper around the feet.",A weather-resistant outer shell surrounds a soft lined cavity sized for one reclining person.,user_supplemented,Not provided by the authors; supplemented from the public prompt in paper Appendix E.2
798,slide rule,"A mechanical device used for mathematical calculations, particularly multiplication and division.",Consists of a ruler with a sliding central bar and logarithmic scales.,Used extensively in engineering and scientific calculations before digital calculators.,Allows for quick approximations and conversions in measurements.,Works based on the principles of logarithms to perform complex operations.,Still used by some enthusiasts and professionals for its precision and portability.,author_provided,Provided by the authors
799,sliding door,A broad panel that opens horizontally by gliding along an overhead or floor-mounted track.,One glass or wooden section moves behind another instead of swinging on hinges.,A recessed handle allows the movable panel to remain flush with the surrounding surface.,Patio versions use large framed panes that reveal an outdoor terrace while traveling sideways.,Traditional barn versions hang from visible rollers mounted above a wide entrance.,The space-saving closure stacks or overlaps adjacent panels when the opening is exposed.,user_supplemented,Not provided by the authors; supplemented from the public prompt in paper Appendix E.2
800,slot machine,A gambling machine with spinning reels that display symbols when activated.,Players insert money and pull a lever or press a button to start the game.,"If the symbols align correctly, players win a payout or prize.",Commonly found in casinos and gaming establishments around the world.,"Can be themed around various subjects, with modern versions featuring digital screens.",An iconic device in the gambling industry known for its entertaining yet unpredictable outcomes.,author_provided,Provided by the authors
801,snorkel,A breathing tube with a curved mouthpiece used by a swimmer floating face-down near the surface.,The upper end projects above the water and often carries a bright splash guard.,A flexible silicone bite piece connects to an L-shaped plastic airway beside a diving mask.,A clip fastens the long narrow tube along the side of a swimmer's head.,Some versions include a purge valve near the mouth and a floating seal at the top.,The device allows continuous breathing while the user's covered eyes remain underwater.,user_supplemented,Not provided by the authors; supplemented from the public prompt in paper Appendix E.2
802,snowmobile,A low motorized winter vehicle with two front runners and a wide powered track at the rear.,The rider straddles a padded seat behind handlebars and a small windshield.,Its rubber tread grips deep snow while paired steerable blades turn beneath the front cowling.,A headlamp shines from the colorful aerodynamic hood as the machine crosses frozen trails.,"Unlike a wheeled motorcycle, this vehicle rests on runners and a continuous belt.",One or two bundled riders travel across white terrain on a compact engine-powered sled.,user_supplemented,Not provided by the authors; supplemented from the public prompt in paper Appendix E.2
803,snowplow,A heavy road-clearing vehicle with a broad angled blade mounted across its front.,The curved metal plow pushes accumulated snow toward the roadside as the truck advances.,Warning lights flash above a cab while salt may spread from a hopper at the rear.,The front blade is wider than the vehicle and often painted orange or yellow with reflective stripes.,"Hydraulic arms raise, lower, and tilt the scraping edge against icy pavement.",A large municipal truck leaves a dark cleared lane behind it during a winter storm.,user_supplemented,Not provided by the authors; supplemented from the public prompt in paper Appendix E.2
804,soap dispenser,A pump-topped container that releases liquid cleanser into a waiting hand.,Pressing the spring-loaded nozzle sends a measured amount from a bottle or wall-mounted reservoir.,Transparent versions reveal colored gel inside beneath a long dipping tube.,Public washrooms often use a fixed plastic unit with a push lever and small viewing window.,The container sits beside a sink and may produce foam rather than liquid.,A narrow spout projects outward from the cap above a labeled reusable vessel.,user_supplemented,Not provided by the authors; supplemented from the public prompt in paper Appendix E.2
805,soccer ball,"A spherical ball used in the game of soccer, designed for kicking and dribbling.",Typically made of synthetic leather panels stitched together for durability and control.,Has a specific size and weight regulation for official games and practice.,"Commonly found in sports stores, schools, and athletic fields worldwide.",Inflated to a specific pressure for optimal bounce and performance.,"The central piece of equipment in soccer, integral for the sport's gameplay.",author_provided,Provided by the authors
806,sock,"A piece of clothing worn on the feet to provide warmth, comfort, and protection.","Usually made from cotton, wool, or synthetic materials.","Covers the foot and lower leg, often extending to the ankle or calf.","Comes in various styles such as ankle, crew, and knee-high.","A basic garment, commonly worn with shoes or boots to prevent friction.","Can be designed with patterns, colors, or logos for fashion or sports use.",author_provided,Provided by the authors
807,solar thermal collector,A roof-mounted array of dark glazed panels containing pipes that heat circulating water with sunlight.,Parallel black tubes or a flat absorber surface face the sky inside an insulated frame.,"Unlike photovoltaic modules, this installation transfers heat directly to fluid for domestic hot water.",A cylindrical storage tank may sit above the rooftop panel in a compact thermosiphon system.,Copper piping connects the sun-facing collector to a building's water or heating loop.,The broad rectangular absorber is tilted toward the sun and covered by protective glass.,user_supplemented,Not provided by the authors; supplemented from the public prompt in paper Appendix E.2
808,sombrero,"A wide-brimmed hat traditionally worn in Mexican culture, often made of straw or felt.",Sombreros are typically used to provide shade from the sun during outdoor activities or work.,These hats are iconic in Mexican culture and are often worn during celebrations or festivals.,The large brim helps protect the face and neck from direct sunlight and heat.,"Sombreros come in various styles, from simple to elaborately decorated for special occasions.","Scientific name: N/A, a cultural and practical item in Latin American attire.",author_provided,Provided by the authors
809,soup bowl,"A deep and round bowl used for serving soup, stew, or broth.","Typically made from ceramic, porcelain, or glass materials.",Features a larger capacity than a regular bowl to hold liquid-based foods.,Often has a wide rim to facilitate easy sipping or spooning of soup.,"Commonly found in kitchens, restaurants, and dining tables worldwide.","An essential dishware item for serving hot, comforting meals like soup.",author_provided,Provided by the authors
810,keyboard space bar,"The longest blank key on a typing board, positioned horizontally beneath the letter rows.",Both thumbs commonly press this wide rectangular control to insert gaps between words.,It spans several ordinary key widths across the center of the bottom row.,The unmarked or lightly labeled plastic cap sits between modifier controls.,Repeated use produces visible wear along the upper surface of this elongated input control.,Its distinctive width and central placement make it easy to identify among many smaller square keys.,user_supplemented,Not provided by the authors; supplemented from the public prompt in paper Appendix E.2
811,space heater,A portable device used to heat a specific area or room.,"Typically powered by electricity, gas, or oil to provide localized warmth.","Commonly used in homes, offices, or workshops to supplement heating systems.","Can be freestanding or mounted on walls, offering flexible heating options.",Features adjustable settings to control temperature and energy consumption.,An efficient way to warm small spaces without the need for a central heating system.,author_provided,Provided by the authors
812,space shuttle,A winged reusable spacecraft with a black heat-shielded underside and white fuselage.,The orbiter launches vertically attached to a large external tank and two solid boosters.,A broad delta wing and tall vertical tail give the vehicle an airplane-like shape in orbit.,Its payload bay opens along the upper back to deploy satellites or scientific equipment.,"After atmospheric reentry, the unpowered craft lands on a runway using retractable wheels.",The blunt black nose and tiled belly protect the crewed vehicle from extreme reentry heat.,user_supplemented,Not provided by the authors; supplemented from the public prompt in paper Appendix E.2
813,spatula,"A flat broad kitchen implement with a handle, used to lift, flip, spread, or scrape food.",The working end may be a thin solid blade or a slotted metal rectangle beneath a long grip.,"A cook slides the flexible edge beneath pancakes, eggs, or burgers on a hot pan.",Silicone versions have rounded corners and bend to clean batter from the sides of a bowl.,The handle keeps the hand away from heat while the shallow blade supports food from below.,Slots across the wide head allow grease to drain as cooked items are turned.,user_supplemented,Not provided by the authors; supplemented from the public prompt in paper Appendix E.2
814,motorboat,A small powered watercraft with an exposed engine or enclosed motor driving a propeller.,Its pointed hull moves rapidly across a lake while leaving a foamy V-shaped wake.,A steering wheel and windshield face rows of seats inside an open recreational cockpit.,Outboard versions carry a visible engine unit clamped to the flat rear transom.,The low fiberglass vessel lacks sails and relies entirely on mechanical propulsion.,Passengers sit beneath a canopy or in an open bow as the craft speeds over calm water.,user_supplemented,Not provided by the authors; supplemented from the public prompt in paper Appendix E.2
815,spider web,A structure made by spiders from silk to capture prey or build shelters.,It is a complex network of threads spun with remarkable precision and strength.,"Commonly found in corners of rooms, trees, or natural environments.",Used by spiders to trap insects and other small animals as food sources.,"Each web is unique in its design and structure, depending on the spider species.",The silk used to create webs is produced by specialized glands in the spider's abdomen.,author_provided,Provided by the authors
816,spindle,"A slender rod or shaft around which thread, yarn, or material is wound during spinning.",Traditional hand versions taper to points and often carry a weighted disc near one end.,A spinning wheel rotates this central shaft while newly twisted fiber collects along its length.,"In machinery, the narrow axle holds a rotating workpiece or reel between supports.",The object may resemble a turned wooden pin with a bulging middle and pointed ends.,Loose wool becomes continuous yarn as it twists and winds around the rotating shaft.,user_supplemented,Not provided by the authors; supplemented from the public prompt in paper Appendix E.2
817,sports car,"A low high-performance automobile with aerodynamic curves, large alloy wheels, and a powerful engine.",Its two-seat cabin sits close to the road beneath a sharply sloped windshield.,"Wide tires, large air intakes, and a sculpted rear spoiler emphasize speed and cornering.",The long hood or mid-engine proportions create a dramatic wedge-shaped silhouette.,Bright paint and a streamlined body surround a compact cockpit with minimal ground clearance.,"The fast road vehicle often has two doors, flared wheel arches, and prominent exhaust outlets.",user_supplemented,Not provided by the authors; supplemented from the public prompt in paper Appendix E.2
818,spotlight,A powerful directional lamp that projects a concentrated bright beam onto a performer or target.,A large circular lens sits inside a black housing mounted on a swiveling stand.,The focused cone of light creates a crisp illuminated circle against a dark background.,Theater technicians aim the fixture from above while adjustable shutters control the beam shape.,Search versions rotate across rooftops or vehicles and sweep a narrow ray through the night sky.,A deep reflector behind the bulb sends intense light in one controlled direction.,user_supplemented,Not provided by the authors; supplemented from the public prompt in paper Appendix E.2
819,stage,"A raised platform where performers, speakers, or musicians appear before an audience.",Curtains frame an open performance area beneath overhead lighting and suspended scenery.,Footlights line the front edge above rows of seats in an auditorium.,Wooden floorboards extend behind a proscenium arch into wings hidden at either side.,Actors stand on the elevated area while scenery and backdrops create the setting behind them.,"The platform may contain instruments, lecterns, or theatrical props facing spectators.",user_supplemented,Not provided by the authors; supplemented from the public prompt in paper Appendix E.2
820,steam locomotive,"A historic rail engine with a tall smokestack, cylindrical boiler, and large driving wheels.",White vapor billows from the chimney as connecting rods move along the wheels.,A coal tender follows the cab and supplies fuel and water to the firebox.,The black iron machine pulls carriages along tracks using pressurized vapor from a heated boiler.,A round front plate and cowcatcher lead a long horizontal boiler beneath domes and pipes.,Pistons drive external rods in a rhythmic motion while clouds trail behind the moving train.,user_supplemented,Not provided by the authors; supplemented from the public prompt in paper Appendix E.2
821,through arch bridge,A bridge design featuring a curved arch with supports passing through the arch’s span.,These bridges are designed to bear heavy loads by transferring stress to vertical supports.,"Common in historical bridge construction, they provide strong support over rivers or deep valleys.",The distinctive arch shape provides both structural integrity and aesthetic appeal in bridge designs.,"Through arch bridges are often found in older infrastructure, especially in mountainous regions.","Scientific name: N/A, a classic engineering design seen in many iconic bridges worldwide.",author_provided,Provided by the authors
822,steel drum,A circular tuned percussion instrument made from the concave bottom of an industrial metal barrel.,Hammered note areas form petal-like shapes across the shiny painted playing surface.,The musician strikes different sections with short rubber-tipped sticks to produce distinct pitches.,A skirted bowl of polished steel rests on a stand at waist height.,Several instruments of different sizes combine to play Caribbean melodies and chords.,"The chromed or brightly colored pan has no membrane, strings, or wooden bars.",user_supplemented,Not provided by the authors; supplemented from the public prompt in paper Appendix E.2
823,stethoscope,A medical listening instrument with two earpieces connected by flexible tubing to a round chest piece.,A clinician places the flat metal diaphragm against a patient's torso while listening through a binaural headset.,The Y-shaped rubber tube splits near the top into two curved silver ear tubes.,The small circular sensor may have both a flat membrane and a bell-shaped reverse side.,It commonly hangs around a doctor's neck above a white coat.,Heartbeats and breathing sounds travel acoustically from the chest contact disc to the ears.,user_supplemented,Not provided by the authors; supplemented from the public prompt in paper Appendix E.2
824,scarf,"A long narrow piece of fabric wrapped around the neck for warmth, fashion, or team support.",The woven strip may have fringed ends hanging down the chest over a coat.,Woolen versions loop several times around the throat beneath winter outerwear.,Silk versions drape lightly and display colorful prints or decorative knots.,Fans hold striped versions overhead at sporting events or wear them in club colors.,Its elongated flexible shape distinguishes this neck accessory from a collar or shawl.,user_supplemented,Not provided by the authors; supplemented from the public prompt in paper Appendix E.2
825,stone wall,A boundary constructed from stacked rocks fitted together in horizontal courses.,Rough irregular blocks create a thick textured barrier across a field or around a building.,Dry-built versions rely on careful placement without visible cement between the stones.,Moss and lichen grow across the weathered gray surface and fill small crevices.,A capped top row may protect mortared masonry beneath while the wall follows uneven terrain.,The heavy mineral structure often separates rural pastures and remains standing for generations.,user_supplemented,Not provided by the authors; supplemented from the public prompt in paper Appendix E.2
826,stopwatch,"A handheld timepiece with large start, stop, and reset buttons for measuring short intervals.","Its digital display shows minutes, seconds, and fractions beneath a loop for a neck cord.","Traditional versions have a round metal case, top-mounted crown, and sweeping second hand.",A coach grips the small device while timing runners at a finish line.,The compact timer begins and freezes elapsed time instantly when separate controls are pressed.,"Unlike an ordinary watch, its face emphasizes precise interval measurement rather than time of day.",user_supplemented,Not provided by the authors; supplemented from the public prompt in paper Appendix E.2
827,stove,A kitchen appliance with burners or heating zones on top and controls along the front or back.,"Pots and pans sit over gas flames, glowing electric rings, or a smooth ceramic surface.",Freestanding versions combine the cooktop with a heated baking chamber below.,Metal grates support cookware above circular burners beneath a vent hood.,Knobs regulate heat while an oven door with a glass window occupies the lower half.,The large appliance stands between cabinets and serves as the main indoor source for cooking meals.,user_supplemented,Not provided by the authors; supplemented from the public prompt in paper Appendix E.2
828,strainer,A perforated kitchen vessel that lets liquid drain while retaining solid food.,Numerous small holes cover a metal or plastic bowl fitted with a rim or long handle.,"Cooked pasta, washed vegetables, or tea leaves remain inside as water passes through the openings.",Bowl-shaped versions have two side grips and short feet for resting in a sink.,Handheld versions resemble fine mesh baskets used to sift or separate particles.,The open lattice or pierced surface distinguishes this draining utensil from a solid mixing vessel.,user_supplemented,Not provided by the authors; supplemented from the public prompt in paper Appendix E.2
829,tram,An urban rail vehicle that runs along tracks embedded directly in city streets.,The long passenger car draws power from overhead wires using a pole or pantograph.,Large windows and several side doors serve closely spaced stops along a fixed route.,Steel rails pass through road traffic while the electrically powered vehicle rings a warning bell.,One or more articulated sections form a narrow low-floor carriage for commuters.,"Unlike a bus, this street vehicle is guided by rails and cannot steer around obstacles.",user_supplemented,Not provided by the authors; supplemented from the public prompt in paper Appendix E.2
830,stretcher,A portable medical litter formed from a long fabric bed stretched between two parallel poles.,Rescuers carry an injured person using handles extending beyond the head and foot.,Hospital versions roll on a wheeled folding frame with side rails and an adjustable backrest.,Straps secure the reclining patient while emergency personnel lift or push the narrow platform.,The lightweight rectangular support may fold lengthwise for storage inside an ambulance.,A white sheet and pillow often cover the elevated mobile bed as it moves through corridors.,user_supplemented,Not provided by the authors; supplemented from the public prompt in paper Appendix E.2
831,couch,A long upholstered seat with a backrest and space for several people.,Padded cushions cover a broad frame beneath two side arms in a living room.,Fabric or leather upholstery surrounds removable seat and back cushions.,The furniture may face a television or coffee table and sometimes converts into a bed.,Short wooden or metal legs support the deep comfortable seating surface.,Its width and multiple cushions distinguish it from a single-person armchair.,user_supplemented,Not provided by the authors; supplemented from the public prompt in paper Appendix E.2
832,stupa,"A domed Buddhist monument built over sacred relics, often topped by a square railing and layered spire.",The white hemispherical mound rises from a circular or square base approached by ritual paths.,A tall central mast supports stacked umbrella-like discs above the solid rounded body.,Worshippers walk clockwise around the structure rather than entering an interior hall.,"Painted eyes, gilded finials, or ornate gateways may decorate the ancient religious monument.","The architectural form combines a broad dome, elevated platform, and tapering vertical crown.",user_supplemented,Not provided by the authors; supplemented from the public prompt in paper Appendix E.2
833,submarine,A long enclosed naval vessel designed to travel beneath the ocean surface.,"Its streamlined cylindrical hull carries a conning tower, periscopes, and control fins.",The dark craft may surface with only the upper hull and sail visible above waves.,Propellers at the stern drive the vessel while ballast tanks control depth.,Military versions have torpedo tubes and sometimes a rounded missile compartment along the back.,Crew members operate inside the pressure-resistant body for extended underwater voyages.,user_supplemented,Not provided by the authors; supplemented from the public prompt in paper Appendix E.2
834,suit,A coordinated formal outfit consisting of a tailored jacket and matching trousers or skirt.,"The structured upper garment has lapels, buttons, and pockets worn over a shirt or blouse.",Wool or blended fabric forms clean pressed lines appropriate for business and ceremonial settings.,"A necktie, dress shoes, or pocket square may complete the matching ensemble.",The fitted jacket and lower garment share the same color and material.,"Dark navy, charcoal, and black versions create a polished professional appearance.",user_supplemented,Not provided by the authors; supplemented from the public prompt in paper Appendix E.2
835,sundial,An outdoor timekeeping instrument that uses the shadow of a fixed pointer across a marked plate.,A triangular metal projection rises from a circular face engraved with hour lines.,"As sunlight moves across the sky, the narrow shadow rotates to indicate local solar time.",The decorative device may stand on a garden pedestal or lie horizontally on stone.,Roman numerals surround the dial beneath a precisely angled central blade.,It has no moving gears or electrical display and works only under direct daylight.,user_supplemented,Not provided by the authors; supplemented from the public prompt in paper Appendix E.2
836,sunglasses,Darkened eyewear with tinted lenses that protects the eyes from bright sunlight.,Two shaded lenses sit inside a frame supported by side arms over the ears.,"The lenses may be black, brown, mirrored, or gradient and often hide the wearer's eyes.",A bridge rests across the nose while broad temples extend backward from the outer corners.,Aviator styles use teardrop-shaped lenses and thin metal rims beneath a double bridge.,The accessory is commonly worn outdoors to reduce glare and ultraviolet exposure.,user_supplemented,Not provided by the authors; supplemented from the public prompt in paper Appendix E.2
837,sunglasses,Fashionable protective eyewear with colored or reflective lenses set in a prominent frame.,Wraparound versions curve across the face to block light from the sides during sports.,Oversized round or square lenses cover the eye area beneath thick plastic rims.,Mirrored coatings reflect the surrounding landscape instead of revealing the wearer's gaze.,The folded accessory has two hinged temples resting against a pair of dark lenses.,It sits above the cheeks in sunny conditions and may be stored in a rigid lined case.,user_supplemented,Not provided by the authors; supplemented from the public prompt in paper Appendix E.2
838,sunscreen,"A lotion, cream, gel, or spray applied to exposed skin before spending time in sunlight.",The bottle displays a prominent protection-factor number and ultraviolet-blocking claims.,"White liquid is rubbed across shoulders, faces, and arms at beaches or pools.","Packaging often uses bright yellow, orange, or blue colors with a sun symbol on the label.","Spray versions release a fine mist from an aerosol can, while cream versions squeeze through a flip cap.",The topical product helps prevent burning and is reapplied after swimming or sweating.,user_supplemented,Not provided by the authors; supplemented from the public prompt in paper Appendix E.2
839,suspension bridge,A bridge whose roadway hangs from vertical cables attached to two sweeping main cables.,Tall towers rise above the deck while massive curved cables descend toward anchorages on both shores.,Numerous thin suspenders create a repeated vertical pattern between the roadway and upper cable.,"The structure spans a wide river, bay, or strait with a long unobstructed central opening.",Vehicles cross far below the tower tops as the flexible deck appears to float over water.,Large stone or concrete anchors secure the draped load-bearing cables at each end.,user_supplemented,Not provided by the authors; supplemented from the public prompt in paper Appendix E.2
840,mop,"A floor-cleaning implement with a long handle ending in absorbent strings, cloth strips, or a sponge head.",The wet fibers spread across tile while the user pushes and pulls the pole.,A bucket with a wringer often accompanies the cleaning tool to remove dirty water.,Cotton strands hang in a thick bundle from a plastic or metal collar at the handle's base.,Flat versions clamp a rectangular washable pad beneath a swiveling joint.,The household implement washes hard floors by absorbing spills and spreading cleaning solution.,user_supplemented,Not provided by the authors; supplemented from the public prompt in paper Appendix E.2
841,sweatshirt,A casual long-sleeved pullover is made from thick soft knitted cotton with a fleecy interior.,Ribbed cuffs and waistband gather the loose fabric around wrists and hips.,A crewneck collar or attached hood tops the relaxed athletic garment.,It is commonly worn for exercise cool weather or lounging and may display a large printed logo.,The body has no front buttons and is pulled directly over the head.,Its warm jersey construction is heavier than a T-shirt but less structured than a jacket.,user_supplemented,Not provided by the authors; supplemented from the public prompt in paper Appendix E.2
842,swim trunks / shorts,Loose quick-drying bottoms reach from the waist to mid-thigh or knee for swimming.,An elastic drawstring waistband secures the lightweight garment in water.,Bright tropical prints solid colors or side stripes decorate the fabric.,A mesh lining may be visible inside beneath pockets and a fast-drying outer shell.,The relaxed leg openings distinguish them from close-fitting briefs used by competitive swimmers.,Beachgoers wear these short aquatic bottoms with bare legs and torso.,user_supplemented,Not provided by the authors; supplemented from the public prompt in paper Appendix E.2
843,swing,A suspended seat hangs by two ropes or chains from an overhead frame or tree branch.,A rider moves back and forth through the air by pumping the legs.,Playground versions use a flexible rubber seat attached to a tall metal crossbar.,The empty seat arcs beneath its support while the paired chains remain taut.,A wooden plank tied at both ends forms a simple version beneath a sturdy limb.,This familiar play apparatus creates a pendulum motion above sand grass or safety surfacing.,user_supplemented,Not provided by the authors; supplemented from the public prompt in paper Appendix E.2
844,electrical switch,A small control opens or closes an electrical circuit when flipped pressed or rocked.,The wall-mounted version has a projecting lever centered in a rectangular cover plate.,Moving the control changes a light or appliance between powered and unpowered states.,Wires connect to terminals hidden behind the plastic or metal face.,Toggle rocker push-button and rotary forms all serve the same binary control function.,Several controls may line up side by side near a doorway beneath visible ON and OFF markings.,user_supplemented,Not provided by the authors; supplemented from the public prompt in paper Appendix E.2
845,syringe,A clear graduated barrel ends in a narrow needle and is operated by a sliding plunger.,Measurement marks along the cylinder indicate the volume of liquid drawn inside.,Finger flanges flank the rear while a thumb presses the central rod forward.,A removable cap protects the sharp hollow metal point before medical use.,The device injects medication or withdraws fluid through a very small puncture.,Disposable versions arrive sterile in sealed wrappers with plastic barrels and black rubber piston tips.,user_supplemented,Not provided by the authors; supplemented from the public prompt in paper Appendix E.2
846,table lamp,A compact light fixture stands on a desk or side table beneath a decorative shade.,A bulb and socket rise from a weighted base through a short stem.,The shade directs illumination downward while softening glare around a room.,A cord trails to an outlet and an inline knob or pull chain controls power.,Ceramic metal glass or wooden bases may complement conical cylindrical or pleated shades.,Unlike a ceiling fixture this portable source of light occupies a horizontal furniture surface.,user_supplemented,Not provided by the authors; supplemented from the public prompt in paper Appendix E.2
847,tank,A heavily armored combat vehicle equipped with a large gun for battlefield use.,"Designed for mobility and firepower, used in military operations to break through defenses.","Typically tracked, allowing for movement across rough terrain and obstacles.",Can be used for both offensive and defensive purposes in combat situations.,Weighs several tons and is operated by a crew to control various functions.,An iconic symbol of modern warfare and military might.,author_provided,Provided by the authors
848,tape player,A portable or home audio device plays recordings from magnetic cassettes inserted into a hinged compartment.,Buttons marked play stop rewind fast-forward and record line up beside the loading door.,A clear window reveals two spinning reels inside the rectangular cartridge.,Speakers may be built into a boxy radio-cassette unit with a carrying handle.,Headphone-sized versions clip to clothing and drive earphones from a small battery-powered body.,The mechanism pulls a thin magnetic ribbon across a playback head to reproduce stored sound.,user_supplemented,Not provided by the authors; supplemented from the public prompt in paper Appendix E.2
849,teapot,A lidded vessel with a curved spout and handle is used to steep and pour hot tea.,Its rounded ceramic or metal body holds liquid beneath a fitted top with a small knob.,The spout narrows outward on one side while a looped grip balances it on the other.,Decorative floral patterns often cover porcelain examples arranged with matching cups.,A small opening near the lid lets steam escape as the infusion rests.,Tilting the vessel sends a controlled stream from its projecting nozzle into a cup.,user_supplemented,Not provided by the authors; supplemented from the public prompt in paper Appendix E.2
850,teddy bear,A soft stuffed toy is shaped like a seated bear with round ears and outstretched paws.,Plush brown tan white or colorful fur covers a padded body made for hugging.,A stitched triangular nose sits above a small smiling mouth between beadlike eyes.,Its oversized head and rounded limbs create a friendly childlike animal figure.,A bow ribbon sweater or heart may decorate the neck or chest.,The familiar cuddly companion often rests in nurseries gift shops or a child's bed.,user_supplemented,Not provided by the authors; supplemented from the public prompt in paper Appendix E.2
851,television,An electronic device used for displaying moving images and sound for entertainment or information.,"Televisions are typically used to watch broadcasts, films, or streaming media on large screens.","They come in various sizes and technologies, from traditional CRTs to modern smart LED screens.",Televisions are often connected to external devices like cable boxes or gaming consoles for media access.,They revolutionized home entertainment and have evolved with the development of digital and smart technology.,"Scientific name: N/A, a widely used device for viewing visual and audio content in homes.",author_provided,Provided by the authors
852,tennis ball,A bright yellow-green felt-covered sphere is used in a racket sport played across a net.,A curved white seam loops around the fuzzy outer surface in two mirrored arcs.,The hollow rubber core compresses and rebounds rapidly from court and strings.,New examples have vivid fluorescent color while worn ones become dull and frayed.,Several identical balls may be stored in a clear pressurized cylindrical can.,Its palm-sized fuzzy appearance is distinctive on hard clay or grass courts.,user_supplemented,Not provided by the authors; supplemented from the public prompt in paper Appendix E.2
853,thatched roof,A building covering is made from thick bundles of dried straw reeds or palm leaves.,Overlapping plant material forms a shaggy golden-brown layer across steep sloping rafters.,The ridge is densely packed and tied to shed rain away from a rustic cottage.,Uneven fibrous edges hang above walls and windows rather than ending in rigid shingles.,Traditional rural homes and tropical huts use this natural insulating cover.,Its deep textured surface resembles carefully combed hay laid across the entire top of a house.,user_supplemented,Not provided by the authors; supplemented from the public prompt in paper Appendix E.2
854,front curtain,Heavy drapery hangs across the front opening of a theater stage and parts for a performance.,Rich red fabric falls in deep vertical folds from a track above the proscenium.,Gold fringe tassels and ropes may decorate the lower edge and gathered sides.,The two broad panels meet at center to conceal scenery and performers behind them.,Opening machinery draws the cloth sideways or lifts it upward before the audience.,This dramatic textile barrier frames the stage between an ornate arch and footlights.,user_supplemented,Not provided by the authors; supplemented from the public prompt in paper Appendix E.2
855,thimble,A small protective cap worn on the finger to prevent pricking while sewing or stitching.,"Made of metal, plastic, or rubber, often with a textured surface for grip.",Commonly used by seamstresses and crafters to push needles through fabric.,Protects the finger from injuries during repetitive sewing tasks.,Comes in various sizes to fit different fingers for comfortable use.,A simple yet effective tool for ensuring safety and precision in hand-sewing.,author_provided,Provided by the authors
856,threshing machine,A large agricultural machine used to separate grains from stalks or husks after harvest.,Operates by beating the crops to release the grains from the plant material.,Often towed by a tractor and used in fields for efficient grain processing.,"An important tool in modern farming, greatly improving harvesting efficiency.","Can handle large volumes of crops quickly, saving time and labor.","An essential part of grain farming, especially in commercial agricultural operations.",author_provided,Provided by the authors
857,throne,An elaborate ceremonial chair has a high back broad armrests and an elevated platform.,Gold carving velvet upholstery jewels or heraldic symbols emphasize the seat's royal status.,Steps lead up to the imposing chair beneath a canopy in a grand hall.,Lions crowns and ornate scrollwork may decorate its massive rigid frame.,The ruler sits centrally with arms supported and feet above the surrounding floor.,Its monumental scale and lavish decoration distinguish it from ordinary household seating.,user_supplemented,Not provided by the authors; supplemented from the public prompt in paper Appendix E.2
858,tile roof,Overlapping rows of hard clay or concrete pieces cover the sloping top of a building.,Curved red terracotta units form repeating channels from the ridge down to the eaves.,Flat slate-like pieces may instead create a dense geometric pattern across the surface.,Each waterproof piece overlaps the one below so rain drains without entering the structure.,Ridge caps bridge the peak while gutters collect water along the lower edge.,The repeated reddish or gray masonry pattern is common on Mediterranean and residential houses.,user_supplemented,Not provided by the authors; supplemented from the public prompt in paper Appendix E.2
859,toaster,A small countertop appliance browns sliced bread inside narrow slots using electric heating elements.,A spring-loaded lever lowers the slices and raises them automatically when cooking ends.,Numbered controls set darkness while a crumb tray slides from the base for cleaning.,Two- and four-slot versions have a rectangular metal or plastic housing.,Glowing wires heat both sides of each vertically held slice.,The breakfast appliance often ejects crisp browned bread with a sudden upward pop.,user_supplemented,Not provided by the authors; supplemented from the public prompt in paper Appendix E.2
860,tobacco shop,A retail storefront sells cigars cigarettes pipes and related smoking accessories.,Glass display cases hold boxed cigars lighters and rows of small packaged products.,Wooden humidors and shelves line an interior often decorated with vintage signs.,A counter attendant stands beneath brand advertisements and age-restriction notices.,Bundles and cartons appear behind the register rather than ordinary groceries.,The specialized shop may use a cigar-shaped sign or old-fashioned carved figure near its entrance.,user_supplemented,Not provided by the authors; supplemented from the public prompt in paper Appendix E.2
861,toilet seat,A hinged oval ring rests on top of a porcelain bathroom bowl.,The smooth plastic or wooden surface supports a seated user around a large central opening.,A matching lid pivots from the same rear hinges to cover the fixture when not in use.,Rubber bumpers underneath prevent the ring from striking the ceramic rim directly.,White is most common although decorative colors and padded versions also exist.,The contoured removable component lifts upward while the water-containing fixture remains fixed below.,user_supplemented,Not provided by the authors; supplemented from the public prompt in paper Appendix E.2
862,torch,A handheld wooden shaft carries burning cloth or fuel at one end to provide light.,Bright flames and smoke rise above the wrapped head while a person grips the unburned lower handle.,Ancient processions and nighttime scenes show several of these portable fire sources held upright.,The flaming top casts an orange glow without an electric bulb or enclosed lantern.,Pitch-soaked material around the tip sustains combustion in outdoor conditions.,Its simple silhouette combines a long stick with an exposed blaze at the upper end.,user_supplemented,Not provided by the authors; supplemented from the public prompt in paper Appendix E.2
863,totem pole,A tall carved wooden post stacks stylized animal human and spirit faces vertically.,Painted wings beaks eyes and mouths project boldly from a single upright cedar trunk.,Each figure sits directly above another in a colorful monumental column.,Indigenous peoples of the Pacific Northwest erect these sculptures near houses and ceremonial sites.,The lowest carving may have a wide open mouth while an eagle or thunderbird crowns the top.,Its narrative sequence of brightly painted ancestral emblems rises far above viewers.,user_supplemented,Not provided by the authors; supplemented from the public prompt in paper Appendix E.2
864,tow truck,A heavy service vehicle has a rear boom cable or lifting platform for recovering disabled cars.,Warning lights flash above the cab while hooks chains and winches occupy the back.,A tilted flatbed may slide to ground level so another vehicle can be pulled aboard.,Wheel-lift versions cradle the front or rear tires of a car behind the truck.,The rugged chassis carries tool compartments and reflective stripes for roadside work.,It is often pictured hauling a damaged automobile with one axle raised from the pavement.,user_supplemented,Not provided by the authors; supplemented from the public prompt in paper Appendix E.2
865,toy store,A colorful retail shop displays dolls games puzzles vehicles and stuffed animals for children.,Shelves and bins overflow with bright boxes beneath playful signs and character decorations.,Large plush figures may stand near the entrance while model sets fill organized aisles.,Parents and children browse products intended for play rather than household necessity.,Window displays feature animated figures trains or seasonal gifts under vivid lighting.,The cheerful interior resembles a dense collection of childhood entertainment arranged for sale.,user_supplemented,Not provided by the authors; supplemented from the public prompt in paper Appendix E.2
866,tractor,A powerful farm vehicle has enormous deeply treaded rear tires and smaller wheels at the front.,Its engine hood extends ahead of an open or enclosed driver's cab.,A rear hitch connects to plows mowers trailers and other agricultural implements.,Bright green red blue or orange paint covers the heavy machine used across fields.,An exhaust stack rises beside the hood while steps lead up to the high seat.,Slow speed strong traction and exposed rugged components distinguish it from ordinary road vehicles.,user_supplemented,Not provided by the authors; supplemented from the public prompt in paper Appendix E.2
867,semi-trailer truck,A massive road vehicle couples a powered cab to a long detachable cargo trailer.,Multiple axles and large wheels support a rectangular box extending far behind the driver.,The articulated joint lets the front unit pivot independently from the hauled load.,A tall sleeper cab may carry vertical exhaust stacks and aerodynamic fairings.,Side mirrors project widely around the windshield above a large radiator opening.,This long-haul vehicle dominates highways with eighteen wheels and substantial cargo capacity.,user_supplemented,Not provided by the authors; supplemented from the public prompt in paper Appendix E.2
868,tray,A shallow flat platform with a raised rim carries food drinks dishes or small objects.,Handles may project from both ends so the loaded surface can be lifted steadily.,Metal plastic wood or decorated ceramic forms a rectangular oval or circular serving piece.,Cups and plates rest together on its broad level center during transport.,Cafeteria versions slide along counters while household versions present breakfast or tea.,The low edge prevents items from slipping without enclosing them inside a deep container.,user_supplemented,Not provided by the authors; supplemented from the public prompt in paper Appendix E.2
869,trench coat,A long belted outer coat has a double-breasted front wide lapels and storm flaps.,Water-resistant beige or khaki fabric reaches roughly from shoulders to knees.,Shoulder epaulets buckled cuff straps and a rear vent add military-inspired details.,The waist belt ties or buckles over two rows of buttons to shape the silhouette.,A broad collar can turn up against wind and rain above deep side pockets.,This classic garment combines formal tailoring with weather protection and detective-film associations.,user_supplemented,Not provided by the authors; supplemented from the public prompt in paper Appendix E.2
870,tricycle,A small three-wheeled cycle has one front steering wheel and two rear wheels for stability.,A child sits on a low seat and pedals directly at the front wheel.,Handlebars rise above a simple metal frame while a small rear step may support a passenger.,Bright red or primary-colored versions often include a bell basket or streamers.,Its stable triangular wheel arrangement helps young riders before they learn to balance on two wheels.,The compact pedal-powered toy is commonly used on sidewalks playgrounds and driveways.,user_supplemented,Not provided by the authors; supplemented from the public prompt in paper Appendix E.2
871,trimaran,A sailing vessel has one long central hull flanked by two smaller parallel outriggers.,Three narrow hulls connect through broad crossbeams beneath a wide deck.,A tall mast and triangular sails propel the lightweight craft at high speed.,The outer floats stabilize the boat while the main cabin or cockpit occupies the middle.,Viewed head-on the watercraft has three separate points cutting through the water.,Its exceptionally wide multihull stance distinguishes it from single-hulled boats and two-hulled catamarans.,user_supplemented,Not provided by the authors; supplemented from the public prompt in paper Appendix E.2
872,tripod,A three-legged stand supports a camera telescope instrument or other device above the ground.,Its hinged legs spread outward from a central head to form a stable triangular footprint.,Telescoping sections and clamps adjust height while a mounting screw secures equipment on top.,Photographers use a pan-and-tilt or ball head to aim a camera without hand shake.,When folded the three narrow legs collapse together into a portable bundle.,The evenly spaced supports remain steady on uneven surfaces where a four-legged base might wobble.,user_supplemented,Not provided by the authors; supplemented from the public prompt in paper Appendix E.2
873,triumphal arch,A monumental freestanding gateway has one or more arched passages beneath a heavily decorated upper structure.,Reliefs inscriptions columns and statues commemorate a military victory or ruler.,A broad central opening may be flanked by two smaller arches for pedestrians.,The stone landmark stands across a ceremonial avenue rather than forming part of a continuous wall.,Classical pilasters and a large attic block rise above the curved opening.,Processions pass beneath this imposing commemorative portal in historic city centers.,user_supplemented,Not provided by the authors; supplemented from the public prompt in paper Appendix E.2
874,trolleybus,A city transit vehicle resembles a bus but draws electric power from two overhead wires.,Twin spring-loaded poles extend from the roof to contact parallel cables above the street.,It runs on rubber tires and follows ordinary roads without rails.,Passenger doors windows and route displays line a long urban body beneath the electrical collectors.,The paired roof poles pivot as the vehicle turns while remaining connected to the wire network.,This quiet public transport combines the exterior of a bus with the overhead power system of a tram.,user_supplemented,Not provided by the authors; supplemented from the public prompt in paper Appendix E.2
875,trombone,A brass wind instrument has a long cylindrical tube and a movable U-shaped slide.,The player extends and retracts the outer tubes to change pitch while blowing into a cup mouthpiece.,A large flared bell points forward over the musician's shoulder.,Its polished golden body folds into parallel lengths joined by curved braces.,The right hand grips the long sliding section while the left supports the bell assembly.,Unlike valved brass instruments this one visibly changes length during performance.,user_supplemented,Not provided by the authors; supplemented from the public prompt in paper Appendix E.2
876,hot tub,A large nand heated water container designed for relaxation often equipped with jets for soothing massages.,"""A spacious and warm water basin where people can soak together typically found outdoors or indoors.""","""A relaxing and heated water feature with powerful jets are offering comfort and stress relief for multiple people.""","""A private or communal basin filled with warm water designed for therapeutic purposes and relaxation.""","""A heated pool-like structure with jets for massaging muscles is often used for leisure and relaxation.""","""A soothing and warm water vessel with massaging functions ideal for unwinding after a long day.""",author_provided,Provided by the authors
877,turnstile,A waist-high barrier rotates one person at a time through a controlled entrance.,Three or four horizontal arms project from a central vertical post like a revolving cross.,Pushing one bar advances the mechanism while the next blocks anyone following too closely.,Subway stations stadiums and secured buildings place these gates beside ticket readers.,Full-height versions form a rotating cage of metal bars from floor to ceiling.,The mechanical checkpoint counts or restricts passage without requiring a swinging door.,user_supplemented,Not provided by the authors; supplemented from the public prompt in paper Appendix E.2
878,typewriter keyboard,Rows of raised letter number and symbol keys occupy the front of a mechanical writing machine.,Round or square keytops connect through levers to metal type arms that strike an inked ribbon.,The familiar QWERTY arrangement sits below a paper carriage rather than a computer screen.,A long space bar spans the bottom beneath shift return and backspace controls.,Older examples have circular black keys rimmed in chrome with white characters.,Pressing a key physically propels a corresponding metal character toward paper wrapped around a roller.,user_supplemented,Not provided by the authors; supplemented from the public prompt in paper Appendix E.2
879,umbrella,"A portable device used for protection from rain or sunlight, with a collapsible frame.",Typically consists of a fabric canopy supported by metal or plastic ribs and a handle.,Used to shield the user from precipitation or to block UV rays during sunny days.,"Can be compact, folding for easy storage in bags or backpacks.","Available in various sizes and styles, from small handheld to large sunshades.","A common accessory in many parts of the world, especially during rainy seasons.",author_provided,Provided by the authors
880,unicycle,"A single-wheeled vehicle powered by pedaling, often used for performing stunts or as transport.","Requires balance and coordination to ride, with no handlebars for stability.",Popular in circus performances and as a hobby for skilled riders.,"Typically features a large, heavy wheel with pedals attached to a central hub.",Riding requires a high degree of skill and practice to master.,Notable for its uniqueness and difficulty compared to traditional bicycles.,author_provided,Provided by the authors
881,upright piano,"A type of piano with vertical strings and a compact design, suited for smaller spaces.",Has a similar function to grand pianos but in a more space-efficient structure.,"Commonly used in homes, schools, and music studios for practice and performance.","Typically has a wooden frame, with 88 keys and a hammer action mechanism.","Produces a full range of tones, from low bass to high treble.",A popular instrument for learning and playing classical and contemporary music.,author_provided,Provided by the authors
882,vacuum cleaner,An electric device used to clean floors and carpets by suctioning dirt and debris.,"Usually includes a rotating brush, filters, and a collection bag or bin.","Commonly used in homes, offices, and industrial settings for cleaning purposes.","Can be upright, canister, or handheld, depending on the model and usage.",Works by creating a powerful suction to remove dirt from various surfaces.,A key appliance for maintaining cleanliness and hygiene in indoor spaces.,author_provided,Provided by the authors
883,vase,A decorative hollow vessel has an open neck and is used to display cut flowers.,Its body may be bulbous cylindrical or gracefully tapered above a stable base.,Ceramic glass porcelain or metal surfaces often carry painted patterns glaze or carving.,Stems rise from the narrow mouth while water is held inside the container.,Ancient examples have handles and ornate imagery whereas modern ones may be smooth and minimalist.,The freestanding ornamental receptacle commonly occupies a table shelf or mantel.,user_supplemented,Not provided by the authors; supplemented from the public prompt in paper Appendix E.2
884,vaulted or arched ceiling,An interior roof surface curves overhead in an arch rather than lying flat.,Stone ribs may cross high above a nave and meet at decorated central bosses.,Barrel forms resemble a continuous half-cylinder while groin forms intersect in sweeping curves.,Cathedrals halls and tunnels use this elevated structure to span broad spaces.,Painted coffers mosaics or exposed masonry follow the concave surface above viewers.,Its soaring curved geometry directs weight toward columns or walls along both sides.,user_supplemented,Not provided by the authors; supplemented from the public prompt in paper Appendix E.2
885,velvet fabric,A luxurious woven textile has a dense short pile that looks darker or lighter when brushed in different directions.,Its soft plush surface catches light with a rich subtle sheen.,Crushed versions display irregular highlights and shadows across folds of the material.,Deep jewel tones such as burgundy emerald and navy emphasize the opulent texture.,The cloth is used for formal clothing curtains cushions and upholstered furniture.,Running a hand over the nap leaves visible directional marks on the smooth fuzzy surface.,user_supplemented,Not provided by the authors; supplemented from the public prompt in paper Appendix E.2
886,vending machine,A self-service cabinet dispenses snacks drinks or other goods after payment.,Rows of products sit behind a glass front with letter-number selection codes.,A keypad coin slot bill acceptor and card reader occupy the control panel beside the display.,Spiral coils rotate to drop a chosen package into a retrieval compartment below.,Beverage versions show illuminated brand graphics and release cans or bottles from internal racks.,The tall automated retail unit stands in hallways stations and break rooms without an attendant.,user_supplemented,Not provided by the authors; supplemented from the public prompt in paper Appendix E.2
887,vestment,An ornate ceremonial robe is worn by clergy during religious services.,Rich fabric hangs in long flowing panels decorated with crosses gold embroidery or symbolic colors.,Different forms include a wide sleeveless outer garment draped over a white under-robe.,A stole-like band may fall from the shoulders down the front of the body.,The formal clothing changes color with the liturgical season and is seen near an altar.,Its elaborate sacred ornamentation distinguishes it from ordinary secular robes.,user_supplemented,Not provided by the authors; supplemented from the public prompt in paper Appendix E.2
888,viaduct,A bridge-like structure designed to carry a road or railway over a valley or river.,"Typically elevated, viaducts are supported by arches, pillars, or other structural supports.","These structures help bypass natural obstacles, allowing for uninterrupted travel across landscapes.",Viaducts are often large-scale engineering projects used in transport infrastructure.,They are commonly seen in mountainous or hilly areas where traditional roads are impractical.,"Scientific name: N/A, used in transport and civil engineering for long-distance travel routes.",author_provided,Provided by the authors
889,violin,A small bowed string instrument has a hollow wooden body narrow waist and four strings.,A long black fingerboard extends from the curved body to a scroll with tuning pegs.,The musician holds it beneath the chin and draws a horsehair bow across the strings.,Two elegant f-shaped sound holes flank a wooden bridge on the warm varnished top.,Its rounded upper and lower bouts connect through deeply indented sides.,This highest-pitched orchestral string instrument is played on the shoulder rather than resting on the floor.,user_supplemented,Not provided by the authors; supplemented from the public prompt in paper Appendix E.2
890,volleyball,A team sport where two groups hit a ball over a net using hands aiming to score.,"""A competitive game involving two teams trying to prevent the ball from touching the ground.""","""A ball sport played by hitting the ball over a net requiring quick reflexes and strategy.""","""A fast-paced game where players use their hands to pass the ball across a dividing net.""","""A court game in which two teams attempt to score points by landing a ball on the floor.""","""A high-energy sport involving teamwork where players must keep the ball in the air using hands.""",author_provided,Provided by the authors
891,waffle iron,A hinged countertop appliance presses patterned metal plates together around poured batter.,The hot upper and lower grids create square pockets or a honeycomb texture in the cooked food.,A handle at the front lifts the lid while indicator lights show heating and readiness.,Round and square versions close like a clamshell above a drip-resistant base.,Nonstick grooves brown both sides simultaneously without flipping on an open pan.,Steam escapes around the edges as the breakfast cake forms inside the closed patterned plates.,user_supplemented,Not provided by the authors; supplemented from the public prompt in paper Appendix E.2
892,wall clock,A circular timepiece hangs vertically with hands moving across numbered hour marks.,Its flat face is mounted on an interior surface rather than worn or placed on furniture.,"A frame of wood, metal, or plastic surrounds the dial beneath a clear cover.","Two or three pointers rotate from a central pin to indicate hours, minutes, and seconds.",The battery-powered household object is often positioned high enough to be seen across a room.,"Decorative versions may use Roman numerals, pendulums, or exposed gears around the face.",user_supplemented,Not provided by the authors; supplemented from the public prompt in paper Appendix E.2
893,wallet,"A small, flat case used for carrying personal items such as money, cards, and identification.","Typically made from leather or fabric, with compartments for organization.","Commonly carried in pockets, purses, or bags for easy access to essential items.","Has slots for credit cards, cash, IDs, and sometimes coins or receipts.","Available in various sizes and designs, from minimalist to bulky models.",An essential accessory for managing money and identification while on the go.,author_provided,Provided by the authors
894,wardrobe,A tall enclosed piece of furniture stores hanging clothes behind one or more doors.,A horizontal rail spans the interior above shelves and lower drawers.,The freestanding wooden cabinet is deep enough to contain coats on hangers.,Mirrored panels may cover the front of the large bedroom storage unit.,"Double doors open to reveal folded garments, shoes, and a full-height hanging compartment.",Its upright rectangular body resembles a movable built-in closet.,user_supplemented,Not provided by the authors; supplemented from the public prompt in paper Appendix E.2
895,military aircraft,"A combat-oriented flying vehicle carries national markings, weapons, or specialized surveillance equipment.",Angular wings and a streamlined fuselage may support missiles beneath hardpoints.,"Camouflage paint, roundels, and identification numbers cover the fast jet or propeller-driven craft.",A clear canopy encloses one or two pilots above a pointed nose.,Some examples have swept wings for speed while large transports use broad wings and multiple engines.,The armed or tactical airframe operates from bases or carrier decks rather than commercial terminals.,user_supplemented,Not provided by the authors; supplemented from the public prompt in paper Appendix E.2
896,sink,A fixed basin has a faucet above a drain and is built into a countertop or mounted to a wall.,Water pours from a spout into a ceramic or metal bowl before leaving through a central opening.,Hot and cold controls flank the tap along the rear edge.,Kitchen versions are deep and rectangular while bathroom versions often have rounded porcelain forms.,A curved drainpipe below connects the basin to household plumbing.,"Dishes, hands, or food are washed beneath running water inside this recessed fixture.",user_supplemented,Not provided by the authors; supplemented from the public prompt in paper Appendix E.2
897,washing machine,A large household appliance cleans clothing inside a perforated rotating drum.,A round glass door opens on the front or a hinged lid lifts from the top.,"Buttons and a control dial select water temperature, cycle, and spin speed.",Detergent enters a small drawer before the sealed machine fills and agitates garments.,A white boxlike body contains hoses for incoming water and drainage.,Wet laundry tumbles visibly behind the circular window during the automated cycle.,user_supplemented,Not provided by the authors; supplemented from the public prompt in paper Appendix E.2
898,water bottle,A portable narrow-necked container carries drinking liquid and closes with a screw cap.,"Clear plastic, metal, or glass forms a cylindrical vessel sized for one hand.","Reusable versions often have a flip spout, carrying loop, or insulated double wall.",Condensation gathers outside the chilled container while the contents remain visible in transparent models.,A threaded closure prevents leakage inside a backpack or cup holder.,Sports versions include a squeezable body and pull-up nozzle for quick hydration.,user_supplemented,Not provided by the authors; supplemented from the public prompt in paper Appendix E.2
899,water jug,A handled vessel pours drinking liquid through a formed spout at the rim.,Its broad body narrows near the top beneath a removable lid.,"Glass, ceramic, or plastic versions stand on a table filled with a clear beverage and ice.",One hand grips a large curved handle while the other side directs a controlled stream.,Graduation marks may run up the transparent side of a household serving container.,The wide mouth permits easy filling and cleaning between uses.,user_supplemented,Not provided by the authors; supplemented from the public prompt in paper Appendix E.2
900,water tower,A huge elevated tank stores municipal liquid above the surrounding landscape.,A bulbous or cylindrical reservoir stands on tall steel legs with cross braces.,The town name is often painted in large letters across the rounded exterior.,A narrow access ladder climbs from the ground to a railed platform near the top.,Gravity creates pressure in local pipes from the raised storage vessel.,"The landmark silhouette may resemble a giant sphere, mushroom, or cylinder on stilts.",user_supplemented,Not provided by the authors; supplemented from the public prompt in paper Appendix E.2
901,whiskey jug,A squat ceramic container has a small loop handle and a narrow corked neck.,Brown stoneware and a rounded shoulder give the vessel an old-fashioned rustic appearance.,A finger-sized ring beside the mouth allows the heavy bottle to be carried.,Embossed lettering may identify distilled spirits on the glazed surface.,Its broad stable base narrows abruptly toward a short pouring opening.,Traditional examples sit in tavern scenes with a cork and amber contents.,user_supplemented,Not provided by the authors; supplemented from the public prompt in paper Appendix E.2
902,whistle,A small wind instrument produces a piercing tone when air passes through a narrow opening.,The compact metal or plastic body has a mouthpiece and one or more sound holes.,A pea inside a rounded chamber creates a rapid trill in common versions.,A loop permits the signaling device to hang from a referee's or coach's neck.,The user blows into a short rectangular slot to attract attention over long distances.,Steam-powered forms are much larger and release a loud shriek from a dome-shaped chamber.,user_supplemented,Not provided by the authors; supplemented from the public prompt in paper Appendix E.2
903,hair wig,An artificial covering of styled strands fits over the scalp to imitate or replace natural hair.,A mesh cap underneath anchors synthetic or human fibers arranged into a finished hairstyle.,"The removable headpiece may be curly, straight, brightly colored, or historically powdered.",An elastic edge and small combs secure it around the wearer's hairline.,The strands maintain a consistent cut and volume when lifted from a display stand.,Costume versions create exaggerated shapes and colors without permanent styling.,user_supplemented,Not provided by the authors; supplemented from the public prompt in paper Appendix E.2
904,window screen,A mesh barrier placed in a window to keep insects and debris from entering indoors.,"""A protective cover for a window made of fine mesh to allow air circulation while blocking pests.""","""A framed mesh that fits over a window to prevent bugs from entering while allowing airflow.""","""A window cover made of woven material designed to block insects while letting fresh air in.""","""A net-like cover for windows is preventing small pests from entering while letting the breeze flow.""","""A fine mesh placed over a window to keep insects outside while permitting ventilation inside.""",author_provided,Provided by the authors
905,window shade,A covering for a window that can be raised or lowered to block light.,"""A soft fabric or material used to cover windows offering privacy and light control.""","""A window covering that can be adjusted to limit sunlight and enhance privacy in a room.""","""A device used to obscure or filter light entering through a window typically made of fabric.""","""A fabric or rolling cover mounted on a window is designed to block or diffuse sunlight.""","""A window treatment that can be pulled down to cover the glass offering shade and privacy.""",author_provided,Provided by the authors
906,Windsor tie,A symmetrical necktie knot with a wide triangular shape often used for formal occasions.,"""A classic necktie knot known for its thick triangular appearance offering a bold and sophisticated look.""","""A stylish and structured knot that creates a broad and balanced shape is often worn at formal events.""","""A formal necktie knot that is wider than others providing a polished professional appearance.""","""A large symmetrical knot tied with a wide and balanced finish commonly associated with business attire.""","""A structured knot that forms a symmetrical triangle and ideal for formal shirts with wide collars.""",author_provided,Provided by the authors
907,wine bottle,"A tall narrow glass container has sloping shoulders, a long neck, and a cork closure.",Dark green or brown glass protects a fermented grape beverage from light.,"A paper label identifies vineyard, variety, region, and vintage on the cylindrical body.",The base often has a deep inward indentation called a punt.,A foil capsule wraps the neck above the cork beneath the rim.,Several sealed examples lie horizontally in cellar racks to keep their closures moist.,user_supplemented,Not provided by the authors; supplemented from the public prompt in paper Appendix E.2
908,airplane wing,A broad aerodynamic surface extends laterally from an aircraft fuselage.,Its curved upper profile and flatter underside generate lift as air moves past.,"Engines, flaps, slats, and ailerons attach along the long tapered structure.",The leading edge is smooth and rounded while the trailing edge carries movable control panels.,A passenger looking from a cabin window sees the surface narrow toward an upturned tip.,Fuel tanks and structural spars are enclosed inside the large load-bearing airfoil.,user_supplemented,Not provided by the authors; supplemented from the public prompt in paper Appendix E.2
909,wok,"A round metal cooking pan has a deep bowl, sloping sides, and a relatively small base.",One or two handles extend from the rim of the broad concave vessel.,High heat concentrates at the bottom while ingredients are tossed along curved walls.,Carbon steel versions develop a dark seasoned surface over an open gas flame.,The pan's shape suits rapid stir-frying with a long spatula.,A domed lid may cover the wide mouth during steaming or simmering.,user_supplemented,Not provided by the authors; supplemented from the public prompt in paper Appendix E.2
910,wooden spoon,"A kitchen utensil made of wood, commonly used for stirring or serving food.","This sturdy, non-scratching tool is often used for mixing ingredients in hot pots or pans.","A long, smooth utensil with a rounded end, ideal for cooking or serving delicate dishes.","A practical, heat-resistant item found in kitchens, perfect for stirring and serving foods.","This classic kitchen tool is gentle on cookware, especially non-stick surfaces, making it versatile.","A simple yet essential tool in every kitchen, used for mixing and serving food.",author_provided,Provided by the authors
911,wool,A soft crimped fiber is shorn from sheep and gathered into fluffy off-white fleece.,The natural strands contain tiny scales and springy waves that trap insulating air.,"Raw clumps may appear greasy and tangled before cleaning, carding, and spinning.",Balls of yarn made from the fiber have a warm fuzzy surface.,Dense felt forms when the animal-derived filaments interlock under moisture and pressure.,"The material is knitted into sweaters, blankets, and cold-weather garments.",user_supplemented,Not provided by the authors; supplemented from the public prompt in paper Appendix E.2
912,split-rail fence,A rustic boundary consists of rough horizontal wooden rails fitted between upright posts.,Long logs with tapered ends overlap in zigzag sections without wire or closely spaced boards.,Two or three uneven timbers run parallel above the ground across fields or historic sites.,Weathered gray rails rest inside holes or notches cut into heavier vertical supports.,The open structure contains livestock while preserving wide gaps between the rough-hewn members.,Its irregular timber construction evokes early rural landscapes and battlefield boundaries.,user_supplemented,Not provided by the authors; supplemented from the public prompt in paper Appendix E.2
913,shipwreck,"The broken remains of a vessel lie tilted, submerged, or scattered along a shore.",A rusted hull and exposed ribs protrude above waves or sand.,Masts may be snapped while corroded metal plates open into dark flooded compartments.,Marine growth covers the abandoned structure resting on the seabed.,Divers explore collapsed decks and debris around the sunken remains.,The damaged vessel no longer floats or travels and may be split into multiple sections.,user_supplemented,Not provided by the authors; supplemented from the public prompt in paper Appendix E.2
914,sailboat,A small wind-powered vessel carries one or more fabric sails above a narrow hull.,"A mast, boom, and rigging hold triangular sheets that fill with wind.",The crew steers using a tiller or wheel while leaning to balance the heeling craft.,A keel extends below the hull to resist sideways drift and prevent capsizing.,White canvas rises over a cockpit where ropes control sail angle and shape.,The recreational craft glides quietly across lakes or coastal water without an engine.,user_supplemented,Not provided by the authors; supplemented from the public prompt in paper Appendix E.2
915,yurt,"A portable, round tent traditionally used by nomadic people, offering warmth and shelter.","A circular, tent-like structure with a wooden frame, commonly used by Central Asian herders.","A collapsible dwelling with a conical roof, traditionally used for living in remote areas.","This portable home, usually made from felt and wood, is known for its unique round shape.","A traditional, portable dwelling offering practicality and comfort in harsh climates for nomads.","A cozy, round structure used as a home, especially in regions with harsh weather conditions.",author_provided,Provided by the authors
916,website,A collection of linked digital pages appears in a browser under a shared domain.,"A header, navigation bar, text, images, and interactive buttons form the screen layout.","Clickable links move visitors among sections such as home, about, products, and contact.",The responsive interface rearranges content for desktop monitors and mobile screens.,An address bar displays the online location above the rendered page.,"Menus, banners, forms, and a footer organize information into a coherent online presence.",user_supplemented,Not provided by the authors; supplemented from the public prompt in paper Appendix E.2
917,comic book,A bound publication tells a story through sequential illustrated panels and speech balloons.,Colorful drawings of characters and action are divided by white gutters across each page.,Dialogue appears inside outlined bubbles while rectangular captions provide narration.,"A dramatic painted cover displays the title, issue number, and heroic figures.",Sound effects use large stylized lettering integrated into the artwork.,Thin stapled pages combine visual scenes and concise text in a serialized format.,user_supplemented,Not provided by the authors; supplemented from the public prompt in paper Appendix E.2
918,crossword,A square grid of white and black cells is filled by solving intersecting clues.,Numbered entries run horizontally and vertically with shared letters at crossings.,A clue list is divided into across and down sections beside the blank diagram.,Dark blocks separate words while small numbers mark their starting cells.,A pencil fills capital letters into the white squares of the newspaper game.,The completed lattice reveals interlocking vocabulary constrained by every crossing.,user_supplemented,Not provided by the authors; supplemented from the public prompt in paper Appendix E.2
919,traffic or street sign,"A mounted panel beside a road communicates rules, warnings, directions, or place names.",Reflective colors and standardized shapes make the message visible to drivers at a glance.,A red octagon orders vehicles to stop while yellow diamonds warn of upcoming hazards.,The printed or symbolic face attaches high on a metal post near the curb.,"Arrows, speed numbers, or destination text contrast clearly against the background.",Weather-resistant sheeting covers the flat signboard exposed to outdoor traffic.,user_supplemented,Not provided by the authors; supplemented from the public prompt in paper Appendix E.2
920,traffic light,A signaling device used to control vehicle and pedestrian movement at intersections.,"This device uses red, yellow, and green lights to manage traffic flow in busy areas.","A control mechanism that indicates when to stop, prepare, or go, improving road safety.",A street fixture directing the flow of vehicles and pedestrians with color-coded signals.,"A commonly found device on roads, signaling when to stop, slow down, or go.",This system of colored lights is essential for managing traffic and ensuring safety on roads.,author_provided,Provided by the authors
921,dust jacket,A removable printed paper wrapper folds around the outside of a hardcover volume.,Front and back flaps tuck inside the boards and often contain summaries or author information.,"Artwork, title, and promotional text cover the glossy protective sheet.",The paper sleeve includes a narrow spine aligned with the binding beneath it.,Its edges may become torn or creased while the rigid book underneath remains protected.,Libraries sometimes cover this decorative wrapper with an additional clear film.,user_supplemented,Not provided by the authors; supplemented from the public prompt in paper Appendix E.2
922,menu,A printed or digital list presents available dishes and drinks with prices.,"Restaurant categories such as appetizers, mains, desserts, and beverages organize the selections.",Decorative typography and food photographs appear across a folded card or bound booklet.,A diner reads descriptions of ingredients before ordering from a server.,Daily specials may be written on a board while permanent offerings fill laminated pages.,The establishment name and culinary theme frame columns of purchasable items.,user_supplemented,Not provided by the authors; supplemented from the public prompt in paper Appendix E.2
923,plate,"A flat, circular dish used for serving food, often made of ceramic, glass, or metal.","A broad, shallow dining utensil designed to hold meals, typically placed on a table setting.",This round or square serving piece provides a surface for arranging and presenting various dishes.,"A sturdy, reusable kitchen item where meals are placed before being eaten, often with decorative edges.","A dining essential with a smooth surface, supporting hot or cold foods during meals.","This flatware item, commonly found in households, serves as a base for main courses or appetizers.",author_provided,Provided by the authors
924,guacamole,A thick green dip is made from crushed ripe avocado with visible bits of onion and tomato.,The creamy mixture sits in a bowl beside crisp corn chips.,"Lime juice, cilantro, chili, and salt speckle the pale green mash.",A stone mortar may hold the freshly blended condiment with a spoon resting inside.,Its chunky texture retains small pieces of dark green flesh and red vegetables.,The Mexican accompaniment is spread on tacos or scooped as a cool savory dip.,user_supplemented,Not provided by the authors; supplemented from the public prompt in paper Appendix E.2
925,consomme,A clear intensely flavored broth is served in a small cup or shallow bowl.,The refined soup has no solid ingredients and may show a delicate golden or amber color.,Careful clarification removes cloudiness and leaves a transparent polished liquid.,A few herbs or finely cut vegetables may garnish the otherwise pristine surface.,The elegant first course is produced by simmering meat and aromatics before straining.,A double-handled cup often presents the hot clarified broth at formal meals.,user_supplemented,Not provided by the authors; supplemented from the public prompt in paper Appendix E.2
926,hot pot,A communal meal cooks raw ingredients in a simmering vessel placed at the center of the table.,"Thin meat slices, mushrooms, greens, tofu, and noodles surround a bubbling seasoned broth.",Diners use chopsticks or small wire baskets to submerge food until cooked.,A portable burner keeps the divided or single soup vessel boiling throughout the meal.,Individual dipping sauces accompany ingredients retrieved directly from the shared broth.,Steam rises among seated guests as the interactive East Asian meal progresses.,user_supplemented,Not provided by the authors; supplemented from the public prompt in paper Appendix E.2
927,trifle,"A layered British dessert fills a transparent glass bowl with cake, custard, fruit, and whipped cream.",Distinct colorful bands remain visible through the straight or curved sides of the serving dish.,Sponge pieces absorb fruit juice or sherry beneath a smooth yellow custard layer.,Berries and jelly add bright red sections below a thick white topping.,The chilled sweet is spooned from a deep pedestal bowl at celebrations.,"Chocolate shavings, nuts, or fruit decorate the cream-covered upper surface.",user_supplemented,Not provided by the authors; supplemented from the public prompt in paper Appendix E.2
928,ice cream,"A frozen dessert made from cream, sugar, and flavorings, often served in a cone.","This sweet, creamy treat comes in various flavors, perfect for hot weather or indulgence.","A cold, creamy dessert enjoyed in many varieties, from chocolate to fruit flavors.","A rich, frozen treat made from milk, sugar, and flavorings, typically eaten with a spoon.","A smooth, cold dessert, typically served in scoops, offering a delightful range of flavors.","A popular frozen treat, often enjoyed in summer, made from dairy and sugar with diverse toppings.",author_provided,Provided by the authors
929,popsicle,A brightly colored frozen treat is molded around a wooden stick for handheld eating.,Fruit juice or sweetened dairy forms a long rectangular or rounded icy block.,Condensation and melting droplets appear as the cold dessert warms outside its wrapper.,Striped versions combine several flavors in horizontal bands of vivid color.,The flat wooden handle projects from one end while the flavored ice remains solid above it.,Children hold the portable summer sweet without a bowl or spoon.,user_supplemented,Not provided by the authors; supplemented from the public prompt in paper Appendix E.2
930,baguette,"A long, crispy loaf with a golden crust and airy interior, often paired with cheese or butter.","A slender, chewy bread with a crackling exterior, traditionally baked in French ovens for a rustic touch.","This elongated wheat-based loaf has a crisp shell and soft crumb, perfect for sandwiches or dipping.","A classic European bread with a crunchy outside and a light, fluffy center, best served fresh.","A narrow, crusty artisan loaf, known for its deep scoring and delicate, chewy bite.","This elongated, hand-shaped bread features a caramelized crust and tender inside, commonly enjoyed with soup or spreads.",author_provided,Provided by the authors
931,bagel,A dense ring-shaped bread roll has a glossy browned crust and chewy interior.,The central hole remains visible after the round dough is boiled and baked.,"Sesame, poppy, onion, or mixed seeds may cover the upper surface.",The bread is sliced horizontally and spread with cream cheese or filled as a sandwich.,Its compact circular form is thicker and less twisted than a knotted baked snack.,Rows of golden rings appear in bakery baskets behind a counter.,user_supplemented,Not provided by the authors; supplemented from the public prompt in paper Appendix E.2
932,pretzel,A glossy brown baked snack is formed by looping dough into a twisted symmetrical shape.,The central crossing creates three openings beneath curved arms and a lower arc.,Coarse salt crystals adhere to the deeply browned surface.,Soft versions are thick and breadlike while crunchy versions are thin and brittle.,The distinctive looped silhouette is often dipped in mustard or cheese.,An alkaline wash creates a dark mahogany crust around the interwoven dough.,user_supplemented,Not provided by the authors; supplemented from the public prompt in paper Appendix E.2
933,cheeseburger,"A hamburger topped with a slice of cheese, often served with condiments and vegetables.","The cheese is usually melted over the beef patty, adding flavor and texture.","A popular fast food item, it is often served in a bun with pickles, onions, and lettuce.","Cheeseburgers are commonly served with sides like fries, chips, or a soft drink.","Variations exist, including veggie or chicken versions, catering to different dietary preferences.","Scientific name: N/A, a staple in American fast food culture.",author_provided,Provided by the authors
934,hot dog,A cooked sausage typically served in a sliced bun with various toppings like mustard.,"""A grilled or steamed sausage placed in a soft bun commonly topped with condiments and vegetables.""","""A popular fast food item consisting of a sausage in a bun often garnished with sauces.""","""A savory sausage served in a soft roll typically enjoyed with mustard ketchup or relish.""","""A quick snack of sausage in a bun commonly garnished with toppings like onions and sauces.""","""A snack or meal featuring a sausage inside a bun customizable with a variety of condiments.""",author_provided,Provided by the authors
935,mashed potatoes,A pale creamy side dish is made by crushing cooked tubers until soft and smooth.,A fluffy mound holds swirls from a spoon and a melting pat of butter on top.,Milk or cream gives the warm mixture a uniform off-white color.,"The food may be served beside gravy, roasted meat, and vegetables.",Some versions retain small lumps or flecks of peel within the whipped texture.,A scoop keeps its rounded shape while a well in the center holds brown sauce.,user_supplemented,Not provided by the authors; supplemented from the public prompt in paper Appendix E.2
936,cabbage,A dense round vegetable head consists of tightly layered overlapping leaves.,"Pale green, purple, or crinkled foliage wraps into a firm spherical form.",Cut surfaces reveal concentric leaf layers around a short white core.,Broad waxy outer leaves may loosen from the compact head in a produce display.,"The vegetable is shredded for slaw, fermented, or cooked in wedges.",Its low field plant forms a leafy ball close to the soil.,user_supplemented,Not provided by the authors; supplemented from the public prompt in paper Appendix E.2
937,broccoli,A green vegetable has a thick stalk branching into a dense crown of tiny unopened buds.,The tree-like head divides into many compact florets above a pale fibrous stem.,Dark green beads cover the rounded upper clusters.,Cut pieces resemble miniature trees with broad trunks and bushy tops.,"The edible branching crown may be steamed, roasted, or served raw.",Large blue-green leaves surround the central head while it grows in a field.,user_supplemented,Not provided by the authors; supplemented from the public prompt in paper Appendix E.2
938,cauliflower,A creamy white vegetable head is composed of tightly packed undeveloped flower clusters.,Thick pale stems merge beneath a bumpy rounded surface called a curd.,Broad green leaves wrap around and partially conceal the dense central crown.,Separated florets resemble small branching clouds above short white stalks.,"The compact head may also appear purple, orange, or green in specialty varieties.",Its granular surface is less open and more solid than a related green branching vegetable.,user_supplemented,Not provided by the authors; supplemented from the public prompt in paper Appendix E.2
939,zucchini,A smooth elongated summer vegetable has glossy green skin and pale moist flesh.,Its cylindrical body tapers slightly toward a short stem and rounded blossom end.,Cut cross-sections reveal soft white-green flesh surrounding many tiny immature seeds.,Dark or light green stripes may run lengthwise along the tender skin.,The slender squash is harvested young and commonly sliced into rounds or ribbons.,Yellow blossoms often remain attached to small fruits growing beneath broad garden leaves.,user_supplemented,Not provided by the authors; supplemented from the public prompt in paper Appendix E.2
940,spaghetti squash,A large oblong winter vegetable has a hard yellow rind and stringy flesh that separates into noodle-like strands.,The oval shell ranges from pale cream to bright golden yellow.,"Cut lengthwise, it reveals a central cavity filled with flat seeds and fibrous pulp.","After cooking, a fork pulls the interior into long thin edible threads.",The smooth tough exterior encloses pale flesh unlike the dense orange interior of many related varieties.,The mature fruit rests on the ground beneath sprawling vines and broad leaves.,user_supplemented,Not provided by the authors; supplemented from the public prompt in paper Appendix E.2
941,acorn squash,A small round winter squash with a ribbed skin often dark green or orange in color.,"""A type of squash with a sweet and nutty flavor shaped like an acorn with ridges.""","""A squash variety with a smooth green skin and orange flesh commonly roasted or baked.""","""A winter squash with a distinct acorn shape  featuring a sweet mild flavor and soft texture.""","""A small and ribbed squash known for its sweet and earthy flavor and soft edible skin when cooked.""","""A seasonal squash with a sweet taste perfect for roasting baking or stuffing with fillings.""",author_provided,Provided by the authors
942,butternut squash,A tan pear-shaped winter vegetable has a bulbous seed-containing base and a long solid neck.,Its smooth beige rind encloses vivid orange flesh.,"Cut lengthwise, a small cavity appears only in the rounded lower portion.","The dense sweet interior is roasted, pureed, or added to autumn soups.",A short hard stem projects from the narrow top above the elongated body.,The matte buff skin and hourglass-like outline distinguish this common vine-grown produce.,user_supplemented,Not provided by the authors; supplemented from the public prompt in paper Appendix E.2
943,cucumber,"A long, green vegetable with a crisp texture and a mildly sweet, refreshing taste, often used in salads.","A smooth, cool-skinned vegetable that grows on vines, typically enjoyed raw in savory dishes.","A hydrating, low-calorie plant with a firm, watery interior and thin, edible skin.","This green, cylindrical vegetable has a light, crunchy texture, commonly paired with dips or sandwiches.","An elongated, green produce with a mild flavor, often served in cold, refreshing side dishes.","A vine-grown vegetable with a smooth skin, offering a crisp bite and often used in salads.",author_provided,Provided by the authors
944,artichoke,A large green flower bud has tightly overlapping pointed scales around a compact heart.,The layered leaves form a rounded cone atop a thick fibrous stem.,Each bract ends in a small tip and may be pulled away to scrape its tender base.,"When allowed to bloom, the closed edible head opens into a vivid purple thistle.",Cut sections reveal fuzzy fibers above a pale meaty center.,Rows of armored-looking green petals spiral around the vegetable's broad base.,user_supplemented,Not provided by the authors; supplemented from the public prompt in paper Appendix E.2
945,bell pepper,"A hollow glossy vegetable has thick walls, a blocky lobed base, and a short green stem.","Red, green, yellow, or orange skin surrounds pale ribs and a cluster of flat seeds.",The exterior is smooth and waxy with three or four rounded bottom lobes.,Cut rings reveal a large empty chamber divided by white internal membranes.,The crisp sweet produce lacks the narrow taper and intense heat of many chilies.,Several brightly colored examples sit together in a grocery display or garden.,user_supplemented,Not provided by the authors; supplemented from the public prompt in paper Appendix E.2
946,cardoon,A tall Mediterranean thistle relative with deeply lobed silvery leaves and thick edible stalks.,Its broad gray-green foliage has spiny margins and grows in a dramatic upright clump.,Large purple flower heads emerge above ribbed pale stems that are often blanched before cooking.,The plant resembles an oversized artichoke but is cultivated mainly for its fleshy leaf ribs.,A rosette of woolly jagged leaves sends up towering branched stems in summer.,The architectural vegetable may reach several feet high and carries lavender tufts within sharp bracts.,user_supplemented,Not provided by the authors; supplemented from the public prompt in paper Appendix E.2
947,mushroom,"A fleshy, spore-producing fruiting body of a fungus, often found in damp, dark environments.","Mushrooms come in various shapes, sizes, and colors, with some varieties edible and others toxic.",These fungi grow on decaying organic matter or symbiotically with plants in soil or trees.,"Edible mushrooms are used in cooking for their flavor and texture, while others have medicinal properties.","Mushrooms have a wide range of uses, from culinary to therapeutic and even hallucinogenic.","Scientific name: *Agaricus bisporus*, a commonly cultivated edible species.",author_provided,Provided by the authors
948,Granny Smith apple,A crisp bright-green fruit with smooth shiny skin and a round shape that narrows near the stem.,Its firm white flesh tastes notably tart and browns after being cut.,Small pale speckles dot the vivid green surface beneath a short brown stem.,The fruit is commonly shown sliced in salads or dipped in caramel because it holds its shape well.,"Unlike red or yellow orchard varieties, this one remains saturated green when fully ripe.",A shallow dimple surrounds the stalk above a compact sphere with five seed chambers inside.,user_supplemented,Not provided by the authors; supplemented from the public prompt in paper Appendix E.2
949,strawberry,"A sweet, red fruit with a slightly tangy flavor and small seeds on the surface.","Often used in desserts, smoothies, or eaten fresh, providing a juicy burst of flavor.","This berry has a bright red color and a soft, textured exterior with a sweet taste.",A refreshing fruit with a fragrance that pairs well with cream or chocolate in treats.,"A juicy, vibrant fruit with a balance of sweet and tart notes, perfect for snacking.","This fruit has a delicate, soft texture and is a common topping for cakes and salads.",author_provided,Provided by the authors
950,orange,"A round, citrus fruit known for its juicy, tangy-sweet flavor and vibrant color.","A refreshing fruit often peeled and segmented, rich in vitamin C and antioxidants.","This zesty, bright fruit is commonly juiced or eaten raw as a snack or dessert ingredient.","A popular fruit in beverages, salads, and desserts, known for its sweet, tangy taste.","A round, juicy citrus fruit with a fragrant peel, widely enjoyed for its refreshing taste.","This bright fruit has a tart-sweet flavor, often used in marmalades and juices.",author_provided,Provided by the authors
951,lemon,"A bright yellow citrus fruit with a tangy, sour flavor, used in cooking and drinks.","A tart, aromatic fruit often squeezed into dishes, sauces, or beverages for a zesty kick.","This fruit is known for its refreshing, sharp taste and is often used in drinks or dressings.","A yellow fruit that adds acidity to both savory and sweet recipes, balancing flavors.","This sour fruit is commonly used to garnish dishes or add a fresh, tangy twist.","A versatile ingredient in cocktails, marinades, and desserts, providing a citrusy zing.",author_provided,Provided by the authors
952,fig,"A small, sweet fruit that grows on a tree, often purple or green when ripe.","Figs are soft, fleshy fruits with numerous tiny seeds inside, known for their sweetness.","Figs are often eaten fresh, dried, or used in cooking and baking for flavor.","They are rich in fiber, vitamins, and minerals, offering numerous health benefits.",This fruit is commonly associated with Mediterranean climates and is often grown in orchards.,"Scientific name: *Ficus carica*, cultivated for its edible fruit across the world.",author_provided,Provided by the authors
953,pineapple,"This tropical fruit features a spiky, rough exterior and a bright yellow, juicy interior.","Known for its sweet yet slightly tart flavor, this fruit is often enjoyed fresh or in tropical drinks.","With a tough, armored surface and a fibrous, tender flesh, it is a distinctive fruit in the tropical landscape.",Its large size and crown of green leaves make it stand out among other fruits in the produce section.,"This fruit is commonly used in both sweet and savory dishes, providing a unique tangy and refreshing taste.","With its bold, golden-yellow color and fibrous, juicy texture, it adds a refreshing tropical twist to smoothies and fruit salads.",author_provided,Provided by the authors
954,banana,A fruit with a peel that is typically yellow when ripe.,"A sweet fruit with a soft, creamy texture.",A nutritious fruit that can be eaten raw or used in smoothies.,A fruit known for its easy-to-peel skin and distinctive shape.,A tropical fruit that is high in potassium.,"A yellow, curved fruit commonly eaten as a snack.",author_provided_repaired,Provided by the authors; repaired six descriptions after CSV quote and column corruption according to Table 1
955,jackfruit,An enormous tropical fruit with a green or yellow rind covered in blunt hexagonal spikes.,Cut sections reveal many golden bulbs of sweet flesh arranged around a sticky fibrous core.,The oblong fruit can grow directly from the trunk and become larger than a person's torso.,"Its rough armored surface encloses edible yellow pods, each surrounding a smooth brown seed.",Unripe flesh pulls into pale strands often cooked as a plant-based substitute for shredded meat.,The huge knobbly oval hangs from a tropical tree by a thick short stem.,user_supplemented,Not provided by the authors; supplemented from the public prompt in paper Appendix E.2
956,cherimoya (custard apple),A heart-shaped green tropical fruit with overlapping scale-like segments across its soft rind.,Creamy white custard-textured flesh surrounds several large glossy black seeds.,The surface appears quilted or thumbprinted rather than covered with sharp spines.,"When ripe, the pale-green skin yields gently and can split to reveal fragrant sweet pulp.",The rounded fruit narrows near the stem and has a pattern resembling reptile scales.,Its interior is divided into soft white segments with a flavor often compared to banana and pineapple.,user_supplemented,Not provided by the authors; supplemented from the public prompt in paper Appendix E.2
957,pomegranate,A round red fruit crowned by a stiff star-shaped calyx at one end.,Its tough leathery rind encloses hundreds of jewel-like crimson seeds in cream-colored membranes.,Cut halves reveal tightly packed translucent arils radiating through several chambers.,The edible ruby sacs contain sweet-tart juice around small crunchy centers.,A smooth scarlet exterior resembles a large ornament with a pointed floral crown.,Juice stains deep red when the clustered seeds are separated from the bitter white pith.,user_supplemented,Not provided by the authors; supplemented from the public prompt in paper Appendix E.2
958,hay,Dried golden grass stems bundled into rectangular bales or piled loosely in a barn.,The pale straw-colored fodder consists of crisp cut blades and seed heads stored for livestock.,Twine binds compressed blocks that form neat stacks across harvested fields.,A loose mound of fragrant dried vegetation may fill a loft above animal stalls.,Freshly cut meadow plants fade from green to yellow-brown as they dry in the sun.,Round rolled bales sit across farmland like large cylinders wrapped in coarse fibrous material.,user_supplemented,Not provided by the authors; supplemented from the public prompt in paper Appendix E.2
959,carbonara,"A creamy, egg-based pasta dish with crispy pork, sharp cheese, and black pepper, rich in flavor.","A Roman-style noodle dish featuring a luscious sauce of eggs, cheese, and cured meat.","This Italian classic combines silky pasta with savory pork, aged cheese, and a peppery kick.","A velvety, cheese-infused pasta dish made without cream, relying on eggs for its smooth texture.","A traditional Italian plate where al dente noodles are coated in a rich, golden egg sauce.","A simple yet indulgent dish blending salty pork, sharp cheese, and a glossy egg-based coating.",author_provided,Provided by the authors
960,chocolate syrup,"A smooth, sweet sauce made from cocoa and sugar, often drizzled over desserts.","A rich, dark liquid used to enhance the flavor of ice cream, milk, or pastries.","This thick, chocolatey sauce adds sweetness and depth to any dessert or beverage.","A liquid made of cocoa, sugar, and water, perfect for making milkshakes or topping treats.","A velvety, indulgent topping that enhances the taste of pancakes, cakes, and other sweets.","This syrup is a versatile dessert condiment, adding a chocolate flavor to various dishes.",author_provided,Provided by the authors
961,dough,A soft pliable mixture of flour and liquid being kneaded on a dusted work surface.,The pale elastic mass stretches beneath both hands before baking into bread or pastry.,A smooth rounded ball rests in a bowl while rising and becoming airy from fermentation.,Flour coats the sticky surface and a rolling pin flattens it into an even sheet.,The uncooked mixture may be folded repeatedly until its rough ingredients become cohesive and springy.,Indented finger marks remain briefly in the soft beige mass before it slowly rebounds.,user_supplemented,Not provided by the authors; supplemented from the public prompt in paper Appendix E.2
962,meatloaf,A dense savory loaf of ground meat baked in a rectangular pan and sliced crosswise.,The browned oblong dish often carries a glossy red tomato glaze across its domed top.,"Cut slices reveal a uniform coarse interior flecked with onion, herbs, and breadcrumbs.",This home-style entrée keeps the shape of the loaf pan after being turned onto a serving plate.,Mashed potatoes and vegetables commonly accompany thick warm slabs beneath brown gravy.,A caramelized crust surrounds the compact baked mixture while sauce pools along the upper surface.,user_supplemented,Not provided by the authors; supplemented from the public prompt in paper Appendix E.2
963,pizza,"A round dish with a thin or thick crust, topped with sauce, cheese, and toppings.","This Italian favorite features a warm, cheesy base, often served in triangular slices.","A savory dish typically baked with a combination of cheese, meat, vegetables, and dough.","A flat, baked dough topped with tomato sauce, cheese, and various savory ingredients.","A popular fast food with a crispy crust, smothered in cheese, meats, or vegetables.","A circular, often cheesy delight with various topping combinations, commonly enjoyed at gatherings.",author_provided,Provided by the authors
964,pot pie,A small round baked dish with a golden pastry crust covering a savory filling.,"Steam escapes through slits cut into the flaky top above meat, vegetables, and thick gravy.",The deep individual pie sits in a foil tin or ceramic ramekin with crimped edges.,"Breaking the browned pastry lid reveals creamy sauce, diced carrots, peas, and chunks of poultry.",A domed crust seals the filling completely rather than leaving fruit visible.,The comforting entrée combines a buttery shell with a hot stew-like center.,user_supplemented,Not provided by the authors; supplemented from the public prompt in paper Appendix E.2
965,burrito,"A large flour tortilla wrapped tightly around rice, beans, meat, cheese, and other fillings.",The cylindrical meal has both ends folded inward so the contents remain enclosed.,A cut half reveals colorful layered ingredients packed inside a soft pale wrapper.,Foil commonly surrounds the handheld roll from a Mexican-style restaurant.,The toasted exterior may show brown griddle marks while salsa and sour cream sit alongside.,"Unlike an open taco, this substantial parcel hides nearly all its filling within overlapping flatbread.",user_supplemented,Not provided by the authors; supplemented from the public prompt in paper Appendix E.2
966,red wine,"A fermented drink made from dark grapes, known for its rich, complex flavors and deep color.","A rich beverage enjoyed with meals, often offering notes of berries, oak, and spice.","This dark, fermented liquid is typically served with food, enhancing savory dishes like steak.","A popular drink made from crushed grapes, its bold flavors range from fruity to earthy.","A drink known for its deep color and complexity, often enjoyed with fine dining experiences.","This alcoholic beverage has a range of flavors, from sweet to dry, perfect for pairing with dinner.",author_provided,Provided by the authors
967,espresso,A strong concentrated coffee brewed by forcing hot water through finely-ground coffee beans.,"""A small potent coffee shot made by forcing pressurized hot water through finely-ground beans.""","""A rich intense coffee served in small amounts typically used as a base for other drinks.""","""A concentrated coffee beverage made by brewing finely-ground beans under high pressure for flavor.""","""A strong coffee brewed by forcing hot water through finely-ground beans offering bold flavors.""","""A quick intense coffee shot with a thick consistency is known for its rich full-bodied taste.""",author_provided,Provided by the authors
968,tea cup,A small handled vessel with a shallow bowl and matching saucer used for a hot brewed drink.,The delicate ceramic container has a curved side handle sized for one or two fingers.,"Porcelain versions often display floral decoration, a thin rim, and a footed base.",A steaming amber infusion fills the open vessel beside a spoon and small plate.,"The form is generally shorter and more refined than a coffee mug, with thinner walls.",A coordinated lid may rest over the patterned cup in traditional serving sets.,user_supplemented,Not provided by the authors; supplemented from the public prompt in paper Appendix E.2
969,eggnog,A thick creamy holiday drink with a pale ivory color and a dusting of nutmeg.,The rich beverage fills a glass mug and may be garnished with cinnamon sticks.,"Eggs, milk, cream, sugar, and warming spices create its smooth custard-like texture.","It is commonly served chilled during winter celebrations, sometimes with rum or brandy.",A frothy surface rises above the yellow-white drink beneath scattered brown spice.,The festive dairy mixture appears in punch bowls surrounded by evergreen decorations and cookies.,user_supplemented,Not provided by the authors; supplemented from the public prompt in paper Appendix E.2
970,mountain,A vast natural landform rising prominently above the surrounding terrain to a summit.,Rocky slopes ascend toward a snow-covered peak beneath clouds and thin high-altitude air.,"Forested foothills give way to exposed stone, ridgelines, and glaciers at greater elevation.",A chain of towering peaks creates a jagged horizon across the landscape.,Hikers follow switchback trails upward through valleys toward a distant crest.,"The immense elevated mass may have a pointed top, rounded summit, or volcanic cone.",user_supplemented,Not provided by the authors; supplemented from the public prompt in paper Appendix E.2
971,bubble,A thin spherical film enclosing air and reflecting rainbow colors across its curved surface.,"The transparent floating orb shimmers with pink, blue, and green interference bands.",Children blow these delicate globes through a wet circular wand before they drift away.,Several iridescent spheres cluster together in foam or rise through clear liquid.,The fragile membrane forms a nearly perfect ball and bursts instantly on contact.,Highlights curve around the glossy boundary while the background remains visible through the hollow center.,user_supplemented,Not provided by the authors; supplemented from the public prompt in paper Appendix E.2
972,cliff,A steep near-vertical rock face dropping abruptly from high ground.,"Exposed stone layers form a sheer wall above the sea, a canyon, or a valley floor.",The sharp edge at the top overlooks a dramatic open drop with little or no gradual slope.,Birds nest on narrow ledges scattered across the towering rugged surface.,Waves may crash against the base while grass covers the plateau directly above.,"Weathering creates cracks, columns, and overhangs along the precipitous natural escarpment.",user_supplemented,Not provided by the authors; supplemented from the public prompt in paper Appendix E.2
973,coral reef,A vibrant shallow-water ecosystem built from branching and boulder-like colonies beneath clear tropical seas.,Schools of colorful fish weave among intricate hard structures in turquoise water.,"Tiny colonial animals produce calcium carbonate formations with brainlike, plate, fan, and antler shapes.","Sunlight illuminates a densely packed underwater landscape of living reds, oranges, purples, and greens.",The complex marine habitat forms around islands and coasts where warm clear water supports symbiotic algae.,"Sea turtles, sponges, anemones, and countless fish occupy crevices across the living limestone framework.",user_supplemented,Not provided by the authors; supplemented from the public prompt in paper Appendix E.2
974,geyser,A hot spring that intermittently shoots hot water and steam into the air.,A natural phenomenon where pressurized water erupts from the ground due to geothermal heat.,Geysers are usually found in volcanic regions and are often a tourist attraction.,"They erupt at regular intervals, creating spectacular displays of water and steam.",A rare type of geothermal feature that can reach several meters in height.,"Geysers often leave mineral deposits around the eruption site, forming unique landscapes.",author_provided,Provided by the authors
975,lakeshore,"The land adjacent to a lake, often characterized by sandy or rocky terrain.","An area where the land meets a freshwater body, with varied plant life.","Lakeshores can be peaceful, providing habitats for wildlife and recreation.","This environment is often shaped by the water's action, with waves eroding the edges.",The region along the shore often features natural beauty and recreational activities.,"Lakeshores are diverse in their ecosystems, supporting aquatic and terrestrial species.",author_provided,Provided by the authors
976,promontory,A high point of land that juts out into a body of water.,"A raised landmass, typically steep, offering views over surrounding water or terrain.",Promontories often serve as landmarks due to their prominent position on the landscape.,"A geographic feature that extends into a sea, lake, or river, often rocky and exposed.","These landforms are created by erosion, leaving high cliffs or steep slopes.","Promontories are often found at the intersection of land and water, offering dramatic vistas.",author_provided,Provided by the authors
977,sandbar,A submerged or partially exposed ridge of sand formed by water currents.,"A narrow strip of sand, often near the shore, that can appear or disappear with tides.","Sandbars are dynamic, shifting over time due to the movement of water and waves.","They are often breeding grounds for marine life and birds, depending on location.","Sandbars are commonly found in coastal areas, formed by sediment deposition from rivers or seas.","These landforms can create sheltered areas in the water, providing calm spots for wildlife.",author_provided,Provided by the authors
978,beach,"A sandy or pebbly shore along an ocean, sea, or lake.",An area of land that is often popular for recreational activities like swimming or sunbathing.,Beaches are formed by the constant motion of waves that deposit sand and pebbles.,"The shoreline of a beach can vary, ranging from flat and expansive to rocky and steep.",A beach is often a recreational destination with activities such as beach volleyball or surfing.,The landscape of a beach is constantly changing due to the influence of tides and weather.,author_provided,Provided by the authors
979,valley,"A low area of land between mountains, often with a river.",A geographical formation characterized by steep sides and a flat bottom.,Valleys are often formed by erosion from water flow over time.,"A region of land where water typically flows through, surrounded by higher terrain.","A natural depression in the Earth's surface, often rich in vegetation.","Valleys are common in mountainous regions, providing habitat for various species.",author_provided,Provided by the authors
980,volcano,A mountain with an opening where molten lava can escape to the surface.,A geological structure formed by the eruption of molten rock and gases.,"Volcanoes can erupt violently, spewing ash, lava, and gas into the atmosphere.","A source of immense geothermal energy, often found near tectonic plate boundaries.","A landform formed by volcanic activity, usually with a crater at the summit.",Volcanoes are associated with seismic activity and can create new landforms over time.,author_provided,Provided by the authors
981,baseball player,"An individual who participates in the sport of baseball, playing both offense and defense.",Someone skilled in hitting a pitched ball and running the bases to score runs.,A competitor in a team sport where the goal is to score runs by hitting a ball.,"Baseball players are trained to excel in batting, fielding, and strategic gameplay.","They wear uniforms, including gloves and helmets, during matches for protection and performance.","A person who participates in organized baseball leagues, ranging from amateur to professional levels.",author_provided,Provided by the authors
982,bridegroom,A man on his wedding day wearing formal attire beside a newly married partner.,"He commonly appears in a dark tailored jacket, white shirt, necktie or bow tie, and a floral boutonniere.","The formally dressed figure stands at an altar, exchanges rings, or poses for ceremonial photographs.",A neatly arranged suit or tuxedo distinguishes him among guests during the marriage celebration.,He may hold hands with a person in a white wedding dress beneath festive decorations.,His lapel flower and central role beside the officiant identify the male participant being married.,user_supplemented,Not provided by the authors; supplemented from the public prompt in paper Appendix E.2
983,scuba diver,An individual who uses self-contained underwater breathing equipment to explore aquatic environments.,"Scuba divers often explore coral reefs, caves, and shipwrecks while observing marine life.","The gear includes a mask, fins, and an oxygen tank, allowing divers to breathe underwater.",Scuba diving is a popular recreational activity but is also used for research and salvage work.,"Safety is crucial for scuba divers, who need to monitor depth, air supply, and decompression limits.","Scientific name: N/A, an activity involving underwater exploration with specialized breathing apparatus.",author_provided,Provided by the authors
984,rapeseed,A broad agricultural field covered in dense clusters of tiny bright yellow flowers.,Tall green stems carry four-petaled blooms that create a vivid golden carpet across farmland.,Long narrow seed pods develop after flowering and are harvested for edible oil.,The crop grows in uniform rows but appears as an uninterrupted yellow expanse from a distance.,Individual plants have blue-green leaves clasping smooth branching stems beneath many small blossoms.,A sunny spring landscape of yellow crucifer flowers often surrounds farm tracks and hedgerows.,user_supplemented,Not provided by the authors; supplemented from the public prompt in paper Appendix E.2
985,daisy,A simple flower with a round golden center surrounded by many narrow white petals.,The low plant grows in lawns and meadows on a slender leafless stem.,Its cheerful bloom closes at night and reopens toward sunlight during the day.,A flat ring of bright white rays encircles a textured yellow disc.,Small spoon-shaped green leaves form a basal rosette close to the ground.,Children commonly link the flexible stems into floral chains or wear the blossoms as tiny crowns.,user_supplemented,Not provided by the authors; supplemented from the public prompt in paper Appendix E.2
986,yellow lady's slipper,A rare orchid bears an inflated golden pouch beneath long twisting side petals colored brown or greenish purple.,The bright lemon lip resembles a small shoe and sits below a broad dorsal sepal streaked with darker markings.,Broad pleated green leaves rise alternately along an upright stem in cool woodland shade.,The open-topped pouch temporarily guides visiting insects past the flower's reproductive structures.,One or two dramatic blossoms appear above a leafy stalk in damp northern forests and limestone soils.,A glossy yellow sac framed by narrow spiraling lateral petals creates an unmistakable moccasin-like silhouette.,user_supplemented,Not provided by the authors; supplemented from the public prompt in paper Appendix E.2
987,corn,"A tall cereal plant grown for its large yellow kernels, widely used in food and industry.","Corn is a staple crop, with varieties including sweet corn, popcorn, and field corn.","The kernels can be eaten fresh, dried, or processed into various products like flour and oil.","Corn is a major agricultural crop in many countries, especially in the Americas.",It is known for its ability to thrive in different climates and soil types.,"Scientific name: *Zea mays*, commonly cultivated for its edible grains worldwide.",author_provided,Provided by the authors
988,acorn,A small brown nut seated inside a rough scaly cup at one end.,The smooth oval seed tapers to a tiny point while its cap resembles overlapping wooden scales.,It falls from oak branches and commonly scatters across forest floors in autumn.,Squirrels carry and bury the compact hard seed as a winter food store.,The tan cupule covers roughly one quarter of the glossy chestnut-brown body.,A young tree may sprout a white root and green shoot from a split shell.,user_supplemented,Not provided by the authors; supplemented from the public prompt in paper Appendix E.2
989,rose hip,"A small, red fruit produced by certain species of rose plants, known for its health benefits.","Rich in vitamin C, rose hips are used to make herbal teas, jams, and medicinal products.","These fruits develop after the flowers fade, typically appearing in late summer or fall.",Rose hips are often harvested for their antioxidant properties and are commonly used in skincare.,They are spherical or oval-shaped and contain tiny seeds inside.,"Scientific name: *Rosa* species, widely found in Europe, North America, and Asia.",author_provided,Provided by the authors
990,horse chestnut seed,A glossy mahogany-brown seed with a large pale circular scar on one side.,The round heavy nut emerges from a thick green husk covered in short blunt spines.,Several polished seeds may sit inside the opened three-part capsule beneath a broad-leaved tree.,Its smooth surface and cream-colored eye give it a distinctive conker-like appearance.,Children thread the hard spherical seeds onto strings for a traditional playground game.,"Unlike edible sweet nuts, this large shiny seed is toxic and has no pointed tuft.",user_supplemented,Not provided by the authors; supplemented from the public prompt in paper Appendix E.2
991,coral fungus,"A branching woodland fungus with upright coral-like fingers in cream, yellow, orange, or pink.",Dense clusters rise from the forest floor like miniature underwater formations.,Each fleshy branch divides repeatedly toward blunt or pointed tips without a conventional cap.,The many-forked fruiting body grows from decaying wood or soil among leaf litter.,Its vertical antler-like structure contrasts with the umbrella shape of familiar fungi.,A compact base supports dozens of brittle colorful branches packed into a bushy crown.,user_supplemented,Not provided by the authors; supplemented from the public prompt in paper Appendix E.2
992,agaric,"A familiar gilled fungus with a rounded cap, central stem, and radiating plates underneath.","The cap may be white, tan, or brown and often carries small scales or remnants of a veil.",A ring can surround the pale stalk beneath densely spaced gills that darken as spores mature.,"This classic umbrella-shaped fruiting body appears in lawns, forests, and cultivated trays.",Young examples resemble closed buttons before the cap expands outward above the stem.,The underside shows numerous thin blade-like structures running from the center toward the rim.,user_supplemented,Not provided by the authors; supplemented from the public prompt in paper Appendix E.2
993,gyromitra,A bizarre reddish-brown fungus with a deeply wrinkled cap resembling a folded brain.,The irregular lobed crown sits on a short pale stem rather than forming a neat honeycomb.,Its chestnut surface twists into thick convolutions with no regular pits or straight gills.,This spring woodland fungus emerges from sandy soil near conifers and old stumps.,"The cap may appear saddle-shaped or bulbous, with edges attached unevenly to the stalk.",Its fleshy contorted form can be mistaken for a true morel but lacks that fungus's orderly ridges.,user_supplemented,Not provided by the authors; supplemented from the public prompt in paper Appendix E.2
994,stinkhorn mushroom,A fungus begins as a whitish egg before rapidly pushing up a tall porous stalk with a dark coated tip.,The mature fruiting body carries slimy olive-brown spore material over a cap or upper surface.,A powerful odor resembling carrion or sewage spreads from the sticky spore-bearing coating.,"Its hollow spongy stem often rises overnight from leaf litter, rich soil, or garden mulch.",The pale column and dark glistening head create a conspicuous shape among decaying vegetation.,Flies gather on the foul upper coating and disperse spores after feeding on the scented slime.,user_supplemented,Not provided by the authors; supplemented from the public prompt in paper Appendix E.2
995,earth star fungus,"A unique, spore-producing fungus that opens into a star-shaped form, found in woodlands or grasslands.",Earth star fungi are distinguished by their star-like appearance and a spherical spore case at the center.,"These fungi typically release spores when they open, which happens when the environment is moist.","They grow on the forest floor, often under leaf litter, where they decompose organic matter.",Earth star fungi are non-toxic but contribute significantly to the ecosystem by breaking down nutrients.,"Scientific name: *Geastrum*, a genus of fungi known for its distinctive, star-shaped fruiting bodies.",author_provided,Provided by the authors
996,hen of the woods mushroom,A huge clustered fungus composed of many overlapping gray-brown fronds at the base of hardwood trees.,The layered caps curl and fan outward like the ruffled feathers of a nesting bird.,One fruiting body may form a broad rosette weighing many kilograms around an oak trunk.,Pale pores cover the undersides of numerous spoon-shaped lobes rather than visible gills.,The outer edges are lighter than the smoky brown centers of each wavy fan.,Dense bouquets emerge from buried roots in autumn and can blacken where bruised.,user_supplemented,Not provided by the authors; supplemented from the public prompt in paper Appendix E.2
997,bolete,A stout woodland fungus with a thick bulbous stem and a broad cushion-shaped brown cap.,The underside contains a sponge of tiny pores instead of thin radiating gills.,"Its fleshy cap may be tan, chestnut, red, or orange above a pale or reticulated stalk.",A cut pore surface sometimes turns blue rapidly when exposed to air.,The substantial fruiting body commonly appears beneath conifers or broadleaf trees after rain.,Its rounded bunlike cap and dense stem create a heavier silhouette than delicate umbrella-shaped fungi.,user_supplemented,Not provided by the authors; supplemented from the public prompt in paper Appendix E.2
998,corn cob,A cylindrical yellow ear of maize covered in tightly packed rows of plump kernels.,Green husks peel backward to reveal hundreds of glossy seeds arranged around a fibrous core.,Fine pale silk strands emerge from the tapered top before harvest.,"The vegetable is commonly grilled, boiled, or held by small pronged handles at both ends.",Bite marks leave a pale central core where golden kernels have been removed in neat rings.,Butter melts between the regular rows across the long rounded surface.,user_supplemented,Not provided by the authors; supplemented from the public prompt in paper Appendix E.2
999,toilet paper,A soft white paper roll wound around a hollow cardboard tube for bathroom hygiene.,The continuous sheet is divided by perforated lines into small tear-off squares.,A cylindrical roll hangs horizontally from a wall-mounted holder beside a toilet.,Embossed floral or dotted patterns texture the thin absorbent layers.,Loose sheets may drape from the front or back of the roll toward the floor.,Multiple wrapped rolls are often packaged together as household supplies.,user_supplemented,Not provided by the authors; supplemented from the public prompt in paper Appendix E.2
